# Blender 4.5.4 LTS
# www.blender.org
mtllib high_ball.mtl
o Icosphere
v 0.000000 -0.930305 -0.000000
v 0.673174 -0.416049 0.489085
v -0.257126 -0.416049 0.791362
v -0.832088 -0.416047 -0.000000
v -0.257126 -0.416049 -0.791362
v 0.673174 -0.416049 -0.489085
v 0.257126 0.416049 0.791362
v -0.673174 0.416049 0.489085
v -0.673174 0.416049 -0.489085
v 0.257126 0.416049 -0.791362
v 0.832088 0.416047 0.000000
v -0.000000 0.930305 0.000000
v -0.150250 -0.786741 0.462429
v 0.393367 -0.786741 0.285795
v 0.243117 -0.486235 0.748227
v 0.786735 -0.486234 -0.000000
v 0.393367 -0.786741 -0.285795
v -0.486229 -0.786739 0.000000
v -0.636482 -0.486234 0.462430
v -0.150250 -0.786741 -0.462429
v -0.636482 -0.486234 -0.462430
v 0.243117 -0.486235 -0.748227
v 0.879599 -0.000000 0.285796
v 0.879599 -0.000000 -0.285796
v 0.000000 -0.000000 0.924864
v 0.543622 -0.000000 0.748230
v -0.879599 0.000000 0.285796
v -0.543622 0.000000 0.748230
v -0.543622 0.000000 -0.748230
v -0.879599 0.000000 -0.285796
v 0.543622 -0.000000 -0.748230
v -0.000000 0.000000 -0.924864
v 0.636482 0.486234 0.462430
v -0.243117 0.486235 0.748227
v -0.786735 0.486234 -0.000000
v -0.243117 0.486235 -0.748227
v 0.636482 0.486234 -0.462430
v 0.150250 0.786741 0.462429
v 0.486229 0.786739 -0.000000
v -0.393367 0.786741 0.285795
v -0.393367 0.786741 -0.285795
v 0.150250 0.786741 -0.462429
v -0.125572 -0.831422 0.386474
v -0.107196 -0.859530 0.329918
v -0.090294 -0.881362 0.277899
v -0.073931 -0.898430 0.227539
v -0.057462 -0.911543 0.176853
v -0.040420 -0.921135 0.124401
v -0.022221 -0.927479 0.068390
v 0.454594 -0.735291 0.330279
v 0.496449 -0.694674 0.360688
v 0.532037 -0.655515 0.386543
v 0.563546 -0.615787 0.409436
v 0.592317 -0.573982 0.430339
v 0.619213 -0.528944 0.449880
v 0.645111 -0.479104 0.468696
v 0.155120 -0.484144 0.773261
v 0.091024 -0.480278 0.787511
v 0.033181 -0.474924 0.797197
v -0.021694 -0.467922 0.803114
v -0.075800 -0.459056 0.805611
v -0.130691 -0.448102 0.804811
v -0.188230 -0.434661 0.800640
v 0.783351 -0.484143 0.091425
v 0.777097 -0.480278 0.156788
v 0.768434 -0.474923 0.214793
v 0.757104 -0.467921 0.268809
v 0.742758 -0.459055 0.321038
v 0.725036 -0.448102 0.372995
v 0.703288 -0.434661 0.426429
v 0.454594 -0.735291 -0.330278
v 0.496449 -0.694674 -0.360688
v 0.532037 -0.655515 -0.386543
v 0.563546 -0.615787 -0.409436
v 0.592317 -0.573982 -0.430339
v 0.619213 -0.528944 -0.449880
v 0.645111 -0.479104 -0.468696
v -0.406365 -0.831420 -0.000000
v -0.346898 -0.859529 -0.000000
v -0.292202 -0.881361 -0.000000
v -0.239250 -0.898430 0.000000
v -0.185955 -0.911542 -0.000000
v -0.130804 -0.921135 -0.000000
v -0.071910 -0.927479 -0.000000
v -0.687484 -0.484142 0.386475
v -0.720843 -0.480277 0.329919
v -0.747930 -0.474922 0.277900
v -0.770514 -0.467920 0.227540
v -0.789608 -0.459053 0.176853
v -0.805809 -0.448100 0.124402
v -0.819622 -0.434658 0.068390
v -0.125572 -0.831422 -0.386474
v -0.107196 -0.859530 -0.329918
v -0.090294 -0.881362 -0.277899
v -0.073931 -0.898431 -0.227539
v -0.057462 -0.911543 -0.176853
v -0.040420 -0.921135 -0.124402
v -0.022221 -0.927479 -0.068390
v -0.580005 -0.484143 -0.534406
v -0.536525 -0.480278 -0.583610
v -0.495421 -0.474924 -0.625445
v -0.454504 -0.467922 -0.662487
v -0.412198 -0.459055 -0.696309
v -0.367320 -0.448102 -0.727926
v -0.318318 -0.434661 -0.758372
v 0.329023 -0.484144 -0.716756
v 0.389254 -0.480278 -0.690609
v 0.441743 -0.474924 -0.664445
v 0.489615 -0.467922 -0.636978
v 0.534855 -0.459055 -0.607194
v 0.578793 -0.448102 -0.574283
v 0.622890 -0.434661 -0.537087
v 0.860962 -0.077773 0.330280
v 0.843351 -0.133375 0.360689
v 0.824242 -0.182718 0.386544
v 0.802799 -0.228668 0.409437
v 0.778274 -0.273098 0.430340
v 0.750018 -0.317296 0.449880
v 0.717022 -0.362750 0.468697
v 0.890669 0.077772 -0.238854
v 0.894295 0.133374 -0.203901
v 0.894033 0.182717 -0.171751
v 0.890141 0.228667 -0.140627
v 0.882586 0.273096 -0.109301
v 0.871212 0.317294 -0.076884
v 0.855578 0.362747 -0.042268
v -0.048065 -0.077773 0.920885
v -0.082428 -0.133375 0.913533
v -0.112923 -0.182718 0.903349
v -0.141321 -0.228668 0.890030
v -0.168779 -0.273098 0.873164
v -0.196094 -0.317296 0.852330
v -0.224186 -0.362750 0.826763
v 0.502397 0.077773 0.773264
v 0.470274 0.133375 0.787514
v 0.439616 0.182718 0.797199
v 0.408812 0.228668 0.803116
v 0.376684 0.273098 0.805612
v 0.342339 0.317296 0.804812
v 0.304584 0.362750 0.800640
v -0.890669 -0.077772 0.238854
v -0.894295 -0.133374 0.203901
v -0.894033 -0.182717 0.171751
v -0.890141 -0.228667 0.140627
v -0.882586 -0.273096 0.109301
v -0.871212 -0.317294 0.076884
v -0.855578 -0.362747 0.042268
v -0.580170 0.077773 0.716758
v -0.603649 0.133375 0.690611
v -0.622334 0.182718 0.664447
v -0.637480 0.228668 0.636979
v -0.649782 0.273098 0.607195
v -0.659635 0.317296 0.574283
v -0.667333 0.362750 0.537088
v -0.502397 -0.077773 -0.773264
v -0.470274 -0.133375 -0.787514
v -0.439616 -0.182718 -0.797200
v -0.408812 -0.228668 -0.803117
v -0.376684 -0.273098 -0.805612
v -0.342339 -0.317296 -0.804812
v -0.304584 -0.362750 -0.800640
v -0.860962 0.077773 -0.330280
v -0.843351 0.133375 -0.360689
v -0.824242 0.182718 -0.386544
v -0.802799 0.228668 -0.409437
v -0.778274 0.273098 -0.430340
v -0.750018 0.317296 -0.449880
v -0.717022 0.362750 -0.468697
v 0.580170 -0.077773 -0.716758
v 0.603649 -0.133375 -0.690611
v 0.622334 -0.182718 -0.664447
v 0.637480 -0.228668 -0.636979
v 0.649782 -0.273098 -0.607195
v 0.659635 -0.317296 -0.574283
v 0.667334 -0.362750 -0.537088
v 0.048065 0.077773 -0.920885
v 0.082428 0.133375 -0.913533
v 0.112923 0.182718 -0.903349
v 0.141321 0.228668 -0.890030
v 0.168779 0.273098 -0.873164
v 0.196094 0.317296 -0.852330
v 0.224186 0.362750 -0.826763
v 0.580005 0.484143 0.534406
v 0.536525 0.480278 0.583610
v 0.495421 0.474924 0.625445
v 0.454504 0.467922 0.662487
v 0.412198 0.459055 0.696309
v 0.367320 0.448102 0.727926
v 0.318318 0.434661 0.758372
v -0.329023 0.484144 0.716756
v -0.389254 0.480278 0.690609
v -0.441743 0.474924 0.664445
v -0.489615 0.467922 0.636978
v -0.534855 0.459055 0.607194
v -0.578793 0.448102 0.574283
v -0.622890 0.434661 0.537087
v -0.783351 0.484143 -0.091425
v -0.777097 0.480277 -0.156788
v -0.768434 0.474923 -0.214793
v -0.757104 0.467921 -0.268809
v -0.742758 0.459055 -0.321038
v -0.725036 0.448102 -0.372995
v -0.703288 0.434661 -0.426429
v -0.155120 0.484144 -0.773261
v -0.091024 0.480278 -0.787511
v -0.033181 0.474924 -0.797197
v 0.021694 0.467922 -0.803114
v 0.075800 0.459056 -0.805611
v 0.130691 0.448102 -0.804811
v 0.188230 0.434661 -0.800640
v 0.687484 0.484142 -0.386475
v 0.720843 0.480277 -0.329919
v 0.747929 0.474922 -0.277900
v 0.770514 0.467920 -0.227540
v 0.789608 0.459053 -0.176853
v 0.805809 0.448100 -0.124402
v 0.819622 0.434658 -0.068390
v 0.173636 0.735291 0.534405
v 0.189623 0.694674 0.583609
v 0.203216 0.655515 0.625444
v 0.215252 0.615787 0.662486
v 0.226241 0.573983 0.696308
v 0.236514 0.528944 0.727926
v 0.246407 0.479104 0.758371
v 0.406365 0.831420 0.000000
v 0.346898 0.859529 0.000000
v 0.292202 0.881361 0.000000
v 0.239250 0.898430 0.000000
v 0.185955 0.911542 0.000000
v 0.130804 0.921135 0.000000
v 0.071910 0.927479 -0.000000
v -0.454594 0.735291 0.330278
v -0.496449 0.694674 0.360688
v -0.532037 0.655515 0.386543
v -0.563546 0.615787 0.409436
v -0.592317 0.573982 0.430339
v -0.619213 0.528944 0.449880
v -0.645111 0.479104 0.468696
v -0.454594 0.735291 -0.330278
v -0.496449 0.694674 -0.360688
v -0.532037 0.655515 -0.386543
v -0.563546 0.615787 -0.409436
v -0.592317 0.573982 -0.430339
v -0.619213 0.528944 -0.449880
v -0.645111 0.479104 -0.468696
v 0.173636 0.735291 -0.534405
v 0.189623 0.694674 -0.583609
v 0.203216 0.655515 -0.625444
v 0.215252 0.615787 -0.662486
v 0.226241 0.573982 -0.696308
v 0.236514 0.528944 -0.727926
v 0.246407 0.479104 -0.758371
v -0.246407 -0.479104 0.758371
v -0.236514 -0.528944 0.727926
v -0.226241 -0.573983 0.696308
v -0.215252 -0.615787 0.662486
v -0.203216 -0.655515 0.625444
v -0.189623 -0.694674 0.583609
v -0.173636 -0.735291 0.534405
v 0.058177 -0.927479 0.042267
v 0.105823 -0.921135 0.076884
v 0.150441 -0.911543 0.109301
v 0.193558 -0.898431 0.140627
v 0.236397 -0.881362 0.171750
v 0.280647 -0.859530 0.203900
v 0.328756 -0.831422 0.238853
v 0.622890 -0.434661 0.537087
v 0.578793 -0.448102 0.574283
v 0.534855 -0.459055 0.607194
v 0.489615 -0.467922 0.636978
v 0.441743 -0.474924 0.664445
v 0.389254 -0.480278 0.690609
v 0.329023 -0.484144 0.716756
v 0.703288 -0.434661 -0.426429
v 0.725036 -0.448102 -0.372995
v 0.742758 -0.459055 -0.321038
v 0.757104 -0.467921 -0.268809
v 0.768434 -0.474923 -0.214793
v 0.777097 -0.480278 -0.156788
v 0.783351 -0.484143 -0.091425
v 0.058177 -0.927479 -0.042267
v 0.105823 -0.921135 -0.076884
v 0.150441 -0.911543 -0.109301
v 0.193558 -0.898431 -0.140626
v 0.236397 -0.881362 -0.171750
v 0.280647 -0.859530 -0.203900
v 0.328756 -0.831422 -0.238853
v -0.797401 -0.479102 -0.000000
v -0.765388 -0.528941 0.000000
v -0.732144 -0.573980 0.000000
v -0.696581 -0.615785 -0.000000
v -0.657633 -0.655513 -0.000000
v -0.613645 -0.694671 -0.000000
v -0.561909 -0.735289 0.000000
v -0.318318 -0.434661 0.758372
v -0.367320 -0.448102 0.727926
v -0.412198 -0.459055 0.696309
v -0.454504 -0.467922 0.662487
v -0.495421 -0.474924 0.625445
v -0.536525 -0.480278 0.583610
v -0.580005 -0.484143 0.534406
v -0.246407 -0.479104 -0.758371
v -0.236514 -0.528944 -0.727926
v -0.226241 -0.573983 -0.696308
v -0.215252 -0.615788 -0.662486
v -0.203216 -0.655515 -0.625444
v -0.189623 -0.694674 -0.583609
v -0.173636 -0.735291 -0.534405
v -0.819622 -0.434658 -0.068390
v -0.805809 -0.448100 -0.124402
v -0.789608 -0.459053 -0.176853
v -0.770514 -0.467920 -0.227540
v -0.747929 -0.474922 -0.277900
v -0.720843 -0.480276 -0.329919
v -0.687484 -0.484142 -0.386475
v -0.188230 -0.434661 -0.800640
v -0.130691 -0.448102 -0.804811
v -0.075800 -0.459056 -0.805611
v -0.021694 -0.467922 -0.803114
v 0.033181 -0.474924 -0.797197
v 0.091024 -0.480278 -0.787511
v 0.155120 -0.484144 -0.773261
v 0.855578 0.362747 0.042268
v 0.871212 0.317294 0.076884
v 0.882586 0.273096 0.109301
v 0.890141 0.228667 0.140627
v 0.894033 0.182717 0.171751
v 0.894295 0.133374 0.203901
v 0.890669 0.077772 0.238854
v 0.717022 -0.362750 -0.468697
v 0.750018 -0.317296 -0.449880
v 0.778274 -0.273098 -0.430340
v 0.802799 -0.228668 -0.409437
v 0.824242 -0.182718 -0.386544
v 0.843351 -0.133375 -0.360689
v 0.860962 -0.077773 -0.330280
v 0.224186 0.362750 0.826763
v 0.196094 0.317296 0.852330
v 0.168779 0.273098 0.873164
v 0.141321 0.228668 0.890030
v 0.112923 0.182718 0.903349
v 0.082428 0.133375 0.913533
v 0.048065 0.077773 0.920885
v 0.667333 -0.362750 0.537088
v 0.659635 -0.317296 0.574283
v 0.649782 -0.273098 0.607195
v 0.637480 -0.228668 0.636979
v 0.622334 -0.182718 0.664447
v 0.603649 -0.133375 0.690611
v 0.580170 -0.077773 0.716758
v -0.717022 0.362750 0.468697
v -0.750018 0.317296 0.449880
v -0.778274 0.273098 0.430340
v -0.802799 0.228668 0.409437
v -0.824242 0.182718 0.386544
v -0.843351 0.133375 0.360689
v -0.860962 0.077773 0.330280
v -0.304584 -0.362750 0.800640
v -0.342339 -0.317296 0.804812
v -0.376684 -0.273098 0.805612
v -0.408812 -0.228668 0.803117
v -0.439616 -0.182718 0.797199
v -0.470274 -0.133375 0.787514
v -0.502397 -0.077773 0.773264
v -0.667334 0.362750 -0.537088
v -0.659635 0.317296 -0.574283
v -0.649782 0.273098 -0.607195
v -0.637480 0.228668 -0.636979
v -0.622334 0.182718 -0.664447
v -0.603649 0.133375 -0.690611
v -0.580170 0.077773 -0.716758
v -0.855578 -0.362747 -0.042268
v -0.871212 -0.317294 -0.076884
v -0.882586 -0.273096 -0.109301
v -0.890141 -0.228667 -0.140627
v -0.894033 -0.182717 -0.171751
v -0.894295 -0.133374 -0.203901
v -0.890669 -0.077772 -0.238854
v 0.304584 0.362750 -0.800640
v 0.342339 0.317296 -0.804812
v 0.376684 0.273098 -0.805612
v 0.408812 0.228668 -0.803117
v 0.439616 0.182718 -0.797199
v 0.470274 0.133375 -0.787514
v 0.502397 0.077773 -0.773264
v -0.224186 -0.362750 -0.826763
v -0.196094 -0.317296 -0.852330
v -0.168779 -0.273098 -0.873164
v -0.141321 -0.228668 -0.890030
v -0.112923 -0.182718 -0.903348
v -0.082428 -0.133375 -0.913533
v -0.048065 -0.077773 -0.920885
v 0.819622 0.434658 0.068390
v 0.805809 0.448100 0.124402
v 0.789608 0.459053 0.176853
v 0.770514 0.467920 0.227540
v 0.747929 0.474922 0.277900
v 0.720843 0.480277 0.329919
v 0.687484 0.484142 0.386475
v 0.188230 0.434661 0.800640
v 0.130691 0.448102 0.804811
v 0.075800 0.459056 0.805611
v 0.021694 0.467922 0.803114
v -0.033181 0.474924 0.797197
v -0.091024 0.480278 0.787511
v -0.155120 0.484144 0.773261
v -0.703288 0.434661 0.426429
v -0.725036 0.448102 0.372995
v -0.742758 0.459055 0.321038
v -0.757104 0.467921 0.268809
v -0.768434 0.474923 0.214793
v -0.777097 0.480278 0.156788
v -0.783351 0.484143 0.091425
v -0.622890 0.434661 -0.537087
v -0.578793 0.448102 -0.574283
v -0.534855 0.459055 -0.607194
v -0.489615 0.467922 -0.636978
v -0.441743 0.474924 -0.664445
v -0.389254 0.480278 -0.690609
v -0.329023 0.484144 -0.716756
v 0.318318 0.434661 -0.758372
v 0.367320 0.448102 -0.727926
v 0.412198 0.459055 -0.696309
v 0.454504 0.467922 -0.662487
v 0.495421 0.474924 -0.625445
v 0.536525 0.480278 -0.583610
v 0.580005 0.484143 -0.534406
v 0.022221 0.927479 0.068390
v 0.040420 0.921135 0.124401
v 0.057462 0.911543 0.176853
v 0.073931 0.898430 0.227539
v 0.090294 0.881362 0.277899
v 0.107196 0.859530 0.329918
v 0.125572 0.831422 0.386474
v 0.797401 0.479102 0.000000
v 0.765388 0.528941 0.000000
v 0.732144 0.573980 -0.000000
v 0.696581 0.615785 -0.000000
v 0.657633 0.655513 -0.000000
v 0.613645 0.694671 -0.000000
v 0.561909 0.735289 0.000000
v -0.058177 0.927479 0.042267
v -0.105823 0.921135 0.076884
v -0.150441 0.911543 0.109301
v -0.193558 0.898431 0.140626
v -0.236397 0.881362 0.171750
v -0.280647 0.859530 0.203900
v -0.328756 0.831422 0.238853
v -0.058177 0.927479 -0.042267
v -0.105823 0.921135 -0.076884
v -0.150441 0.911543 -0.109301
v -0.193558 0.898431 -0.140627
v -0.236397 0.881362 -0.171750
v -0.280647 0.859530 -0.203900
v -0.328756 0.831422 -0.238853
v 0.022221 0.927479 -0.068390
v 0.040420 0.921135 -0.124402
v 0.057462 0.911543 -0.176853
v 0.073931 0.898430 -0.227539
v 0.090294 0.881362 -0.277899
v 0.107196 0.859530 -0.329918
v 0.125572 0.831422 -0.386474
v 0.443612 0.806043 -0.082545
v 0.408767 0.815494 -0.142354
v 0.374425 0.820733 -0.196050
v 0.339247 0.822416 -0.246477
v 0.302158 0.820733 -0.295515
v 0.261702 0.815495 -0.344770
v 0.215587 0.806045 -0.396390
v 0.522554 0.757255 -0.082545
v 0.546589 0.730316 -0.142354
v 0.566633 0.701942 -0.196050
v 0.583871 0.671232 -0.246477
v 0.598952 0.637305 -0.295516
v 0.612358 0.598778 -0.344770
v 0.624529 0.553306 -0.396391
v 0.239981 0.757257 -0.471468
v 0.304290 0.730317 -0.475845
v 0.361553 0.701943 -0.478315
v 0.414839 0.671233 -0.479126
v 0.466138 0.637306 -0.478316
v 0.517125 0.598779 -0.475846
v 0.569981 0.553306 -0.471469
v 0.058576 0.806045 -0.447406
v -0.009073 0.815495 -0.432749
v -0.070753 0.820734 -0.416680
v -0.129583 0.822417 -0.398807
v -0.187682 0.820734 -0.378687
v -0.247027 0.815495 -0.355432
v -0.310371 0.806045 -0.327526
v 0.082970 0.757257 -0.522484
v 0.033515 0.730318 -0.563824
v -0.011359 0.701944 -0.599481
v -0.053992 0.671234 -0.631458
v -0.095970 0.637307 -0.660954
v -0.138671 0.598780 -0.688925
v -0.184005 0.553308 -0.716452
v -0.374236 0.757257 -0.373927
v -0.358527 0.730318 -0.436441
v -0.343181 0.701944 -0.491664
v -0.327487 0.671233 -0.542592
v -0.310864 0.637307 -0.591130
v -0.292759 0.598780 -0.638858
v -0.272264 0.553308 -0.687774
v -0.407409 0.806045 -0.193966
v -0.414373 0.815495 -0.125099
v -0.418152 0.820734 -0.061473
v -0.419333 0.822417 -0.000000
v -0.418152 0.820734 0.061473
v -0.414373 0.815495 0.125099
v -0.407409 0.806045 0.193966
v -0.471274 0.757257 -0.240366
v -0.525873 0.730317 -0.206107
v -0.573651 0.701943 -0.174448
v -0.617237 0.671233 -0.143784
v -0.658262 0.637306 -0.112976
v -0.698060 0.598779 -0.081008
v -0.738248 0.553307 -0.046400
v -0.471274 0.757257 0.240366
v -0.525873 0.730317 0.206107
v -0.573651 0.701943 0.174448
v -0.617237 0.671233 0.143784
v -0.658262 0.637306 0.112976
v -0.698060 0.598779 0.081008
v -0.738248 0.553307 0.046400
v -0.310371 0.806045 0.327526
v -0.247027 0.815495 0.355432
v -0.187682 0.820734 0.378687
v -0.129583 0.822417 0.398807
v -0.070753 0.820734 0.416680
v -0.009073 0.815495 0.432749
v 0.058576 0.806045 0.447406
v -0.374236 0.757257 0.373927
v -0.358527 0.730318 0.436441
v -0.343181 0.701944 0.491664
v -0.327487 0.671233 0.542592
v -0.310864 0.637307 0.591130
v -0.292759 0.598780 0.638858
v -0.272264 0.553308 0.687774
v 0.082970 0.757257 0.522484
v 0.033515 0.730318 0.563824
v -0.011359 0.701944 0.599481
v -0.053992 0.671234 0.631458
v -0.095970 0.637307 0.660954
v -0.138671 0.598780 0.688925
v -0.184005 0.553308 0.716452
v 0.215587 0.806045 0.396390
v 0.261702 0.815495 0.344770
v 0.302158 0.820733 0.295515
v 0.339247 0.822416 0.246477
v 0.374425 0.820733 0.196050
v 0.408767 0.815494 0.142354
v 0.443612 0.806044 0.082545
v 0.239981 0.757257 0.471468
v 0.304290 0.730317 0.475845
v 0.361553 0.701943 0.478315
v 0.414839 0.671233 0.479126
v 0.466138 0.637306 0.478316
v 0.517125 0.598779 0.475846
v 0.569981 0.553306 0.471469
v 0.522554 0.757255 0.082545
v 0.546589 0.730316 0.142354
v 0.566633 0.701942 0.196050
v 0.583871 0.671232 0.246477
v 0.598952 0.637305 0.295516
v 0.612359 0.598778 0.344770
v 0.624529 0.553306 0.396391
v 0.859748 0.082868 -0.327528
v 0.839872 0.143752 -0.355433
v 0.818017 0.199176 -0.378689
v 0.793540 0.251895 -0.398809
v 0.765724 0.303762 -0.416681
v 0.733454 0.356589 -0.432750
v 0.694747 0.412870 -0.447407
v 0.844672 0.003926 -0.373928
v 0.813551 0.005930 -0.436443
v 0.781309 0.006966 -0.491666
v 0.746822 0.007270 -0.542595
v 0.709043 0.006966 -0.591132
v 0.666486 0.005930 -0.638861
v 0.616648 0.003926 -0.687777
v 0.640200 0.412870 -0.522485
v 0.638221 0.356589 -0.563827
v 0.632911 0.303762 -0.599483
v 0.624509 0.251896 -0.631460
v 0.612938 0.199177 -0.660957
v 0.597574 0.143753 -0.688928
v 0.577177 0.082869 -0.716455
v -0.045824 0.082869 -0.918880
v -0.078506 0.143753 -0.908600
v -0.107377 0.199177 -0.895001
v -0.134077 0.251896 -0.877939
v -0.159670 0.303763 -0.857007
v -0.184925 0.356590 -0.831282
v -0.210825 0.412872 -0.798999
v -0.094612 0.003926 -0.918881
v -0.163684 0.005930 -0.908600
v -0.226167 0.006966 -0.895002
v -0.285260 0.007270 -0.877940
v -0.343096 0.006966 -0.857009
v -0.401640 0.005930 -0.831284
v -0.463562 0.003926 -0.799001
v -0.299085 0.412872 -0.770321
v -0.339013 0.356590 -0.781215
v -0.374565 0.303763 -0.787183
v -0.407573 0.251896 -0.789074
v -0.439202 0.199177 -0.787184
v -0.470551 0.143753 -0.781216
v -0.503034 0.082869 -0.770323
v -0.888069 0.082869 -0.240367
v -0.888391 0.143753 -0.206108
v -0.884379 0.199177 -0.174449
v -0.876403 0.251896 -0.143784
v -0.864404 0.303762 -0.112976
v -0.847742 0.356589 -0.081008
v -0.825043 0.412871 -0.046400
v -0.903145 0.003926 -0.193966
v -0.914713 0.005930 -0.125099
v -0.921088 0.006967 -0.061473
v -0.923122 0.007270 0.000000
v -0.921088 0.006967 0.061473
v -0.914713 0.005930 0.125099
v -0.903146 0.003926 0.193966
v -0.825043 0.412871 0.046400
v -0.847742 0.356589 0.081008
v -0.864404 0.303762 0.112976
v -0.876403 0.251896 0.143784
v -0.884379 0.199177 0.174449
v -0.888391 0.143753 0.206108
v -0.888069 0.082869 0.240367
v -0.503034 0.082869 0.770323
v -0.470551 0.143753 0.781216
v -0.439202 0.199177 0.787184
v -0.407573 0.251896 0.789074
v -0.374565 0.303763 0.787183
v -0.339013 0.356590 0.781215
v -0.299085 0.412872 0.770321
v -0.463562 0.003926 0.799001
v -0.401640 0.005930 0.831284
v -0.343096 0.006966 0.857009
v -0.285260 0.007270 0.877940
v -0.226167 0.006966 0.895002
v -0.163684 0.005930 0.908600
v -0.094612 0.003926 0.918881
v -0.210825 0.412872 0.798999
v -0.184925 0.356590 0.831282
v -0.159670 0.303763 0.857007
v -0.134077 0.251896 0.877939
v -0.107377 0.199177 0.895001
v -0.078506 0.143753 0.908600
v -0.045824 0.082869 0.918880
v 0.577177 0.082869 0.716455
v 0.597574 0.143753 0.688928
v 0.612938 0.199177 0.660957
v 0.624509 0.251896 0.631460
v 0.632911 0.303762 0.599483
v 0.638221 0.356589 0.563827
v 0.640200 0.412870 0.522485
v 0.616648 0.003926 0.687777
v 0.666486 0.005930 0.638861
v 0.709043 0.006966 0.591132
v 0.746822 0.007270 0.542595
v 0.781309 0.006966 0.491666
v 0.813551 0.005930 0.436443
v 0.844672 0.003926 0.373928
v 0.694747 0.412870 0.447407
v 0.733454 0.356589 0.432750
v 0.765724 0.303762 0.416681
v 0.793540 0.251895 0.398809
v 0.818017 0.199176 0.378689
v 0.839872 0.143752 0.355433
v 0.859748 0.082868 0.327528
v 0.463562 -0.003926 -0.799001
v 0.401640 -0.005930 -0.831284
v 0.343096 -0.006966 -0.857009
v 0.285260 -0.007270 -0.877940
v 0.226167 -0.006966 -0.895002
v 0.163684 -0.005930 -0.908600
v 0.094612 -0.003926 -0.918881
v 0.503034 -0.082869 -0.770323
v 0.470551 -0.143753 -0.781216
v 0.439202 -0.199177 -0.787184
v 0.407573 -0.251896 -0.789074
v 0.374565 -0.303763 -0.787183
v 0.339013 -0.356590 -0.781215
v 0.299085 -0.412872 -0.770321
v 0.045824 -0.082869 -0.918880
v 0.078506 -0.143753 -0.908600
v 0.107377 -0.199177 -0.895001
v 0.134077 -0.251896 -0.877939
v 0.159670 -0.303763 -0.857007
v 0.184925 -0.356590 -0.831282
v 0.210825 -0.412872 -0.798999
v -0.616648 -0.003926 -0.687777
v -0.666486 -0.005930 -0.638861
v -0.709043 -0.006966 -0.591132
v -0.746822 -0.007270 -0.542595
v -0.781309 -0.006966 -0.491666
v -0.813551 -0.005930 -0.436443
v -0.844672 -0.003926 -0.373928
v -0.577177 -0.082869 -0.716455
v -0.597574 -0.143753 -0.688928
v -0.612938 -0.199177 -0.660957
v -0.624509 -0.251896 -0.631460
v -0.632911 -0.303762 -0.599483
v -0.638221 -0.356589 -0.563827
v -0.640200 -0.412870 -0.522485
v -0.859748 -0.082868 -0.327528
v -0.839872 -0.143752 -0.355433
v -0.818017 -0.199176 -0.378689
v -0.793540 -0.251895 -0.398809
v -0.765724 -0.303762 -0.416681
v -0.733454 -0.356589 -0.432750
v -0.694747 -0.412870 -0.447407
v -0.844672 -0.003926 0.373928
v -0.813551 -0.005930 0.436443
v -0.781309 -0.006966 0.491666
v -0.746822 -0.007270 0.542595
v -0.709043 -0.006966 0.591132
v -0.666486 -0.005930 0.638861
v -0.616648 -0.003926 0.687777
v -0.859748 -0.082868 0.327528
v -0.839872 -0.143752 0.355433
v -0.818017 -0.199176 0.378689
v -0.793540 -0.251895 0.398809
v -0.765724 -0.303762 0.416681
v -0.733454 -0.356589 0.432750
v -0.694747 -0.412870 0.447407
v -0.577177 -0.082869 0.716455
v -0.597574 -0.143753 0.688928
v -0.612938 -0.199177 0.660957
v -0.624509 -0.251896 0.631460
v -0.632911 -0.303762 0.599483
v -0.638221 -0.356589 0.563827
v -0.640200 -0.412870 0.522485
v 0.094612 -0.003926 0.918881
v 0.163684 -0.005930 0.908600
v 0.226167 -0.006966 0.895002
v 0.285260 -0.007270 0.877940
v 0.343096 -0.006966 0.857009
v 0.401640 -0.005930 0.831284
v 0.463562 -0.003926 0.799001
v 0.045824 -0.082869 0.918880
v 0.078506 -0.143753 0.908600
v 0.107377 -0.199177 0.895001
v 0.134077 -0.251896 0.877939
v 0.159670 -0.303763 0.857007
v 0.184925 -0.356590 0.831281
v 0.210825 -0.412872 0.798999
v 0.503034 -0.082869 0.770323
v 0.470551 -0.143753 0.781216
v 0.439202 -0.199177 0.787184
v 0.407573 -0.251896 0.789074
v 0.374565 -0.303763 0.787183
v 0.339013 -0.356590 0.781215
v 0.299085 -0.412872 0.770321
v 0.903145 -0.003926 0.193966
v 0.914713 -0.005930 0.125099
v 0.921088 -0.006967 0.061473
v 0.923122 -0.007270 -0.000000
v 0.921088 -0.006967 -0.061473
v 0.914713 -0.005930 -0.125099
v 0.903145 -0.003926 -0.193966
v 0.888069 -0.082869 0.240367
v 0.888391 -0.143753 0.206108
v 0.884379 -0.199177 0.174449
v 0.876403 -0.251896 0.143784
v 0.864404 -0.303762 0.112976
v 0.847742 -0.356589 0.081008
v 0.825043 -0.412871 0.046400
v 0.888069 -0.082869 -0.240367
v 0.888391 -0.143753 -0.206108
v 0.884379 -0.199177 -0.174449
v 0.876403 -0.251896 -0.143784
v 0.864404 -0.303762 -0.112976
v 0.847742 -0.356589 -0.081008
v 0.825043 -0.412871 -0.046400
v 0.374236 -0.757257 -0.373927
v 0.358527 -0.730318 -0.436441
v 0.343181 -0.701944 -0.491664
v 0.327487 -0.671233 -0.542592
v 0.310864 -0.637307 -0.591130
v 0.292759 -0.598780 -0.638858
v 0.272264 -0.553308 -0.687774
v 0.310371 -0.806045 -0.327526
v 0.247027 -0.815495 -0.355432
v 0.187682 -0.820734 -0.378687
v 0.129583 -0.822418 -0.398807
v 0.070753 -0.820734 -0.416680
v 0.009073 -0.815495 -0.432749
v -0.058576 -0.806045 -0.447406
v 0.184005 -0.553308 -0.716452
v 0.138671 -0.598780 -0.688925
v 0.095970 -0.637307 -0.660954
v 0.053992 -0.671234 -0.631458
v 0.011359 -0.701944 -0.599481
v -0.033515 -0.730318 -0.563824
v -0.082970 -0.757257 -0.522484
v -0.239981 -0.757257 -0.471468
v -0.304290 -0.730317 -0.475845
v -0.361553 -0.701943 -0.478315
v -0.414839 -0.671233 -0.479126
v -0.466138 -0.637306 -0.478316
v -0.517126 -0.598779 -0.475846
v -0.569981 -0.553306 -0.471469
v -0.215587 -0.806045 -0.396390
v -0.261702 -0.815495 -0.344770
v -0.302158 -0.820733 -0.295515
v -0.339247 -0.822416 -0.246477
v -0.374425 -0.820733 -0.196050
v -0.408767 -0.815494 -0.142354
v -0.443612 -0.806043 -0.082545
v -0.624529 -0.553306 -0.396391
v -0.612359 -0.598778 -0.344770
v -0.598952 -0.637305 -0.295516
v -0.583871 -0.671232 -0.246477
v -0.566633 -0.701942 -0.196050
v -0.546589 -0.730316 -0.142354
v -0.522554 -0.757255 -0.082545
v -0.522554 -0.757255 0.082545
v -0.546589 -0.730316 0.142354
v -0.566633 -0.701942 0.196050
v -0.583871 -0.671232 0.246477
v -0.598952 -0.637305 0.295516
v -0.612359 -0.598778 0.344770
v -0.624529 -0.553306 0.396391
v -0.443612 -0.806044 0.082545
v -0.408767 -0.815494 0.142354
v -0.374425 -0.820733 0.196050
v -0.339247 -0.822416 0.246477
v -0.302158 -0.820733 0.295515
v -0.261702 -0.815495 0.344770
v -0.215587 -0.806045 0.396390
v -0.569981 -0.553306 0.471469
v -0.517126 -0.598779 0.475846
v -0.466138 -0.637306 0.478316
v -0.414839 -0.671233 0.479126
v -0.361553 -0.701943 0.478315
v -0.304290 -0.730317 0.475845
v -0.239981 -0.757257 0.471468
v 0.738248 -0.553307 -0.046400
v 0.698060 -0.598779 -0.081008
v 0.658262 -0.637306 -0.112976
v 0.617237 -0.671233 -0.143784
v 0.573651 -0.701943 -0.174448
v 0.525873 -0.730317 -0.206107
v 0.471274 -0.757257 -0.240366
v 0.738248 -0.553307 0.046400
v 0.698060 -0.598779 0.081008
v 0.658262 -0.637306 0.112976
v 0.617237 -0.671233 0.143784
v 0.573651 -0.701943 0.174448
v 0.525873 -0.730317 0.206107
v 0.471274 -0.757257 0.240366
v 0.407409 -0.806045 -0.193966
v 0.414373 -0.815495 -0.125099
v 0.418152 -0.820734 -0.061473
v 0.419333 -0.822417 0.000000
v 0.418152 -0.820734 0.061473
v 0.414373 -0.815495 0.125099
v 0.407409 -0.806045 0.193966
v -0.082970 -0.757257 0.522484
v -0.033515 -0.730318 0.563824
v 0.011359 -0.701944 0.599481
v 0.053992 -0.671233 0.631458
v 0.095970 -0.637307 0.660954
v 0.138671 -0.598780 0.688925
v 0.184005 -0.553308 0.716452
v -0.058576 -0.806045 0.447406
v 0.009073 -0.815495 0.432749
v 0.070753 -0.820734 0.416680
v 0.129583 -0.822418 0.398807
v 0.187682 -0.820734 0.378687
v 0.247027 -0.815495 0.355432
v 0.310371 -0.806045 0.327526
v 0.272264 -0.553308 0.687774
v 0.292759 -0.598780 0.638858
v 0.310864 -0.637307 0.591130
v 0.327487 -0.671234 0.542592
v 0.343181 -0.701944 0.491664
v 0.358527 -0.730318 0.436441
v 0.374236 -0.757257 0.373927
v 0.085689 -0.888288 0.263719
v 0.029800 -0.925346 0.091712
v 0.077647 -0.919536 0.119772
v 0.122318 -0.910411 0.148598
v 0.164445 -0.897774 0.178307
v 0.007584 -0.919536 0.142537
v 0.053243 -0.914796 0.163862
v 0.095859 -0.906932 0.187026
v 0.134695 -0.895671 0.212918
v -0.011611 -0.910411 0.192115
v 0.032382 -0.906932 0.207651
v 0.072665 -0.900960 0.223637
v 0.106534 -0.892102 0.242899
v 0.281803 -0.834945 0.281798
v 0.227298 -0.839973 0.313741
v 0.172308 -0.843168 0.339282
v 0.116893 -0.844209 0.359754
v 0.243821 -0.860454 0.243728
v 0.200159 -0.862085 0.276346
v 0.153562 -0.863046 0.302637
v 0.104738 -0.863299 0.322345
v 0.204633 -0.881282 0.209699
v 0.169271 -0.880733 0.242694
v 0.132264 -0.879504 0.269751
v 0.093692 -0.878636 0.288349
v -0.062343 -0.834945 0.393619
v -0.053992 -0.860454 0.340495
v -0.042290 -0.881282 0.289930
v -0.028230 -0.897774 0.240911
v 0.000529 -0.839973 0.387424
v 0.000503 -0.862085 0.341218
v 0.005712 -0.880733 0.295838
v 0.016182 -0.895671 0.251425
v 0.060029 -0.843168 0.375764
v 0.053655 -0.863046 0.335099
v 0.051555 -0.879504 0.295975
v 0.056587 -0.892102 0.259128
v 0.657405 -0.597910 0.276164
v 0.674675 -0.483611 0.420114
v 0.647311 -0.530388 0.406935
v 0.619776 -0.573786 0.390559
v 0.591555 -0.614237 0.370954
v 0.698009 -0.491657 0.370101
v 0.671045 -0.533788 0.362358
v 0.644246 -0.573287 0.350686
v 0.618118 -0.609965 0.334027
v 0.716689 -0.499751 0.320148
v 0.690179 -0.538197 0.317314
v 0.664351 -0.573081 0.311830
v 0.641388 -0.603753 0.300493
v 0.498398 -0.725469 0.285045
v 0.545218 -0.705070 0.247519
v 0.589338 -0.680135 0.214081
v 0.630839 -0.651265 0.183499
v 0.531089 -0.689379 0.319271
v 0.568709 -0.675661 0.282263
v 0.606053 -0.656195 0.249249
v 0.642577 -0.631340 0.220605
v 0.562226 -0.652446 0.347450
v 0.593069 -0.643958 0.311172
v 0.622911 -0.630854 0.278909
v 0.651788 -0.612333 0.253267
v 0.747426 -0.535228 0.104117
v 0.746591 -0.524750 0.162702
v 0.740903 -0.515949 0.217636
v 0.730978 -0.507727 0.269659
v 0.709311 -0.579714 0.128300
v 0.713182 -0.565293 0.177299
v 0.711423 -0.553545 0.225185
v 0.703876 -0.544452 0.271721
v 0.670585 -0.618068 0.155052
v 0.678347 -0.600967 0.196726
v 0.681312 -0.586240 0.236479
v 0.677531 -0.576143 0.274234
v -0.224334 -0.888287 0.162988
v -0.078015 -0.925346 0.056681
v -0.089916 -0.919536 0.110858
v -0.103528 -0.910410 0.162250
v -0.118764 -0.897773 0.211495
v -0.133218 -0.919535 0.051259
v -0.139390 -0.914796 0.101273
v -0.148251 -0.906931 0.148960
v -0.160875 -0.895671 0.193897
v -0.186301 -0.910410 0.048323
v -0.187482 -0.906931 0.094964
v -0.190238 -0.900960 0.138216
v -0.198091 -0.892101 0.176379
v -0.180925 -0.834945 0.355090
v -0.228148 -0.839972 0.313123
v -0.269432 -0.843167 0.268717
v -0.306027 -0.844208 0.222341
v -0.156455 -0.860454 0.307203
v -0.200969 -0.862085 0.275757
v -0.240373 -0.863045 0.239565
v -0.274204 -0.863299 0.199221
v -0.136202 -0.881282 0.259417
v -0.178509 -0.880732 0.235982
v -0.215678 -0.879504 0.209147
v -0.245285 -0.878635 0.178210
v -0.393622 -0.834943 0.062342
v -0.340516 -0.860453 0.053868
v -0.288810 -0.881281 0.049372
v -0.237845 -0.897773 0.047596
v -0.368301 -0.839972 0.120222
v -0.324365 -0.862084 0.105920
v -0.279595 -0.880732 0.096850
v -0.234121 -0.895670 0.093084
v -0.338825 -0.843167 0.173207
v -0.302120 -0.863045 0.154579
v -0.265559 -0.879503 0.140492
v -0.228960 -0.892101 0.133891
v -0.224334 -0.888287 -0.162988
v -0.078015 -0.925346 -0.056681
v -0.133218 -0.919535 -0.051259
v -0.186301 -0.910410 -0.048323
v -0.237845 -0.897773 -0.047596
v -0.089916 -0.919536 -0.110858
v -0.139390 -0.914796 -0.101273
v -0.187482 -0.906931 -0.094964
v -0.234121 -0.895670 -0.093084
v -0.103528 -0.910411 -0.162250
v -0.148251 -0.906931 -0.148960
v -0.190238 -0.900960 -0.138216
v -0.228960 -0.892101 -0.133891
v -0.393622 -0.834943 -0.062342
v -0.368301 -0.839972 -0.120222
v -0.338825 -0.843167 -0.173207
v -0.306027 -0.844208 -0.222341
v -0.340516 -0.860453 -0.053868
v -0.324365 -0.862084 -0.105920
v -0.302120 -0.863044 -0.154579
v -0.274204 -0.863299 -0.199221
v -0.288810 -0.881281 -0.049372
v -0.279595 -0.880732 -0.096850
v -0.265559 -0.879503 -0.140492
v -0.245285 -0.878635 -0.178210
v -0.180925 -0.834945 -0.355090
v -0.156455 -0.860454 -0.307203
v -0.136202 -0.881282 -0.259417
v -0.118764 -0.897774 -0.211495
v -0.228148 -0.839972 -0.313123
v -0.200969 -0.862085 -0.275757
v -0.178509 -0.880732 -0.235982
v -0.160875 -0.895671 -0.193897
v -0.269432 -0.843167 -0.268717
v -0.240373 -0.863045 -0.239565
v -0.215678 -0.879504 -0.209147
v -0.198091 -0.892101 -0.176379
v 0.085689 -0.888288 -0.263719
v 0.029800 -0.925346 -0.091712
v 0.007584 -0.919536 -0.142537
v -0.011611 -0.910411 -0.192115
v -0.028230 -0.897774 -0.240911
v 0.077647 -0.919536 -0.119772
v 0.053243 -0.914796 -0.163862
v 0.032382 -0.906932 -0.207651
v 0.016182 -0.895671 -0.251425
v 0.122318 -0.910411 -0.148598
v 0.095859 -0.906932 -0.187026
v 0.072665 -0.900960 -0.223637
v 0.056587 -0.892102 -0.259128
v -0.062343 -0.834945 -0.393619
v 0.000529 -0.839973 -0.387424
v 0.060029 -0.843168 -0.375764
v 0.116893 -0.844209 -0.359754
v -0.053992 -0.860454 -0.340495
v 0.000503 -0.862085 -0.341218
v 0.053655 -0.863046 -0.335099
v 0.104738 -0.863299 -0.322345
v -0.042290 -0.881282 -0.289930
v 0.005712 -0.880733 -0.295838
v 0.051555 -0.879504 -0.295975
v 0.093692 -0.878636 -0.288349
v 0.281803 -0.834945 -0.281798
v 0.243821 -0.860454 -0.243728
v 0.204633 -0.881282 -0.209699
v 0.164445 -0.897774 -0.178307
v 0.227298 -0.839973 -0.313741
v 0.200159 -0.862085 -0.276346
v 0.169271 -0.880733 -0.242694
v 0.134695 -0.895671 -0.212918
v 0.172308 -0.843168 -0.339282
v 0.153562 -0.863046 -0.302637
v 0.132264 -0.879504 -0.269751
v 0.106534 -0.892101 -0.242899
v 0.828783 -0.320615 0.276165
v 0.734275 -0.387177 0.420114
v 0.751907 -0.404449 0.370101
v 0.767500 -0.417538 0.320148
v 0.781024 -0.426751 0.269659
v 0.763875 -0.341783 0.406935
v 0.777531 -0.361491 0.362359
v 0.790032 -0.376633 0.317314
v 0.801752 -0.386087 0.271722
v 0.790378 -0.297746 0.390559
v 0.800875 -0.319856 0.350686
v 0.809682 -0.337931 0.311831
v 0.818315 -0.348350 0.274234
v 0.812977 -0.429164 0.104117
v 0.835721 -0.375178 0.128300
v 0.852708 -0.323388 0.155053
v 0.864626 -0.272991 0.183500
v 0.803232 -0.433104 0.162702
v 0.824554 -0.385090 0.177299
v 0.840883 -0.337978 0.196726
v 0.852053 -0.292401 0.220605
v 0.792816 -0.431952 0.217636
v 0.813259 -0.388770 0.225185
v 0.829037 -0.347217 0.236479
v 0.839172 -0.309140 0.253268
v 0.871767 -0.121346 0.285045
v 0.854106 -0.166726 0.319272
v 0.834997 -0.211093 0.347451
v 0.813938 -0.254414 0.370955
v 0.874460 -0.172346 0.247519
v 0.858661 -0.206509 0.282264
v 0.841199 -0.242477 0.311173
v 0.821997 -0.280083 0.334028
v 0.871888 -0.222961 0.214081
v 0.857950 -0.248618 0.249250
v 0.842824 -0.275028 0.278910
v 0.826847 -0.303675 0.300493
v -0.006541 -0.320615 0.873558
v -0.172649 -0.387178 0.828158
v -0.119635 -0.404450 0.829472
v -0.067308 -0.417539 0.828866
v -0.015111 -0.426752 0.826126
v -0.150969 -0.341783 0.852238
v -0.104354 -0.361491 0.851451
v -0.057651 -0.376633 0.849419
v -0.010667 -0.386088 0.846477
v -0.127205 -0.297746 0.872383
v -0.086039 -0.319857 0.870045
v -0.046364 -0.337931 0.866413
v -0.007939 -0.348351 0.863006
v 0.152204 -0.429165 0.805359
v 0.136233 -0.375179 0.834463
v 0.116038 -0.323389 0.858886
v 0.092666 -0.272992 0.879011
v 0.093475 -0.433105 0.814195
v 0.086181 -0.385091 0.838985
v 0.072750 -0.337979 0.860518
v 0.053491 -0.292402 0.878520
v 0.038011 -0.431953 0.821265
v 0.037148 -0.388771 0.843040
v 0.031282 -0.347218 0.861536
v 0.018446 -0.309140 0.876363
v -0.001706 -0.121346 0.917183
v -0.039714 -0.166727 0.910963
v -0.072419 -0.211093 0.901497
v -0.101279 -0.254415 0.888732
v 0.034817 -0.172347 0.908148
v -0.003109 -0.206510 0.903859
v -0.035999 -0.242477 0.896185
v -0.063669 -0.280084 0.884985
v 0.065824 -0.222961 0.895369
v 0.028070 -0.248618 0.892981
v -0.004813 -0.275029 0.887760
v -0.030277 -0.303676 0.879235
v -0.832827 -0.320613 0.263720
v -0.840979 -0.387175 0.091712
v -0.825847 -0.404447 0.142538
v -0.809100 -0.417536 0.192116
v -0.790365 -0.426750 0.240912
v -0.857181 -0.341781 0.119773
v -0.842027 -0.361489 0.163863
v -0.825663 -0.376631 0.207652
v -0.808346 -0.386085 0.251426
v -0.868997 -0.297744 0.148599
v -0.854052 -0.319855 0.187027
v -0.838338 -0.337929 0.223638
v -0.823223 -0.348349 0.259129
v -0.718912 -0.429164 0.393621
v -0.751527 -0.375178 0.387425
v -0.780994 -0.323387 0.375765
v -0.807357 -0.272991 0.359756
v -0.745463 -0.433103 0.340496
v -0.771293 -0.385089 0.341220
v -0.795923 -0.337977 0.335100
v -0.818996 -0.292400 0.322346
v -0.769326 -0.431950 0.289931
v -0.790302 -0.388769 0.295839
v -0.809706 -0.347216 0.295976
v -0.827773 -0.309139 0.288350
v -0.872822 -0.121345 0.281800
v -0.878652 -0.166726 0.243729
v -0.879756 -0.211092 0.209700
v -0.876534 -0.254413 0.178307
v -0.852943 -0.172346 0.313742
v -0.860584 -0.206508 0.276347
v -0.863449 -0.242476 0.242695
v -0.861348 -0.280082 0.212919
v -0.831208 -0.222960 0.339283
v -0.840604 -0.248617 0.302638
v -0.845800 -0.275027 0.269752
v -0.845561 -0.303674 0.242900
v -0.508170 -0.320615 -0.710570
v -0.347098 -0.387178 -0.771477
v -0.390760 -0.404450 -0.741379
v -0.432737 -0.417538 -0.710131
v -0.473356 -0.426751 -0.677234
v -0.378792 -0.341783 -0.778214
v -0.416042 -0.361491 -0.750177
v -0.452632 -0.376633 -0.721083
v -0.488913 -0.386087 -0.691086
v -0.409860 -0.297746 -0.780544
v -0.441789 -0.319857 -0.754455
v -0.471753 -0.337931 -0.728197
v -0.500836 -0.348350 -0.702855
v -0.596512 -0.429164 -0.562088
v -0.600699 -0.375178 -0.595021
v -0.598716 -0.323388 -0.626649
v -0.591636 -0.272991 -0.656669
v -0.554192 -0.433104 -0.603757
v -0.562862 -0.385090 -0.628099
v -0.564654 -0.337978 -0.653414
v -0.559654 -0.292401 -0.679298
v -0.513476 -0.431952 -0.642077
v -0.525577 -0.388771 -0.660201
v -0.531703 -0.347217 -0.678612
v -0.530034 -0.309140 -0.698152
v -0.537726 -0.121346 -0.743019
v -0.503320 -0.166726 -0.760329
v -0.471297 -0.211093 -0.771894
v -0.440444 -0.254414 -0.778531
v -0.561962 -0.172346 -0.714243
v -0.528758 -0.206509 -0.733066
v -0.497638 -0.242477 -0.746190
v -0.468669 -0.280084 -0.753393
v -0.579536 -0.222961 -0.685679
v -0.547588 -0.248618 -0.705939
v -0.517916 -0.275028 -0.721043
v -0.492304 -0.303675 -0.729114
v 0.518761 -0.320615 -0.702876
v 0.626460 -0.387178 -0.568509
v 0.584344 -0.404450 -0.600733
v 0.541654 -0.417538 -0.630999
v 0.497815 -0.426752 -0.659464
v 0.623074 -0.341783 -0.600733
v 0.584899 -0.361491 -0.627496
v 0.545922 -0.376633 -0.653304
v 0.506182 -0.386087 -0.678540
v 0.615689 -0.297746 -0.631000
v 0.581011 -0.319857 -0.653304
v 0.546779 -0.337931 -0.673687
v 0.513690 -0.348351 -0.693516
v 0.350249 -0.429165 -0.741010
v 0.380276 -0.375179 -0.755168
v 0.410969 -0.323389 -0.763056
v 0.441706 -0.272992 -0.765600
v 0.402955 -0.433105 -0.713637
v 0.423427 -0.385091 -0.729406
v 0.446949 -0.337979 -0.738932
v 0.473111 -0.292401 -0.742176
v 0.451982 -0.431952 -0.686756
v 0.465479 -0.388771 -0.703865
v 0.481096 -0.347218 -0.715381
v 0.500195 -0.309140 -0.719832
v 0.540488 -0.121346 -0.741012
v 0.567583 -0.166727 -0.713639
v 0.588478 -0.211093 -0.686757
v 0.604324 -0.254414 -0.659465
v 0.505631 -0.172347 -0.755170
v 0.533794 -0.206510 -0.729407
v 0.555892 -0.242477 -0.703866
v 0.571695 -0.280084 -0.678541
v 0.473035 -0.222961 -0.763057
v 0.502176 -0.248618 -0.738933
v 0.525710 -0.275029 -0.715381
v 0.541300 -0.303676 -0.693516
v 0.743096 -0.149236 0.539887
v 0.704476 -0.327578 0.511827
v 0.736927 -0.287885 0.489875
v 0.764974 -0.246935 0.468748
v 0.788915 -0.204368 0.447967
v 0.693626 -0.287885 0.549474
v 0.724289 -0.255004 0.526223
v 0.750950 -0.220003 0.504343
v 0.773060 -0.182208 0.484642
v 0.682200 -0.246935 0.582677
v 0.711719 -0.220004 0.558340
v 0.737018 -0.192600 0.535471
v 0.756456 -0.162891 0.517136
v 0.838991 -0.055794 0.385918
v 0.811256 -0.045936 0.442043
v 0.780828 -0.040837 0.494337
v 0.747734 -0.039204 0.543257
v 0.825787 -0.110086 0.406432
v 0.802976 -0.095137 0.453647
v 0.776683 -0.086081 0.499366
v 0.747317 -0.082924 0.542954
v 0.809041 -0.159180 0.427337
v 0.790282 -0.140640 0.467882
v 0.768963 -0.127303 0.506233
v 0.745481 -0.121755 0.541620
v 0.626296 -0.055794 0.678669
v 0.641726 -0.110086 0.659771
v 0.656433 -0.159180 0.637385
v 0.669835 -0.204368 0.611869
v 0.671103 -0.045936 0.634947
v 0.679581 -0.095137 0.623486
v 0.689196 -0.140640 0.607015
v 0.699814 -0.182208 0.585456
v 0.711435 -0.040837 0.589849
v 0.714937 -0.086081 0.584353
v 0.719082 -0.127303 0.574888
v 0.725587 -0.162891 0.559624
v -0.283836 -0.149236 0.873560
v -0.269083 -0.327578 0.828159
v -0.238177 -0.287885 0.852238
v -0.209418 -0.246935 0.872384
v -0.182256 -0.204368 0.888732
v -0.308240 -0.287885 0.829473
v -0.276651 -0.255004 0.851451
v -0.247604 -0.220004 0.870046
v -0.222035 -0.182208 0.884986
v -0.343348 -0.246935 0.828867
v -0.311081 -0.220004 0.849420
v -0.281514 -0.192600 0.866414
v -0.258069 -0.162891 0.879236
v -0.107770 -0.055794 0.917183
v -0.169719 -0.045935 0.908148
v -0.228856 -0.040837 0.895370
v -0.285608 -0.039204 0.879012
v -0.131360 -0.110086 0.910964
v -0.183313 -0.095137 0.903860
v -0.234919 -0.086081 0.892982
v -0.285448 -0.082924 0.878522
v -0.156416 -0.159180 0.901498
v -0.200773 -0.140640 0.896186
v -0.243835 -0.127303 0.887762
v -0.284747 -0.121755 0.876364
v -0.451919 -0.055794 0.805362
v -0.429177 -0.110086 0.814197
v -0.403342 -0.159180 0.821267
v -0.374933 -0.204368 0.826128
v -0.396490 -0.045935 0.834466
v -0.382971 -0.095137 0.838987
v -0.364334 -0.140640 0.843042
v -0.340549 -0.182208 0.846478
v -0.341136 -0.040837 0.858888
v -0.334827 -0.086081 0.860520
v -0.324544 -0.127303 0.861538
v -0.308017 -0.162891 0.863007
v -0.918517 -0.149235 0.000000
v -0.870779 -0.327576 -0.000000
v -0.884129 -0.287883 0.036834
v -0.894402 -0.246934 0.070411
v -0.901557 -0.204366 0.101295
v -0.884129 -0.287883 -0.036834
v -0.895270 -0.255003 -0.000000
v -0.903978 -0.220002 0.033372
v -0.910286 -0.182206 0.062306
v -0.894402 -0.246934 -0.070411
v -0.903978 -0.220002 -0.033372
v -0.911003 -0.192598 -0.000000
v -0.915953 -0.162890 0.026259
v -0.905597 -0.055793 0.180928
v -0.916148 -0.045935 0.119219
v -0.922269 -0.040836 0.059028
v -0.924250 -0.039203 0.000000
v -0.906972 -0.110085 0.156570
v -0.916270 -0.095136 0.104965
v -0.921872 -0.086080 0.052524
v -0.923734 -0.082923 0.000000
v -0.905713 -0.159178 0.129815
v -0.914368 -0.140639 0.085988
v -0.919662 -0.127302 0.042431
v -0.921465 -0.121754 0.000000
v -0.905597 -0.055793 -0.180928
v -0.906972 -0.110085 -0.156570
v -0.905712 -0.159178 -0.129815
v -0.901557 -0.204366 -0.101295
v -0.916148 -0.045935 -0.119219
v -0.916270 -0.095136 -0.104965
v -0.914368 -0.140639 -0.085988
v -0.910286 -0.182206 -0.062306
v -0.922270 -0.040836 -0.059028
v -0.921872 -0.086080 -0.052524
v -0.919662 -0.127302 -0.042431
v -0.915953 -0.162890 -0.026259
v -0.283836 -0.149236 -0.873560
v -0.269083 -0.327578 -0.828159
v -0.308240 -0.287885 -0.829473
v -0.343348 -0.246935 -0.828867
v -0.374933 -0.204368 -0.826128
v -0.238177 -0.287885 -0.852238
v -0.276651 -0.255004 -0.851451
v -0.311081 -0.220004 -0.849421
v -0.340549 -0.182208 -0.846478
v -0.209418 -0.246935 -0.872384
v -0.247604 -0.220004 -0.870045
v -0.281513 -0.192600 -0.866414
v -0.308017 -0.162891 -0.863007
v -0.451919 -0.055794 -0.805362
v -0.396490 -0.045935 -0.834466
v -0.341136 -0.040837 -0.858888
v -0.285608 -0.039204 -0.879013
v -0.429177 -0.110086 -0.814197
v -0.382971 -0.095137 -0.838987
v -0.334827 -0.086081 -0.860520
v -0.285448 -0.082924 -0.878522
v -0.403342 -0.159180 -0.821267
v -0.364334 -0.140640 -0.843042
v -0.324544 -0.127303 -0.861538
v -0.284747 -0.121755 -0.876364
v -0.107770 -0.055794 -0.917183
v -0.131360 -0.110086 -0.910964
v -0.156416 -0.159180 -0.901498
v -0.182256 -0.204368 -0.888732
v -0.169719 -0.045936 -0.908148
v -0.183313 -0.095137 -0.903859
v -0.200773 -0.140640 -0.896186
v -0.222035 -0.182208 -0.884986
v -0.228856 -0.040837 -0.895370
v -0.234919 -0.086081 -0.892982
v -0.243835 -0.127303 -0.887762
v -0.258069 -0.162891 -0.879236
v 0.743096 -0.149236 -0.539887
v 0.704476 -0.327578 -0.511827
v 0.693626 -0.287885 -0.549474
v 0.682200 -0.246935 -0.582677
v 0.669835 -0.204368 -0.611869
v 0.736927 -0.287885 -0.489875
v 0.724289 -0.255004 -0.526223
v 0.711719 -0.220003 -0.558340
v 0.699814 -0.182208 -0.585456
v 0.764974 -0.246935 -0.468748
v 0.750950 -0.220003 -0.504343
v 0.737018 -0.192600 -0.535471
v 0.725587 -0.162891 -0.559624
v 0.626296 -0.055794 -0.678669
v 0.671103 -0.045936 -0.634947
v 0.711435 -0.040837 -0.589849
v 0.747734 -0.039204 -0.543257
v 0.641726 -0.110086 -0.659771
v 0.679581 -0.095137 -0.623486
v 0.714937 -0.086081 -0.584353
v 0.747317 -0.082924 -0.542954
v 0.656433 -0.159180 -0.637385
v 0.689196 -0.140640 -0.607015
v 0.719082 -0.127303 -0.574888
v 0.745481 -0.121755 -0.541620
v 0.838991 -0.055794 -0.385918
v 0.825787 -0.110086 -0.406432
v 0.809041 -0.159180 -0.427337
v 0.788915 -0.204368 -0.447967
v 0.811256 -0.045936 -0.442043
v 0.802976 -0.095137 -0.453647
v 0.790282 -0.140640 -0.467882
v 0.773060 -0.182208 -0.484642
v 0.780828 -0.040837 -0.494337
v 0.776683 -0.086081 -0.499366
v 0.768963 -0.127303 -0.506233
v 0.756456 -0.162891 -0.517136
v 0.369522 0.597910 0.609836
v 0.298881 0.483611 0.736445
v 0.347156 0.491658 0.709699
v 0.391631 0.499751 0.680266
v 0.432868 0.507728 0.647817
v 0.284489 0.530388 0.709698
v 0.329893 0.533789 0.687586
v 0.371849 0.538198 0.662390
v 0.409730 0.544452 0.633556
v 0.271839 0.573786 0.680265
v 0.315073 0.573287 0.662390
v 0.354177 0.573081 0.642773
v 0.386939 0.576143 0.620104
v 0.543480 0.535228 0.523558
v 0.498430 0.579714 0.520719
v 0.451375 0.618068 0.519600
v 0.402498 0.651265 0.519252
v 0.508369 0.524750 0.570464
v 0.472760 0.565293 0.562636
v 0.433159 0.600967 0.557877
v 0.390184 0.631340 0.556171
v 0.471477 0.515949 0.611563
v 0.443189 0.553545 0.600343
v 0.412191 0.586240 0.591781
v 0.378436 0.612333 0.588009
v 0.235663 0.725469 0.523557
v 0.241992 0.689379 0.570463
v 0.250619 0.652446 0.611562
v 0.260531 0.614237 0.647817
v 0.295599 0.705070 0.520718
v 0.294180 0.675661 0.562635
v 0.296896 0.643958 0.600342
v 0.303727 0.609966 0.633556
v 0.350948 0.680135 0.519600
v 0.343798 0.656195 0.557877
v 0.340002 0.630855 0.591781
v 0.342264 0.603753 0.620103
v -0.465802 0.597910 0.539885
v -0.608042 0.483611 0.511826
v -0.567688 0.491658 0.549473
v -0.525953 0.499751 0.582675
v -0.482350 0.507728 0.611867
v -0.587053 0.530388 0.489874
v -0.551992 0.533789 0.526222
v -0.515065 0.538198 0.558338
v -0.475936 0.544453 0.585455
v -0.562969 0.573786 0.468747
v -0.532609 0.573287 0.504341
v -0.501869 0.573081 0.535469
v -0.470185 0.576143 0.559622
v -0.329993 0.535229 0.678667
v -0.341213 0.579715 0.634944
v -0.354690 0.618069 0.589846
v -0.369462 0.651266 0.543255
v -0.385452 0.524751 0.659769
v -0.389010 0.565294 0.623484
v -0.396722 0.600968 0.584350
v -0.408379 0.631341 0.542952
v -0.435940 0.515950 0.637383
v -0.434009 0.553545 0.607013
v -0.435446 0.586240 0.574886
v -0.442289 0.612333 0.541618
v -0.425110 0.725469 0.385916
v -0.467764 0.689379 0.406431
v -0.504186 0.652446 0.427336
v -0.535603 0.614237 0.447966
v -0.403889 0.705070 0.442041
v -0.444193 0.675662 0.453645
v -0.479215 0.643959 0.467880
v -0.508692 0.609966 0.484640
v -0.385722 0.680136 0.494335
v -0.424335 0.656195 0.499364
v -0.457753 0.630855 0.506231
v -0.483990 0.603754 0.517134
v -0.657405 0.597910 -0.276164
v -0.674675 0.483611 -0.420113
v -0.698009 0.491657 -0.370101
v -0.716689 0.499751 -0.320148
v -0.730978 0.507727 -0.269659
v -0.647311 0.530388 -0.406935
v -0.671045 0.533788 -0.362358
v -0.690179 0.538197 -0.317314
v -0.703876 0.544452 -0.271721
v -0.619776 0.573786 -0.390559
v -0.644246 0.573287 -0.350686
v -0.664351 0.573081 -0.311830
v -0.677531 0.576143 -0.274234
v -0.747426 0.535228 -0.104117
v -0.709311 0.579714 -0.128300
v -0.670585 0.618068 -0.155052
v -0.630839 0.651265 -0.183499
v -0.746591 0.524750 -0.162702
v -0.713182 0.565293 -0.177299
v -0.678347 0.600967 -0.196726
v -0.642577 0.631340 -0.220605
v -0.740903 0.515949 -0.217635
v -0.711423 0.553545 -0.225185
v -0.681312 0.586240 -0.236479
v -0.651788 0.612333 -0.253267
v -0.498398 0.725469 -0.285045
v -0.531089 0.689379 -0.319271
v -0.562226 0.652446 -0.347450
v -0.591555 0.614237 -0.370954
v -0.545218 0.705070 -0.247519
v -0.568709 0.675661 -0.282263
v -0.593070 0.643958 -0.311172
v -0.618118 0.609965 -0.334027
v -0.589338 0.680135 -0.214081
v -0.606053 0.656195 -0.249249
v -0.622911 0.630854 -0.278909
v -0.641388 0.603753 -0.300493
v 0.059498 0.597910 -0.710568
v 0.191066 0.483611 -0.771476
v 0.136290 0.491658 -0.778213
v 0.083009 0.499752 -0.780542
v 0.030575 0.507728 -0.778529
v 0.186988 0.530388 -0.741378
v 0.137258 0.533789 -0.750176
v 0.088506 0.538198 -0.754453
v 0.040912 0.544453 -0.753391
v 0.179922 0.573787 -0.710130
v 0.134438 0.573287 -0.721081
v 0.091272 0.573081 -0.728195
v 0.051443 0.576144 -0.729112
v -0.131948 0.535229 -0.743016
v -0.097171 0.579715 -0.714240
v -0.059760 0.618069 -0.685676
v -0.020423 0.651266 -0.656666
v -0.075972 0.524751 -0.760326
v -0.051766 0.565294 -0.733063
v -0.022525 0.600968 -0.705936
v 0.011239 0.631341 -0.679296
v -0.021969 0.515950 -0.771892
v -0.005680 0.553545 -0.746188
v 0.014366 0.586240 -0.721041
v 0.039457 0.612334 -0.698149
v 0.117080 0.725469 -0.562087
v 0.139529 0.689379 -0.603755
v 0.156707 0.652446 -0.642076
v 0.169997 0.614237 -0.677233
v 0.066922 0.705070 -0.595019
v 0.092707 0.675662 -0.628097
v 0.112673 0.643959 -0.660199
v 0.126669 0.609966 -0.691085
v 0.021486 0.680136 -0.626647
v 0.049768 0.656195 -0.653412
v 0.072768 0.630855 -0.678610
v 0.087585 0.603754 -0.702853
v 0.694179 0.597908 -0.162988
v 0.792762 0.483608 -0.056681
v 0.782243 0.491655 -0.110858
v 0.767994 0.499749 -0.162251
v 0.749877 0.507726 -0.211496
v 0.762878 0.530385 -0.051259
v 0.755878 0.533786 -0.101273
v 0.744881 0.538195 -0.148961
v 0.729163 0.544450 -0.193898
v 0.730976 0.573784 -0.048323
v 0.727336 0.573284 -0.094964
v 0.720763 0.573079 -0.138216
v 0.709327 0.576141 -0.176379
v 0.665880 0.535227 -0.355091
v 0.649258 0.579713 -0.313124
v 0.633654 0.618067 -0.268718
v 0.618219 0.651264 -0.222341
v 0.699640 0.524749 -0.307204
v 0.681191 0.565292 -0.275758
v 0.664428 0.600966 -0.239565
v 0.649526 0.631338 -0.199221
v 0.727327 0.515948 -0.259418
v 0.707915 0.553543 -0.235982
v 0.690194 0.586238 -0.209147
v 0.676176 0.612331 -0.178211
v 0.570759 0.725467 -0.062342
v 0.617325 0.689376 -0.053868
v 0.659079 0.652444 -0.049372
v 0.696622 0.614235 -0.047596
v 0.586580 0.705068 -0.120222
v 0.626007 0.675659 -0.105920
v 0.662708 0.643956 -0.096851
v 0.696407 0.609963 -0.093084
v 0.602620 0.680133 -0.173207
v 0.636814 0.656193 -0.154579
v 0.667886 0.630852 -0.140492
v 0.695522 0.603751 -0.133892
v 0.224334 0.888287 -0.162988
v 0.393622 0.834943 -0.062342
v 0.368301 0.839972 -0.120222
v 0.338825 0.843167 -0.173207
v 0.306027 0.844208 -0.222341
v 0.340516 0.860453 -0.053868
v 0.324365 0.862084 -0.105920
v 0.302120 0.863044 -0.154579
v 0.274204 0.863299 -0.199221
v 0.288810 0.881281 -0.049372
v 0.279595 0.880732 -0.096850
v 0.265559 0.879503 -0.140492
v 0.245285 0.878635 -0.178210
v 0.180925 0.834945 -0.355090
v 0.156455 0.860454 -0.307203
v 0.136202 0.881282 -0.259417
v 0.118764 0.897773 -0.211495
v 0.228148 0.839972 -0.313123
v 0.200969 0.862085 -0.275757
v 0.178509 0.880732 -0.235982
v 0.160875 0.895671 -0.193897
v 0.269432 0.843167 -0.268717
v 0.240373 0.863045 -0.239565
v 0.215678 0.879504 -0.209147
v 0.198091 0.892101 -0.176379
v 0.078015 0.925346 -0.056681
v 0.133218 0.919535 -0.051259
v 0.186301 0.910410 -0.048323
v 0.237845 0.897773 -0.047596
v 0.089916 0.919536 -0.110858
v 0.139390 0.914796 -0.101273
v 0.187482 0.906931 -0.094964
v 0.234121 0.895670 -0.093084
v 0.103528 0.910410 -0.162250
v 0.148251 0.906931 -0.148960
v 0.190238 0.900960 -0.138216
v 0.228960 0.892101 -0.133891
v 0.453115 0.733163 -0.329207
v 0.480629 0.777680 -0.124709
v 0.508197 0.749596 -0.174210
v 0.530303 0.720770 -0.222939
v 0.547916 0.690610 -0.270752
v 0.443181 0.789777 -0.174210
v 0.471686 0.763210 -0.212199
v 0.494819 0.735998 -0.252264
v 0.511976 0.708379 -0.293976
v 0.407512 0.796659 -0.222938
v 0.437002 0.771731 -0.252264
v 0.461563 0.746832 -0.282516
v 0.478210 0.723332 -0.314665
v 0.576110 0.586720 -0.418567
v 0.526127 0.623888 -0.429489
v 0.476563 0.658558 -0.435455
v 0.426816 0.690610 -0.437430
v 0.571052 0.623888 -0.367656
v 0.527191 0.652200 -0.383026
v 0.482614 0.680506 -0.392646
v 0.437798 0.708379 -0.396073
v 0.561410 0.658557 -0.318675
v 0.522566 0.680506 -0.337658
v 0.484033 0.701893 -0.351670
v 0.447039 0.723332 -0.357567
v 0.267126 0.777681 -0.418567
v 0.302633 0.789778 -0.367655
v 0.337955 0.796659 -0.318674
v 0.372659 0.798924 -0.270752
v 0.322724 0.749597 -0.429488
v 0.347571 0.763210 -0.383025
v 0.374958 0.771732 -0.337658
v 0.404624 0.774725 -0.293976
v 0.375899 0.720771 -0.435455
v 0.392825 0.735999 -0.392645
v 0.411319 0.746832 -0.351669
v 0.433099 0.751211 -0.314664
v 0.369522 0.597910 -0.609836
v 0.543480 0.535228 -0.523558
v 0.508369 0.524750 -0.570464
v 0.471477 0.515949 -0.611563
v 0.432868 0.507728 -0.647817
v 0.498430 0.579714 -0.520719
v 0.472760 0.565293 -0.562636
v 0.443189 0.553545 -0.600343
v 0.409730 0.544452 -0.633556
v 0.451375 0.618068 -0.519600
v 0.433159 0.600967 -0.557877
v 0.412191 0.586240 -0.591781
v 0.386939 0.576143 -0.620104
v 0.298881 0.483611 -0.736445
v 0.284489 0.530388 -0.709698
v 0.271839 0.573786 -0.680265
v 0.260531 0.614237 -0.647817
v 0.347156 0.491658 -0.709699
v 0.329893 0.533789 -0.687586
v 0.315073 0.573287 -0.662390
v 0.303727 0.609966 -0.633556
v 0.391631 0.499751 -0.680266
v 0.371849 0.538198 -0.662390
v 0.354177 0.573081 -0.642773
v 0.342264 0.603753 -0.620103
v 0.235663 0.725469 -0.523557
v 0.295599 0.705070 -0.520718
v 0.350948 0.680135 -0.519600
v 0.402498 0.651265 -0.519252
v 0.241992 0.689379 -0.570463
v 0.294180 0.675661 -0.562635
v 0.343798 0.656195 -0.557877
v 0.390184 0.631340 -0.556171
v 0.250619 0.652446 -0.611562
v 0.296896 0.643958 -0.600342
v 0.340002 0.630855 -0.591781
v 0.378436 0.612333 -0.588009
v -0.085689 0.888288 -0.263719
v 0.062343 0.834945 -0.393619
v -0.000529 0.839973 -0.387424
v -0.060029 0.843168 -0.375764
v -0.116893 0.844209 -0.359754
v 0.053992 0.860454 -0.340495
v -0.000503 0.862085 -0.341218
v -0.053655 0.863046 -0.335099
v -0.104738 0.863299 -0.322345
v 0.042290 0.881282 -0.289930
v -0.005712 0.880733 -0.295838
v -0.051555 0.879504 -0.295975
v -0.093692 0.878636 -0.288349
v -0.281803 0.834945 -0.281798
v -0.243821 0.860454 -0.243728
v -0.204633 0.881282 -0.209699
v -0.164445 0.897774 -0.178307
v -0.227298 0.839973 -0.313741
v -0.200159 0.862085 -0.276346
v -0.169271 0.880733 -0.242694
v -0.134695 0.895671 -0.212918
v -0.172308 0.843168 -0.339282
v -0.153562 0.863046 -0.302637
v -0.132264 0.879504 -0.269751
v -0.106534 0.892101 -0.242899
v -0.029800 0.925346 -0.091712
v -0.007584 0.919536 -0.142537
v 0.011611 0.910411 -0.192115
v 0.028230 0.897774 -0.240911
v -0.077647 0.919536 -0.119772
v -0.053243 0.914796 -0.163862
v -0.032382 0.906932 -0.207651
v -0.016182 0.895671 -0.251425
v -0.122318 0.910411 -0.148598
v -0.095859 0.906932 -0.187026
v -0.072665 0.900960 -0.223637
v -0.056587 0.892101 -0.259128
v -0.173077 0.733164 -0.532667
v 0.029914 0.777682 -0.495641
v -0.008645 0.749598 -0.537156
v -0.048158 0.720772 -0.573238
v -0.088189 0.690611 -0.604764
v -0.028736 0.789779 -0.475322
v -0.056057 0.763211 -0.514171
v -0.087013 0.736000 -0.548553
v -0.121382 0.708380 -0.577760
v -0.086102 0.796660 -0.456457
v -0.104880 0.771733 -0.493565
v -0.126061 0.746833 -0.526273
v -0.151492 0.723333 -0.552039
v -0.220058 0.586721 -0.677256
v -0.245890 0.623889 -0.633093
v -0.266879 0.658559 -0.587799
v -0.284130 0.690611 -0.541098
v -0.173201 0.623889 -0.656712
v -0.201372 0.652201 -0.619748
v -0.224296 0.680508 -0.580326
v -0.241404 0.708380 -0.538762
v -0.129597 0.658559 -0.632406
v -0.159654 0.680508 -0.601329
v -0.184887 0.701894 -0.569013
v -0.201927 0.723333 -0.535652
v -0.315536 0.777682 -0.383396
v -0.256144 0.789779 -0.401432
v -0.198646 0.796660 -0.419889
v -0.142345 0.798925 -0.438085
v -0.308743 0.749598 -0.439647
v -0.256876 0.763211 -0.448920
v -0.205266 0.771733 -0.460947
v -0.154555 0.774727 -0.475662
v -0.297985 0.720772 -0.492063
v -0.252041 0.736000 -0.494931
v -0.207356 0.746833 -0.499858
v -0.165432 0.751213 -0.509137
v -0.465802 0.597910 -0.539885
v -0.329993 0.535229 -0.678667
v -0.385452 0.524751 -0.659769
v -0.435939 0.515950 -0.637383
v -0.482350 0.507728 -0.611867
v -0.341213 0.579715 -0.634944
v -0.389010 0.565294 -0.623484
v -0.434009 0.553545 -0.607013
v -0.475937 0.544453 -0.585455
v -0.354690 0.618069 -0.589846
v -0.396722 0.600968 -0.584350
v -0.435446 0.586240 -0.574886
v -0.470185 0.576143 -0.559622
v -0.608042 0.483611 -0.511826
v -0.587053 0.530388 -0.489874
v -0.562969 0.573786 -0.468747
v -0.535603 0.614237 -0.447966
v -0.567688 0.491658 -0.549473
v -0.551992 0.533789 -0.526222
v -0.532609 0.573287 -0.504341
v -0.508692 0.609966 -0.484640
v -0.525953 0.499751 -0.582675
v -0.515065 0.538198 -0.558338
v -0.501869 0.573081 -0.535469
v -0.483990 0.603754 -0.517134
v -0.425110 0.725469 -0.385916
v -0.403889 0.705070 -0.442041
v -0.385722 0.680136 -0.494335
v -0.369462 0.651266 -0.543255
v -0.467764 0.689379 -0.406431
v -0.444193 0.675662 -0.453645
v -0.424335 0.656195 -0.499364
v -0.408379 0.631341 -0.542952
v -0.504186 0.652446 -0.427336
v -0.479215 0.643959 -0.467880
v -0.457753 0.630855 -0.506231
v -0.442289 0.612333 -0.541618
v -0.277292 0.888288 0.000000
v -0.355090 0.834945 -0.180927
v -0.368626 0.839973 -0.119219
v -0.375924 0.843168 -0.059028
v -0.378270 0.844209 -0.000000
v -0.307146 0.860454 -0.156569
v -0.324675 0.862085 -0.104965
v -0.335280 0.863045 -0.052524
v -0.338936 0.863299 -0.000000
v -0.262673 0.881282 -0.129815
v -0.283125 0.880733 -0.085987
v -0.297422 0.879504 -0.042431
v -0.303190 0.878636 0.000000
v -0.355090 0.834945 0.180927
v -0.307146 0.860454 0.156569
v -0.262673 0.881282 0.129814
v -0.220397 0.897774 0.101295
v -0.368626 0.839973 0.119219
v -0.324675 0.862085 0.104965
v -0.283125 0.880733 0.085987
v -0.244121 0.895671 0.062306
v -0.375924 0.843168 0.059028
v -0.335280 0.863045 0.052524
v -0.297422 0.879504 0.042431
v -0.263933 0.892101 0.026259
v -0.096433 0.925346 0.000000
v -0.137905 0.919536 -0.036834
v -0.179125 0.910411 -0.070411
v -0.220397 0.897774 -0.101295
v -0.137905 0.919536 0.036834
v -0.172296 0.914796 0.000000
v -0.207496 0.906932 -0.033371
v -0.244121 0.895671 -0.062306
v -0.179125 0.910411 0.070410
v -0.207495 0.906932 0.033371
v -0.235148 0.900960 0.000000
v -0.263933 0.892101 -0.026259
v -0.560082 0.733164 0.000000
v -0.462139 0.777681 -0.181613
v -0.513538 0.749597 -0.157770
v -0.560064 0.720771 -0.131341
v -0.602417 0.690611 -0.103012
v -0.460939 0.789779 -0.119555
v -0.506329 0.763211 -0.105576
v -0.548595 0.735999 -0.086760
v -0.586993 0.708379 -0.063099
v -0.460725 0.796660 -0.059168
v -0.501819 0.771732 -0.052776
v -0.539472 0.746833 -0.042739
v -0.571836 0.723333 -0.026515
v -0.712112 0.586720 0.000000
v -0.678094 0.623888 0.038215
v -0.641503 0.658558 0.072173
v -0.602418 0.690611 0.103012
v -0.678094 0.623888 -0.038215
v -0.651644 0.652200 -0.000000
v -0.621236 0.680507 0.033984
v -0.586993 0.708380 0.063099
v -0.641503 0.658558 -0.072173
v -0.621236 0.680507 -0.033984
v -0.598298 0.701894 -0.000000
v -0.571836 0.723333 0.026515
v -0.462139 0.777681 0.181613
v -0.460939 0.789779 0.119555
v -0.460725 0.796660 0.059168
v -0.460632 0.798925 0.000000
v -0.513538 0.749597 0.157770
v -0.506329 0.763211 0.105576
v -0.501819 0.771732 0.052776
v -0.500144 0.774726 0.000000
v -0.560064 0.720771 0.131341
v -0.548595 0.735999 0.086760
v -0.539472 0.746833 0.042739
v -0.535341 0.751212 -0.000000
v -0.657405 0.597910 0.276164
v -0.747426 0.535228 0.104117
v -0.746591 0.524750 0.162702
v -0.740903 0.515949 0.217636
v -0.730978 0.507727 0.269659
v -0.709311 0.579714 0.128300
v -0.713182 0.565293 0.177299
v -0.711423 0.553545 0.225185
v -0.703876 0.544452 0.271721
v -0.670585 0.618068 0.155052
v -0.678347 0.600967 0.196726
v -0.681312 0.586240 0.236479
v -0.677531 0.576143 0.274234
v -0.674675 0.483611 0.420114
v -0.647311 0.530388 0.406935
v -0.619776 0.573786 0.390559
v -0.591555 0.614237 0.370954
v -0.698009 0.491657 0.370101
v -0.671045 0.533788 0.362358
v -0.644246 0.573287 0.350686
v -0.618118 0.609965 0.334027
v -0.716689 0.499751 0.320148
v -0.690179 0.538197 0.317314
v -0.664351 0.573081 0.311830
v -0.641388 0.603753 0.300493
v -0.498398 0.725469 0.285045
v -0.545218 0.705070 0.247519
v -0.589338 0.680135 0.214081
v -0.630839 0.651265 0.183499
v -0.531089 0.689379 0.319271
v -0.568709 0.675661 0.282263
v -0.606053 0.656195 0.249249
v -0.642577 0.631340 0.220605
v -0.562226 0.652446 0.347450
v -0.593069 0.643958 0.311172
v -0.622911 0.630854 0.278909
v -0.651788 0.612333 0.253267
v -0.085689 0.888288 0.263719
v -0.281803 0.834945 0.281798
v -0.227298 0.839973 0.313741
v -0.172308 0.843168 0.339282
v -0.116893 0.844209 0.359754
v -0.243821 0.860454 0.243728
v -0.200159 0.862085 0.276346
v -0.153562 0.863046 0.302637
v -0.104738 0.863299 0.322345
v -0.204633 0.881282 0.209699
v -0.169271 0.880733 0.242694
v -0.132264 0.879504 0.269751
v -0.093692 0.878636 0.288349
v 0.062343 0.834945 0.393619
v 0.053992 0.860454 0.340495
v 0.042290 0.881282 0.289930
v 0.028230 0.897774 0.240911
v -0.000529 0.839973 0.387424
v -0.000503 0.862085 0.341218
v -0.005712 0.880733 0.295838
v -0.016182 0.895671 0.251425
v -0.060029 0.843168 0.375764
v -0.053655 0.863046 0.335099
v -0.051555 0.879504 0.295975
v -0.056587 0.892101 0.259128
v -0.029800 0.925346 0.091712
v -0.077647 0.919536 0.119772
v -0.122318 0.910411 0.148598
v -0.164445 0.897774 0.178307
v -0.007584 0.919536 0.142537
v -0.053243 0.914796 0.163862
v -0.095859 0.906932 0.187026
v -0.134695 0.895671 0.212918
v 0.011611 0.910411 0.192115
v -0.032382 0.906932 0.207651
v -0.072665 0.900960 0.223637
v -0.106534 0.892101 0.242899
v -0.173077 0.733164 0.532667
v -0.315536 0.777682 0.383396
v -0.308743 0.749598 0.439647
v -0.297985 0.720772 0.492063
v -0.284130 0.690611 0.541097
v -0.256144 0.789779 0.401432
v -0.256876 0.763211 0.448920
v -0.252041 0.736000 0.494931
v -0.241404 0.708380 0.538762
v -0.198646 0.796660 0.419889
v -0.205266 0.771733 0.460947
v -0.207356 0.746833 0.499858
v -0.201927 0.723333 0.535652
v -0.220058 0.586721 0.677256
v -0.173201 0.623889 0.656712
v -0.129597 0.658559 0.632406
v -0.088189 0.690611 0.604763
v -0.245890 0.623889 0.633093
v -0.201372 0.652201 0.619748
v -0.159654 0.680508 0.601329
v -0.121382 0.708380 0.577760
v -0.266879 0.658559 0.587799
v -0.224296 0.680508 0.580326
v -0.184887 0.701894 0.569013
v -0.151492 0.723333 0.552039
v 0.029914 0.777682 0.495641
v -0.028736 0.789779 0.475322
v -0.086102 0.796660 0.456457
v -0.142345 0.798925 0.438085
v -0.008645 0.749598 0.537155
v -0.056057 0.763211 0.514171
v -0.104880 0.771733 0.493565
v -0.154555 0.774727 0.475662
v -0.048158 0.720772 0.573238
v -0.087014 0.736000 0.548553
v -0.126061 0.746833 0.526273
v -0.165432 0.751213 0.509137
v 0.059498 0.597910 0.710568
v -0.131948 0.535229 0.743016
v -0.075972 0.524751 0.760326
v -0.021969 0.515950 0.771892
v 0.030575 0.507728 0.778529
v -0.097171 0.579715 0.714240
v -0.051766 0.565294 0.733063
v -0.005680 0.553545 0.746188
v 0.040912 0.544453 0.753391
v -0.059760 0.618069 0.685676
v -0.022525 0.600968 0.705936
v 0.014366 0.586241 0.721041
v 0.051443 0.576144 0.729112
v 0.191066 0.483611 0.771476
v 0.186988 0.530388 0.741378
v 0.179922 0.573787 0.710130
v 0.169997 0.614237 0.677233
v 0.136290 0.491658 0.778213
v 0.137258 0.533789 0.750176
v 0.134438 0.573287 0.721081
v 0.126669 0.609966 0.691085
v 0.083009 0.499752 0.780542
v 0.088506 0.538198 0.754453
v 0.091272 0.573081 0.728195
v 0.087585 0.603754 0.702853
v 0.117080 0.725469 0.562087
v 0.066922 0.705070 0.595019
v 0.021486 0.680136 0.626647
v -0.020423 0.651266 0.656666
v 0.139529 0.689379 0.603755
v 0.092707 0.675662 0.628097
v 0.049768 0.656195 0.653412
v 0.011239 0.631341 0.679296
v 0.156707 0.652446 0.642076
v 0.112673 0.643959 0.660199
v 0.072768 0.630855 0.678610
v 0.039457 0.612334 0.698149
v 0.224334 0.888287 0.162988
v 0.180925 0.834945 0.355090
v 0.228148 0.839972 0.313123
v 0.269432 0.843167 0.268717
v 0.306027 0.844208 0.222341
v 0.156455 0.860454 0.307203
v 0.200969 0.862085 0.275757
v 0.240373 0.863045 0.239565
v 0.274204 0.863299 0.199221
v 0.136202 0.881282 0.259417
v 0.178509 0.880732 0.235982
v 0.215678 0.879504 0.209147
v 0.245285 0.878635 0.178210
v 0.393622 0.834943 0.062342
v 0.340516 0.860453 0.053868
v 0.288810 0.881281 0.049372
v 0.237845 0.897773 0.047596
v 0.368301 0.839972 0.120222
v 0.324365 0.862084 0.105920
v 0.279595 0.880732 0.096850
v 0.234121 0.895670 0.093084
v 0.338825 0.843167 0.173207
v 0.302120 0.863045 0.154579
v 0.265559 0.879503 0.140492
v 0.228960 0.892101 0.133891
v 0.078015 0.925346 0.056681
v 0.089916 0.919536 0.110858
v 0.103528 0.910410 0.162250
v 0.118764 0.897773 0.211495
v 0.133218 0.919535 0.051259
v 0.139390 0.914796 0.101273
v 0.148251 0.906931 0.148960
v 0.160875 0.895671 0.193897
v 0.186301 0.910410 0.048323
v 0.187482 0.906931 0.094964
v 0.190238 0.900960 0.138216
v 0.198091 0.892101 0.176379
v 0.453115 0.733163 0.329207
v 0.267126 0.777681 0.418567
v 0.322724 0.749597 0.429488
v 0.375899 0.720771 0.435455
v 0.426816 0.690610 0.437430
v 0.302633 0.789778 0.367655
v 0.347571 0.763210 0.383025
v 0.392825 0.735999 0.392645
v 0.437798 0.708379 0.396073
v 0.337955 0.796659 0.318674
v 0.374958 0.771732 0.337658
v 0.411319 0.746832 0.351669
v 0.447039 0.723332 0.357567
v 0.576110 0.586720 0.418567
v 0.571052 0.623888 0.367656
v 0.561410 0.658557 0.318675
v 0.547916 0.690610 0.270752
v 0.526127 0.623888 0.429489
v 0.527191 0.652200 0.383026
v 0.522566 0.680506 0.337658
v 0.511976 0.708379 0.293976
v 0.476563 0.658558 0.435455
v 0.482614 0.680507 0.392646
v 0.484033 0.701893 0.351670
v 0.478210 0.723332 0.314665
v 0.480629 0.777680 0.124709
v 0.443181 0.789777 0.174210
v 0.407512 0.796659 0.222938
v 0.372659 0.798924 0.270752
v 0.508197 0.749596 0.174210
v 0.471686 0.763210 0.212199
v 0.437002 0.771731 0.252264
v 0.404624 0.774725 0.293976
v 0.530303 0.720770 0.222939
v 0.494819 0.735999 0.252264
v 0.461563 0.746832 0.282516
v 0.433099 0.751211 0.314664
v 0.694179 0.597908 0.162988
v 0.665880 0.535227 0.355091
v 0.699640 0.524749 0.307204
v 0.727327 0.515948 0.259418
v 0.749877 0.507726 0.211496
v 0.649258 0.579713 0.313124
v 0.681191 0.565292 0.275758
v 0.707915 0.553543 0.235982
v 0.729163 0.544450 0.193898
v 0.633654 0.618067 0.268718
v 0.664428 0.600966 0.239565
v 0.690194 0.586238 0.209147
v 0.709327 0.576141 0.176379
v 0.792762 0.483608 0.056681
v 0.762878 0.530385 0.051259
v 0.730976 0.573784 0.048323
v 0.696622 0.614234 0.047596
v 0.782243 0.491655 0.110858
v 0.755878 0.533786 0.101273
v 0.727336 0.573284 0.094964
v 0.696407 0.609963 0.093084
v 0.767994 0.499749 0.162251
v 0.744881 0.538195 0.148961
v 0.720763 0.573079 0.138216
v 0.695522 0.603751 0.133892
v 0.570759 0.725467 0.062342
v 0.586580 0.705068 0.120222
v 0.602620 0.680133 0.173207
v 0.618219 0.651264 0.222341
v 0.617325 0.689377 0.053868
v 0.626007 0.675659 0.105920
v 0.636814 0.656193 0.154579
v 0.649526 0.631338 0.199221
v 0.659079 0.652444 0.049372
v 0.662708 0.643956 0.096851
v 0.667886 0.630853 0.140492
v 0.676176 0.612331 0.178211
v 0.832827 0.320613 -0.263720
v 0.872822 0.121345 -0.281800
v 0.852943 0.172346 -0.313742
v 0.831208 0.222960 -0.339283
v 0.807357 0.272991 -0.359756
v 0.878652 0.166726 -0.243729
v 0.860584 0.206508 -0.276347
v 0.840604 0.248617 -0.302638
v 0.818996 0.292400 -0.322346
v 0.879756 0.211092 -0.209700
v 0.863449 0.242476 -0.242695
v 0.845800 0.275027 -0.269752
v 0.827773 0.309139 -0.288350
v 0.718912 0.429164 -0.393621
v 0.745463 0.433103 -0.340496
v 0.769326 0.431950 -0.289931
v 0.790365 0.426750 -0.240912
v 0.751527 0.375178 -0.387425
v 0.771293 0.385089 -0.341220
v 0.790302 0.388769 -0.295839
v 0.808346 0.386086 -0.251426
v 0.780994 0.323387 -0.375765
v 0.795923 0.337977 -0.335100
v 0.809705 0.347216 -0.295976
v 0.823223 0.348349 -0.259129
v 0.840979 0.387175 -0.091712
v 0.857181 0.341781 -0.119773
v 0.868997 0.297744 -0.148599
v 0.876533 0.254413 -0.178307
v 0.825847 0.404448 -0.142538
v 0.842027 0.361489 -0.163863
v 0.854052 0.319855 -0.187027
v 0.861348 0.280082 -0.212919
v 0.809100 0.417536 -0.192116
v 0.825663 0.376631 -0.207652
v 0.838338 0.337929 -0.223638
v 0.845561 0.303674 -0.242900
v 0.733160 0.173077 -0.532669
v 0.836689 0.065564 -0.383397
v 0.808531 0.059081 -0.439649
v 0.777937 0.055812 -0.492065
v 0.744764 0.054716 -0.541100
v 0.820948 0.124097 -0.401434
v 0.797512 0.111561 -0.448922
v 0.771011 0.103716 -0.494933
v 0.741549 0.100879 -0.538764
v 0.801388 0.178603 -0.419890
v 0.782053 0.161534 -0.460949
v 0.760716 0.148530 -0.499860
v 0.737269 0.142876 -0.535654
v 0.623186 0.065564 -0.677259
v 0.635475 0.124097 -0.656715
v 0.646984 0.178604 -0.632409
v 0.657135 0.229974 -0.604766
v 0.667983 0.059081 -0.633097
v 0.673397 0.111561 -0.619751
v 0.680059 0.161534 -0.601332
v 0.687873 0.208232 -0.577762
v 0.708380 0.055812 -0.587802
v 0.708968 0.103716 -0.580329
v 0.710472 0.148530 -0.569015
v 0.714713 0.187987 -0.552042
v 0.682196 0.374550 -0.495642
v 0.719246 0.327501 -0.475324
v 0.751056 0.279268 -0.456459
v 0.778235 0.229974 -0.438087
v 0.674321 0.327501 -0.537158
v 0.707701 0.291182 -0.514173
v 0.737158 0.251324 -0.493567
v 0.762051 0.208231 -0.475664
v 0.666209 0.279268 -0.573240
v 0.697207 0.251324 -0.548555
v 0.724359 0.221244 -0.526275
v 0.745884 0.187987 -0.509139
v 0.508170 0.320615 -0.710570
v 0.537726 0.121346 -0.743019
v 0.503320 0.166726 -0.760329
v 0.471297 0.211093 -0.771894
v 0.440444 0.254414 -0.778531
v 0.561962 0.172346 -0.714243
v 0.528758 0.206509 -0.733066
v 0.497638 0.242477 -0.746190
v 0.468669 0.280084 -0.753393
v 0.579536 0.222961 -0.685679
v 0.547588 0.248618 -0.705939
v 0.517917 0.275028 -0.721044
v 0.492304 0.303675 -0.729114
v 0.347098 0.387178 -0.771477
v 0.390760 0.404450 -0.741379
v 0.432737 0.417538 -0.710131
v 0.473356 0.426751 -0.677234
v 0.378792 0.341783 -0.778214
v 0.416042 0.361491 -0.750177
v 0.452632 0.376633 -0.721083
v 0.488913 0.386087 -0.691086
v 0.409860 0.297746 -0.780544
v 0.441789 0.319857 -0.754455
v 0.471752 0.337931 -0.728197
v 0.500836 0.348350 -0.702855
v 0.596512 0.429164 -0.562088
v 0.600699 0.375178 -0.595021
v 0.598716 0.323388 -0.626649
v 0.591636 0.272991 -0.656669
v 0.554192 0.433104 -0.603757
v 0.562862 0.385090 -0.628099
v 0.564654 0.337978 -0.653414
v 0.559654 0.292401 -0.679298
v 0.513476 0.431952 -0.642077
v 0.525577 0.388771 -0.660201
v 0.531703 0.347217 -0.678612
v 0.530034 0.309140 -0.698152
v 0.006541 0.320615 -0.873558
v 0.001706 0.121346 -0.917183
v -0.034817 0.172347 -0.908148
v -0.065824 0.222961 -0.895369
v -0.092666 0.272992 -0.879011
v 0.039714 0.166727 -0.910963
v 0.003109 0.206510 -0.903859
v -0.028070 0.248618 -0.892981
v -0.053491 0.292402 -0.878520
v 0.072419 0.211093 -0.901497
v 0.035999 0.242477 -0.896185
v 0.004813 0.275029 -0.887760
v -0.018446 0.309140 -0.876363
v -0.152204 0.429165 -0.805359
v -0.093475 0.433105 -0.814195
v -0.038011 0.431953 -0.821265
v 0.015111 0.426752 -0.826126
v -0.136233 0.375179 -0.834463
v -0.086181 0.385091 -0.838985
v -0.037148 0.388771 -0.843040
v 0.010667 0.386088 -0.846477
v -0.116038 0.323389 -0.858886
v -0.072750 0.337979 -0.860518
v -0.031282 0.347218 -0.861536
v 0.007939 0.348351 -0.863006
v 0.172649 0.387178 -0.828158
v 0.150969 0.341783 -0.852238
v 0.127205 0.297746 -0.872383
v 0.101279 0.254415 -0.888732
v 0.119635 0.404450 -0.829472
v 0.104354 0.361491 -0.851451
v 0.086039 0.319857 -0.870045
v 0.063669 0.280084 -0.884985
v 0.067308 0.417539 -0.828866
v 0.057651 0.376633 -0.849419
v 0.046364 0.337931 -0.866413
v 0.030277 0.303676 -0.879235
v -0.280043 0.173078 -0.861879
v -0.106085 0.065565 -0.914214
v -0.168284 0.059081 -0.904817
v -0.227589 0.055812 -0.891918
v -0.284475 0.054716 -0.875521
v -0.128103 0.124097 -0.904817
v -0.180509 0.111562 -0.897202
v -0.232458 0.103717 -0.886217
v -0.283247 0.100879 -0.871742
v -0.151701 0.178604 -0.891917
v -0.196725 0.161535 -0.886216
v -0.240325 0.148530 -0.877948
v -0.281612 0.142877 -0.866709
v -0.451538 0.065565 -0.801969
v -0.428203 0.124098 -0.807308
v -0.401530 0.178604 -0.810743
v -0.372104 0.229975 -0.811854
v -0.395695 0.059081 -0.830927
v -0.381330 0.111562 -0.831951
v -0.361754 0.161535 -0.832595
v -0.336924 0.208232 -0.832743
v -0.340134 0.055812 -0.855350
v -0.332845 0.103717 -0.853599
v -0.321621 0.148530 -0.851533
v -0.304168 0.187988 -0.850322
v -0.260578 0.374551 -0.801967
v -0.229805 0.327502 -0.830925
v -0.202033 0.279269 -0.855348
v -0.176162 0.229975 -0.875520
v -0.302494 0.327502 -0.807306
v -0.270320 0.291183 -0.831950
v -0.241620 0.251325 -0.853598
v -0.216901 0.208232 -0.871741
v -0.339317 0.279269 -0.810742
v -0.306262 0.251325 -0.832594
v -0.276682 0.221244 -0.851533
v -0.253733 0.187988 -0.866709
v -0.518761 0.320615 -0.702876
v -0.540488 0.121346 -0.741012
v -0.567583 0.166727 -0.713639
v -0.588478 0.211093 -0.686757
v -0.604324 0.254414 -0.659465
v -0.505631 0.172347 -0.755170
v -0.533794 0.206510 -0.729407
v -0.555892 0.242477 -0.703866
v -0.571695 0.280084 -0.678541
v -0.473035 0.222961 -0.763057
v -0.502176 0.248618 -0.738933
v -0.525710 0.275029 -0.715381
v -0.541300 0.303676 -0.693516
v -0.626460 0.387178 -0.568509
v -0.584344 0.404450 -0.600733
v -0.541654 0.417538 -0.630999
v -0.497815 0.426752 -0.659464
v -0.623074 0.341783 -0.600733
v -0.584899 0.361491 -0.627496
v -0.545922 0.376633 -0.653304
v -0.506182 0.386087 -0.678540
v -0.615689 0.297746 -0.631000
v -0.581011 0.319857 -0.653304
v -0.546779 0.337931 -0.673687
v -0.513690 0.348351 -0.693516
v -0.350249 0.429165 -0.741010
v -0.380276 0.375179 -0.755168
v -0.410969 0.323389 -0.763056
v -0.441706 0.272992 -0.765600
v -0.402955 0.433105 -0.713637
v -0.423427 0.385091 -0.729406
v -0.446949 0.337979 -0.738932
v -0.473111 0.292401 -0.742176
v -0.451982 0.431952 -0.686756
v -0.465479 0.388771 -0.703865
v -0.481096 0.347218 -0.715381
v -0.500195 0.309140 -0.719832
v -0.828783 0.320615 -0.276165
v -0.871767 0.121346 -0.285046
v -0.874460 0.172346 -0.247519
v -0.871888 0.222961 -0.214081
v -0.864626 0.272991 -0.183500
v -0.854106 0.166726 -0.319272
v -0.858661 0.206509 -0.282264
v -0.857950 0.248618 -0.249250
v -0.852053 0.292401 -0.220605
v -0.834997 0.211093 -0.347451
v -0.841199 0.242477 -0.311173
v -0.842824 0.275028 -0.278910
v -0.839172 0.309140 -0.253268
v -0.812977 0.429164 -0.104117
v -0.803232 0.433104 -0.162702
v -0.792816 0.431952 -0.217636
v -0.781024 0.426751 -0.269659
v -0.835721 0.375178 -0.128300
v -0.824554 0.385090 -0.177299
v -0.813259 0.388770 -0.225185
v -0.801752 0.386087 -0.271722
v -0.852708 0.323388 -0.155053
v -0.840884 0.337978 -0.196726
v -0.829037 0.347217 -0.236479
v -0.818315 0.348350 -0.274234
v -0.734275 0.387177 -0.420114
v -0.763875 0.341783 -0.406935
v -0.790378 0.297746 -0.390559
v -0.813938 0.254414 -0.370955
v -0.751907 0.404449 -0.370101
v -0.777531 0.361491 -0.362359
v -0.800875 0.319856 -0.350686
v -0.821997 0.280083 -0.334028
v -0.767500 0.417538 -0.320148
v -0.790031 0.376633 -0.317314
v -0.809682 0.337931 -0.311831
v -0.826847 0.303675 -0.300493
v -0.906235 0.173077 0.000000
v -0.902252 0.065565 -0.181614
v -0.912536 0.059081 -0.119555
v -0.918595 0.055812 -0.059168
v -0.920579 0.054716 -0.000000
v -0.900119 0.124097 -0.157770
v -0.909072 0.111561 -0.105576
v -0.914677 0.103717 -0.052776
v -0.916605 0.100879 -0.000000
v -0.895143 0.178604 -0.131341
v -0.903635 0.161534 -0.086760
v -0.909244 0.148530 -0.042739
v -0.911314 0.142876 0.000000
v -0.902252 0.065565 0.181614
v -0.900119 0.124097 0.157770
v -0.895143 0.178604 0.131341
v -0.887107 0.229974 0.103012
v -0.912536 0.059081 0.119555
v -0.909072 0.111561 0.105576
v -0.903635 0.161534 0.086760
v -0.896102 0.208232 0.063099
v -0.918595 0.055812 0.059168
v -0.914677 0.103717 0.052776
v -0.909244 0.148530 0.042739
v -0.902698 0.187987 0.026515
v -0.843240 0.374550 0.000000
v -0.861272 0.327501 -0.038215
v -0.875918 0.279268 -0.072174
v -0.887107 0.229974 -0.103012
v -0.861272 0.327501 0.038215
v -0.874767 0.291182 -0.000000
v -0.886486 0.251325 -0.033984
v -0.896102 0.208232 -0.063099
v -0.875918 0.279268 0.072174
v -0.886486 0.251324 0.033984
v -0.895357 0.221244 -0.000000
v -0.902698 0.187987 -0.026515
v -0.828783 0.320615 0.276165
v -0.871767 0.121346 0.285045
v -0.854106 0.166726 0.319272
v -0.834997 0.211093 0.347451
v -0.813938 0.254414 0.370955
v -0.874460 0.172346 0.247519
v -0.858661 0.206509 0.282264
v -0.841199 0.242477 0.311173
v -0.821997 0.280083 0.334028
v -0.871888 0.222961 0.214081
v -0.857950 0.248618 0.249250
v -0.842824 0.275028 0.278910
v -0.826847 0.303675 0.300493
v -0.734275 0.387177 0.420114
v -0.751907 0.404449 0.370101
v -0.767500 0.417538 0.320148
v -0.781024 0.426751 0.269659
v -0.763875 0.341783 0.406935
v -0.777531 0.361491 0.362359
v -0.790032 0.376633 0.317314
v -0.801752 0.386087 0.271722
v -0.790378 0.297746 0.390559
v -0.800875 0.319856 0.350686
v -0.809682 0.337931 0.311831
v -0.818315 0.348350 0.274234
v -0.812977 0.429164 0.104117
v -0.835721 0.375178 0.128300
v -0.852708 0.323388 0.155053
v -0.864626 0.272991 0.183500
v -0.803232 0.433104 0.162702
v -0.824554 0.385090 0.177299
v -0.840883 0.337978 0.196726
v -0.852053 0.292401 0.220605
v -0.792816 0.431952 0.217636
v -0.813259 0.388770 0.225185
v -0.829037 0.347217 0.236479
v -0.839172 0.309140 0.253268
v -0.518761 0.320615 0.702876
v -0.540488 0.121346 0.741012
v -0.505631 0.172347 0.755170
v -0.473035 0.222961 0.763057
v -0.441706 0.272992 0.765600
v -0.567583 0.166727 0.713639
v -0.533794 0.206510 0.729407
v -0.502176 0.248618 0.738933
v -0.473111 0.292401 0.742176
v -0.588478 0.211093 0.686757
v -0.555892 0.242477 0.703866
v -0.525710 0.275029 0.715381
v -0.500195 0.309140 0.719832
v -0.350249 0.429165 0.741010
v -0.402955 0.433105 0.713637
v -0.451982 0.431952 0.686756
v -0.497815 0.426752 0.659464
v -0.380276 0.375179 0.755168
v -0.423427 0.385091 0.729406
v -0.465479 0.388771 0.703865
v -0.506182 0.386087 0.678540
v -0.410969 0.323389 0.763056
v -0.446949 0.337979 0.738932
v -0.481096 0.347218 0.715381
v -0.513690 0.348351 0.693516
v -0.626460 0.387178 0.568509
v -0.623074 0.341783 0.600733
v -0.615689 0.297746 0.631000
v -0.604324 0.254414 0.659465
v -0.584344 0.404450 0.600733
v -0.584899 0.361491 0.627496
v -0.581011 0.319857 0.653304
v -0.571695 0.280084 0.678541
v -0.541654 0.417538 0.630999
v -0.545922 0.376633 0.653304
v -0.546779 0.337931 0.673687
v -0.541300 0.303676 0.693516
v -0.280043 0.173078 0.861879
v -0.451538 0.065565 0.801969
v -0.395695 0.059081 0.830927
v -0.340134 0.055812 0.855350
v -0.284475 0.054716 0.875521
v -0.428203 0.124098 0.807308
v -0.381330 0.111562 0.831951
v -0.332845 0.103717 0.853599
v -0.283247 0.100879 0.871742
v -0.401530 0.178604 0.810743
v -0.361754 0.161535 0.832595
v -0.321621 0.148530 0.851533
v -0.281612 0.142877 0.866709
v -0.106085 0.065565 0.914214
v -0.128103 0.124097 0.904817
v -0.151701 0.178604 0.891917
v -0.176162 0.229975 0.875520
v -0.168284 0.059081 0.904817
v -0.180509 0.111562 0.897202
v -0.196725 0.161535 0.886216
v -0.216901 0.208232 0.871741
v -0.227589 0.055812 0.891918
v -0.232458 0.103717 0.886217
v -0.240325 0.148530 0.877948
v -0.253733 0.187988 0.866709
v -0.260578 0.374551 0.801967
v -0.302494 0.327502 0.807306
v -0.339317 0.279269 0.810742
v -0.372104 0.229975 0.811854
v -0.229805 0.327502 0.830925
v -0.270320 0.291183 0.831950
v -0.306262 0.251325 0.832594
v -0.336924 0.208232 0.832743
v -0.202033 0.279269 0.855348
v -0.241620 0.251325 0.853598
v -0.276682 0.221244 0.851533
v -0.304168 0.187988 0.850322
v 0.006541 0.320615 0.873558
v 0.001706 0.121346 0.917183
v 0.039714 0.166727 0.910963
v 0.072419 0.211093 0.901497
v 0.101279 0.254415 0.888732
v -0.034817 0.172347 0.908148
v 0.003109 0.206510 0.903859
v 0.035999 0.242477 0.896185
v 0.063669 0.280084 0.884985
v -0.065824 0.222961 0.895369
v -0.028070 0.248618 0.892981
v 0.004813 0.275029 0.887760
v 0.030277 0.303676 0.879235
v 0.172649 0.387178 0.828158
v 0.119635 0.404450 0.829472
v 0.067308 0.417539 0.828866
v 0.015111 0.426752 0.826126
v 0.150969 0.341783 0.852238
v 0.104354 0.361491 0.851451
v 0.057651 0.376633 0.849419
v 0.010667 0.386088 0.846477
v 0.127205 0.297746 0.872383
v 0.086039 0.319857 0.870045
v 0.046364 0.337931 0.866413
v 0.007939 0.348351 0.863006
v -0.152204 0.429165 0.805359
v -0.136233 0.375179 0.834463
v -0.116038 0.323389 0.858886
v -0.092666 0.272992 0.879011
v -0.093475 0.433105 0.814195
v -0.086181 0.385091 0.838985
v -0.072750 0.337979 0.860518
v -0.053491 0.292402 0.878520
v -0.038011 0.431953 0.821265
v -0.037148 0.388771 0.843040
v -0.031282 0.347218 0.861536
v -0.018446 0.309140 0.876363
v 0.508170 0.320615 0.710570
v 0.537726 0.121346 0.743019
v 0.561962 0.172346 0.714242
v 0.579536 0.222961 0.685679
v 0.591636 0.272991 0.656669
v 0.503320 0.166726 0.760329
v 0.528758 0.206509 0.733066
v 0.547588 0.248618 0.705939
v 0.559654 0.292401 0.679298
v 0.471297 0.211093 0.771894
v 0.497638 0.242477 0.746190
v 0.517917 0.275028 0.721043
v 0.530034 0.309140 0.698152
v 0.596512 0.429164 0.562088
v 0.554192 0.433104 0.603757
v 0.513476 0.431952 0.642077
v 0.473356 0.426751 0.677234
v 0.600699 0.375178 0.595021
v 0.562862 0.385090 0.628099
v 0.525577 0.388771 0.660201
v 0.488913 0.386087 0.691086
v 0.598716 0.323388 0.626649
v 0.564654 0.337978 0.653414
v 0.531703 0.347217 0.678612
v 0.500836 0.348350 0.702855
v 0.347098 0.387178 0.771476
v 0.378792 0.341783 0.778214
v 0.409860 0.297746 0.780544
v 0.440444 0.254414 0.778531
v 0.390760 0.404450 0.741379
v 0.416042 0.361491 0.750177
v 0.441789 0.319857 0.754455
v 0.468669 0.280084 0.753393
v 0.432737 0.417538 0.710131
v 0.452632 0.376633 0.721083
v 0.471752 0.337931 0.728197
v 0.492304 0.303675 0.729114
v 0.733160 0.173077 0.532669
v 0.623186 0.065564 0.677259
v 0.667983 0.059081 0.633097
v 0.708380 0.055812 0.587802
v 0.744764 0.054716 0.541100
v 0.635475 0.124097 0.656715
v 0.673397 0.111561 0.619751
v 0.708968 0.103716 0.580329
v 0.741549 0.100879 0.538764
v 0.646984 0.178604 0.632409
v 0.680059 0.161534 0.601332
v 0.710472 0.148530 0.569015
v 0.737269 0.142876 0.535654
v 0.836689 0.065564 0.383397
v 0.820948 0.124097 0.401434
v 0.801388 0.178603 0.419890
v 0.778235 0.229974 0.438087
v 0.808531 0.059081 0.439649
v 0.797512 0.111561 0.448922
v 0.782053 0.161534 0.460949
v 0.762051 0.208231 0.475664
v 0.777937 0.055812 0.492065
v 0.771011 0.103716 0.494933
v 0.760716 0.148530 0.499860
v 0.745884 0.187987 0.509139
v 0.682196 0.374550 0.495642
v 0.674321 0.327501 0.537158
v 0.666209 0.279268 0.573240
v 0.657135 0.229974 0.604766
v 0.719246 0.327501 0.475324
v 0.707701 0.291182 0.514173
v 0.697207 0.251325 0.548555
v 0.687873 0.208232 0.577762
v 0.751056 0.279268 0.456459
v 0.737158 0.251324 0.493567
v 0.724359 0.221244 0.526275
v 0.714713 0.187987 0.552042
v 0.832827 0.320613 0.263720
v 0.872822 0.121345 0.281800
v 0.878652 0.166726 0.243729
v 0.879756 0.211092 0.209700
v 0.876534 0.254413 0.178307
v 0.852943 0.172346 0.313742
v 0.860584 0.206508 0.276347
v 0.863449 0.242476 0.242695
v 0.861348 0.280082 0.212919
v 0.831208 0.222960 0.339283
v 0.840604 0.248617 0.302638
v 0.845800 0.275027 0.269752
v 0.845561 0.303674 0.242900
v 0.840979 0.387175 0.091712
v 0.825847 0.404447 0.142538
v 0.809100 0.417536 0.192116
v 0.790365 0.426750 0.240912
v 0.857181 0.341781 0.119773
v 0.842027 0.361489 0.163863
v 0.825663 0.376631 0.207652
v 0.808346 0.386086 0.251426
v 0.868997 0.297744 0.148599
v 0.854052 0.319855 0.187027
v 0.838338 0.337929 0.223638
v 0.823223 0.348349 0.259129
v 0.718912 0.429164 0.393621
v 0.751527 0.375178 0.387425
v 0.780994 0.323387 0.375765
v 0.807356 0.272991 0.359756
v 0.745463 0.433103 0.340496
v 0.771293 0.385089 0.341220
v 0.795923 0.337977 0.335100
v 0.818996 0.292400 0.322346
v 0.769326 0.431950 0.289931
v 0.790302 0.388769 0.295839
v 0.809706 0.347216 0.295976
v 0.827773 0.309139 0.288350
v 0.283836 0.149236 -0.873560
v 0.451919 0.055794 -0.805362
v 0.396490 0.045935 -0.834466
v 0.341136 0.040837 -0.858888
v 0.285608 0.039204 -0.879013
v 0.429177 0.110086 -0.814197
v 0.382971 0.095137 -0.838987
v 0.334827 0.086081 -0.860520
v 0.285448 0.082924 -0.878522
v 0.403342 0.159180 -0.821267
v 0.364334 0.140640 -0.843042
v 0.324544 0.127303 -0.861538
v 0.284747 0.121755 -0.876364
v 0.107770 0.055794 -0.917183
v 0.131360 0.110086 -0.910964
v 0.156416 0.159180 -0.901498
v 0.182256 0.204368 -0.888732
v 0.169719 0.045936 -0.908148
v 0.183313 0.095137 -0.903859
v 0.200773 0.140640 -0.896186
v 0.222035 0.182208 -0.884986
v 0.228856 0.040837 -0.895370
v 0.234919 0.086081 -0.892982
v 0.243835 0.127303 -0.887762
v 0.258069 0.162891 -0.879236
v 0.269083 0.327578 -0.828159
v 0.308240 0.287885 -0.829473
v 0.343348 0.246935 -0.828867
v 0.374933 0.204368 -0.826128
v 0.238177 0.287885 -0.852238
v 0.276651 0.255004 -0.851451
v 0.311081 0.220004 -0.849421
v 0.340549 0.182208 -0.846478
v 0.209418 0.246935 -0.872384
v 0.247604 0.220004 -0.870045
v 0.281513 0.192600 -0.866414
v 0.308017 0.162891 -0.863007
v 0.280043 -0.173078 -0.861879
v 0.451538 -0.065565 -0.801969
v 0.428203 -0.124098 -0.807308
v 0.401530 -0.178604 -0.810743
v 0.372104 -0.229975 -0.811854
v 0.395695 -0.059081 -0.830927
v 0.381330 -0.111562 -0.831951
v 0.361754 -0.161535 -0.832595
v 0.336924 -0.208232 -0.832743
v 0.340134 -0.055812 -0.855350
v 0.332845 -0.103717 -0.853599
v 0.321621 -0.148530 -0.851533
v 0.304168 -0.187988 -0.850322
v 0.260578 -0.374551 -0.801967
v 0.229805 -0.327502 -0.830925
v 0.202033 -0.279269 -0.855348
v 0.176162 -0.229975 -0.875520
v 0.302494 -0.327502 -0.807306
v 0.270320 -0.291183 -0.831950
v 0.241620 -0.251325 -0.853598
v 0.216901 -0.208232 -0.871741
v 0.339317 -0.279269 -0.810742
v 0.306262 -0.251325 -0.832594
v 0.276682 -0.221244 -0.851533
v 0.253733 -0.187988 -0.866709
v 0.106085 -0.065565 -0.914214
v 0.168284 -0.059081 -0.904817
v 0.227589 -0.055812 -0.891918
v 0.284475 -0.054716 -0.875521
v 0.128103 -0.124097 -0.904817
v 0.180509 -0.111562 -0.897202
v 0.232458 -0.103717 -0.886217
v 0.283247 -0.100879 -0.871742
v 0.151701 -0.178604 -0.891917
v 0.196725 -0.161535 -0.886216
v 0.240325 -0.148530 -0.877948
v 0.281612 -0.142877 -0.866709
v -0.006541 -0.320615 -0.873558
v 0.152204 -0.429165 -0.805360
v 0.093475 -0.433105 -0.814195
v 0.038011 -0.431953 -0.821265
v -0.015111 -0.426752 -0.826126
v 0.136233 -0.375179 -0.834463
v 0.086181 -0.385091 -0.838985
v 0.037148 -0.388771 -0.843040
v -0.010667 -0.386088 -0.846477
v 0.116038 -0.323389 -0.858886
v 0.072750 -0.337979 -0.860518
v 0.031282 -0.347218 -0.861536
v -0.007939 -0.348351 -0.863006
v -0.172649 -0.387178 -0.828158
v -0.150969 -0.341783 -0.852238
v -0.127205 -0.297746 -0.872383
v -0.101279 -0.254415 -0.888732
v -0.119635 -0.404450 -0.829472
v -0.104354 -0.361491 -0.851450
v -0.086039 -0.319857 -0.870045
v -0.063669 -0.280084 -0.884985
v -0.067308 -0.417539 -0.828866
v -0.057651 -0.376633 -0.849419
v -0.046364 -0.337931 -0.866413
v -0.030277 -0.303676 -0.879235
v -0.001706 -0.121346 -0.917183
v 0.034817 -0.172347 -0.908148
v 0.065824 -0.222961 -0.895369
v 0.092666 -0.272992 -0.879011
v -0.039714 -0.166727 -0.910963
v -0.003109 -0.206510 -0.903859
v 0.028070 -0.248618 -0.892981
v 0.053491 -0.292402 -0.878520
v -0.072419 -0.211093 -0.901497
v -0.035999 -0.242477 -0.896185
v -0.004813 -0.275029 -0.887760
v 0.018446 -0.309140 -0.876363
v -0.743096 0.149236 -0.539887
v -0.626296 0.055794 -0.678669
v -0.671103 0.045936 -0.634947
v -0.711435 0.040837 -0.589849
v -0.747734 0.039204 -0.543257
v -0.641726 0.110086 -0.659771
v -0.679581 0.095137 -0.623486
v -0.714937 0.086081 -0.584353
v -0.747317 0.082924 -0.542954
v -0.656433 0.159180 -0.637385
v -0.689196 0.140640 -0.607015
v -0.719082 0.127303 -0.574888
v -0.745481 0.121755 -0.541620
v -0.838991 0.055794 -0.385918
v -0.825787 0.110086 -0.406432
v -0.809041 0.159180 -0.427337
v -0.788915 0.204368 -0.447967
v -0.811256 0.045936 -0.442043
v -0.802976 0.095137 -0.453647
v -0.790282 0.140640 -0.467882
v -0.773060 0.182208 -0.484642
v -0.780828 0.040837 -0.494337
v -0.776683 0.086081 -0.499366
v -0.768963 0.127303 -0.506233
v -0.756456 0.162891 -0.517136
v -0.704476 0.327578 -0.511827
v -0.693626 0.287885 -0.549474
v -0.682200 0.246935 -0.582677
v -0.669835 0.204368 -0.611869
v -0.736927 0.287885 -0.489875
v -0.724289 0.255004 -0.526223
v -0.711719 0.220003 -0.558340
v -0.699814 0.182208 -0.585456
v -0.764974 0.246935 -0.468748
v -0.750950 0.220003 -0.504343
v -0.737018 0.192600 -0.535471
v -0.725587 0.162891 -0.559624
v -0.733160 -0.173077 -0.532669
v -0.623186 -0.065564 -0.677259
v -0.635475 -0.124097 -0.656715
v -0.646984 -0.178604 -0.632409
v -0.657135 -0.229974 -0.604766
v -0.667983 -0.059081 -0.633097
v -0.673397 -0.111561 -0.619751
v -0.680059 -0.161534 -0.601332
v -0.687873 -0.208232 -0.577762
v -0.708380 -0.055812 -0.587802
v -0.708968 -0.103716 -0.580329
v -0.710472 -0.148530 -0.569015
v -0.714713 -0.187987 -0.552042
v -0.682196 -0.374550 -0.495642
v -0.719246 -0.327501 -0.475324
v -0.751056 -0.279268 -0.456459
v -0.778235 -0.229974 -0.438087
v -0.674321 -0.327501 -0.537158
v -0.707701 -0.291182 -0.514173
v -0.737158 -0.251324 -0.493567
v -0.762051 -0.208231 -0.475664
v -0.666209 -0.279268 -0.573240
v -0.697207 -0.251325 -0.548555
v -0.724359 -0.221244 -0.526275
v -0.745884 -0.187987 -0.509139
v -0.836689 -0.065564 -0.383397
v -0.808531 -0.059081 -0.439649
v -0.777937 -0.055812 -0.492065
v -0.744764 -0.054716 -0.541100
v -0.820948 -0.124097 -0.401434
v -0.797512 -0.111561 -0.448922
v -0.771011 -0.103716 -0.494933
v -0.741549 -0.100879 -0.538764
v -0.801388 -0.178603 -0.419890
v -0.782053 -0.161534 -0.460949
v -0.760716 -0.148530 -0.499860
v -0.737269 -0.142876 -0.535654
v -0.832827 -0.320613 -0.263720
v -0.718912 -0.429164 -0.393621
v -0.745463 -0.433103 -0.340496
v -0.769326 -0.431950 -0.289931
v -0.790365 -0.426750 -0.240912
v -0.751527 -0.375178 -0.387425
v -0.771293 -0.385089 -0.341220
v -0.790302 -0.388769 -0.295839
v -0.808346 -0.386086 -0.251426
v -0.780994 -0.323387 -0.375765
v -0.795923 -0.337977 -0.335100
v -0.809706 -0.347216 -0.295976
v -0.823223 -0.348349 -0.259129
v -0.840979 -0.387175 -0.091712
v -0.857181 -0.341781 -0.119773
v -0.868997 -0.297744 -0.148599
v -0.876533 -0.254413 -0.178307
v -0.825847 -0.404448 -0.142538
v -0.842027 -0.361489 -0.163863
v -0.854052 -0.319855 -0.187027
v -0.861348 -0.280082 -0.212919
v -0.809100 -0.417536 -0.192116
v -0.825663 -0.376631 -0.207652
v -0.838338 -0.337929 -0.223638
v -0.845561 -0.303674 -0.242900
v -0.872822 -0.121345 -0.281800
v -0.852943 -0.172346 -0.313742
v -0.831208 -0.222960 -0.339283
v -0.807356 -0.272991 -0.359756
v -0.878652 -0.166726 -0.243729
v -0.860584 -0.206508 -0.276347
v -0.840604 -0.248617 -0.302638
v -0.818996 -0.292400 -0.322346
v -0.879756 -0.211092 -0.209700
v -0.863449 -0.242476 -0.242695
v -0.845800 -0.275027 -0.269752
v -0.827773 -0.309139 -0.288350
v -0.743096 0.149236 0.539887
v -0.838991 0.055794 0.385918
v -0.811256 0.045936 0.442043
v -0.780828 0.040837 0.494337
v -0.747734 0.039204 0.543257
v -0.825787 0.110086 0.406432
v -0.802976 0.095137 0.453647
v -0.776683 0.086081 0.499366
v -0.747317 0.082924 0.542954
v -0.809041 0.159180 0.427337
v -0.790282 0.140640 0.467882
v -0.768963 0.127303 0.506233
v -0.745481 0.121755 0.541620
v -0.626296 0.055794 0.678669
v -0.641726 0.110086 0.659771
v -0.656433 0.159180 0.637385
v -0.669835 0.204368 0.611869
v -0.671103 0.045936 0.634947
v -0.679581 0.095137 0.623486
v -0.689196 0.140640 0.607015
v -0.699814 0.182208 0.585456
v -0.711435 0.040837 0.589849
v -0.714937 0.086081 0.584353
v -0.719082 0.127303 0.574888
v -0.725587 0.162891 0.559624
v -0.704476 0.327578 0.511827
v -0.736927 0.287885 0.489875
v -0.764974 0.246935 0.468748
v -0.788915 0.204368 0.447967
v -0.693626 0.287885 0.549474
v -0.724289 0.255004 0.526223
v -0.750950 0.220003 0.504343
v -0.773060 0.182208 0.484642
v -0.682200 0.246935 0.582677
v -0.711719 0.220004 0.558340
v -0.737018 0.192600 0.535471
v -0.756456 0.162891 0.517136
v -0.733160 -0.173077 0.532669
v -0.836689 -0.065564 0.383397
v -0.820948 -0.124097 0.401434
v -0.801388 -0.178603 0.419890
v -0.778235 -0.229974 0.438087
v -0.808531 -0.059081 0.439649
v -0.797512 -0.111561 0.448922
v -0.782053 -0.161534 0.460949
v -0.762051 -0.208231 0.475664
v -0.777937 -0.055812 0.492065
v -0.771011 -0.103716 0.494933
v -0.760716 -0.148530 0.499860
v -0.745884 -0.187987 0.509139
v -0.682196 -0.374550 0.495642
v -0.674321 -0.327501 0.537158
v -0.666209 -0.279268 0.573240
v -0.657135 -0.229974 0.604766
v -0.719246 -0.327501 0.475324
v -0.707701 -0.291182 0.514173
v -0.697207 -0.251325 0.548555
v -0.687873 -0.208232 0.577762
v -0.751056 -0.279268 0.456459
v -0.737158 -0.251324 0.493567
v -0.724359 -0.221244 0.526275
v -0.714713 -0.187987 0.552042
v -0.623186 -0.065564 0.677259
v -0.667983 -0.059081 0.633097
v -0.708380 -0.055812 0.587802
v -0.744764 -0.054716 0.541100
v -0.635475 -0.124097 0.656715
v -0.673397 -0.111561 0.619751
v -0.708968 -0.103716 0.580329
v -0.741549 -0.100879 0.538764
v -0.646984 -0.178604 0.632409
v -0.680059 -0.161534 0.601332
v -0.710472 -0.148530 0.569015
v -0.737269 -0.142876 0.535654
v -0.508170 -0.320615 0.710570
v -0.596512 -0.429164 0.562088
v -0.554192 -0.433104 0.603757
v -0.513476 -0.431952 0.642077
v -0.473356 -0.426751 0.677234
v -0.600699 -0.375178 0.595021
v -0.562862 -0.385090 0.628099
v -0.525577 -0.388771 0.660201
v -0.488913 -0.386087 0.691086
v -0.598716 -0.323388 0.626649
v -0.564654 -0.337978 0.653414
v -0.531703 -0.347217 0.678612
v -0.500836 -0.348350 0.702855
v -0.347098 -0.387178 0.771476
v -0.378792 -0.341783 0.778214
v -0.409860 -0.297746 0.780544
v -0.440444 -0.254414 0.778531
v -0.390760 -0.404450 0.741379
v -0.416042 -0.361491 0.750177
v -0.441789 -0.319857 0.754455
v -0.468669 -0.280084 0.753393
v -0.432737 -0.417538 0.710131
v -0.452632 -0.376633 0.721083
v -0.471752 -0.337931 0.728197
v -0.492304 -0.303675 0.729114
v -0.537726 -0.121346 0.743019
v -0.561962 -0.172346 0.714242
v -0.579536 -0.222961 0.685679
v -0.591636 -0.272991 0.656669
v -0.503320 -0.166726 0.760329
v -0.528758 -0.206509 0.733066
v -0.547588 -0.248618 0.705939
v -0.559654 -0.292401 0.679298
v -0.471297 -0.211093 0.771894
v -0.497638 -0.242477 0.746190
v -0.517917 -0.275028 0.721044
v -0.530034 -0.309140 0.698152
v 0.283836 0.149236 0.873560
v 0.107770 0.055794 0.917183
v 0.169719 0.045935 0.908148
v 0.228856 0.040837 0.895370
v 0.285608 0.039204 0.879012
v 0.131360 0.110086 0.910964
v 0.183313 0.095137 0.903860
v 0.234919 0.086081 0.892982
v 0.285448 0.082924 0.878522
v 0.156416 0.159180 0.901498
v 0.200773 0.140640 0.896186
v 0.243835 0.127303 0.887761
v 0.284747 0.121755 0.876364
v 0.451919 0.055794 0.805362
v 0.429177 0.110086 0.814197
v 0.403342 0.159180 0.821267
v 0.374933 0.204368 0.826128
v 0.396490 0.045935 0.834466
v 0.382971 0.095137 0.838987
v 0.364334 0.140640 0.843042
v 0.340549 0.182208 0.846478
v 0.341136 0.040837 0.858888
v 0.334827 0.086081 0.860520
v 0.324544 0.127303 0.861538
v 0.308017 0.162891 0.863007
v 0.269083 0.327578 0.828159
v 0.238177 0.287885 0.852238
v 0.209418 0.246935 0.872384
v 0.182256 0.204368 0.888732
v 0.308240 0.287885 0.829473
v 0.276651 0.255004 0.851451
v 0.247604 0.220004 0.870046
v 0.222035 0.182208 0.884986
v 0.343348 0.246935 0.828867
v 0.311081 0.220004 0.849421
v 0.281514 0.192600 0.866414
v 0.258069 0.162891 0.879236
v 0.280043 -0.173078 0.861879
v 0.106085 -0.065565 0.914214
v 0.128103 -0.124098 0.904817
v 0.151701 -0.178604 0.891917
v 0.176162 -0.229975 0.875520
v 0.168284 -0.059081 0.904817
v 0.180509 -0.111562 0.897202
v 0.196725 -0.161535 0.886216
v 0.216901 -0.208232 0.871741
v 0.227589 -0.055812 0.891918
v 0.232458 -0.103717 0.886217
v 0.240325 -0.148530 0.877948
v 0.253733 -0.187988 0.866709
v 0.260578 -0.374551 0.801967
v 0.302494 -0.327502 0.807306
v 0.339317 -0.279269 0.810742
v 0.372104 -0.229975 0.811854
v 0.229805 -0.327502 0.830925
v 0.270320 -0.291183 0.831950
v 0.306262 -0.251325 0.832594
v 0.336924 -0.208232 0.832743
v 0.202033 -0.279269 0.855348
v 0.241620 -0.251325 0.853598
v 0.276682 -0.221244 0.851533
v 0.304168 -0.187988 0.850322
v 0.451538 -0.065565 0.801969
v 0.395695 -0.059081 0.830927
v 0.340134 -0.055812 0.855350
v 0.284475 -0.054716 0.875521
v 0.428203 -0.124098 0.807308
v 0.381330 -0.111562 0.831951
v 0.332845 -0.103717 0.853599
v 0.283247 -0.100879 0.871742
v 0.401530 -0.178604 0.810742
v 0.361754 -0.161535 0.832595
v 0.321621 -0.148530 0.851533
v 0.281612 -0.142877 0.866709
v 0.518761 -0.320615 0.702876
v 0.350249 -0.429165 0.741010
v 0.402955 -0.433105 0.713637
v 0.451982 -0.431952 0.686756
v 0.497815 -0.426752 0.659464
v 0.380276 -0.375179 0.755168
v 0.423427 -0.385091 0.729406
v 0.465479 -0.388771 0.703865
v 0.506182 -0.386087 0.678540
v 0.410969 -0.323389 0.763056
v 0.446949 -0.337979 0.738932
v 0.481096 -0.347218 0.715381
v 0.513690 -0.348351 0.693516
v 0.626460 -0.387178 0.568509
v 0.623074 -0.341783 0.600733
v 0.615689 -0.297746 0.631000
v 0.604324 -0.254414 0.659465
v 0.584344 -0.404450 0.600733
v 0.584899 -0.361491 0.627496
v 0.581011 -0.319857 0.653304
v 0.571695 -0.280084 0.678541
v 0.541654 -0.417538 0.630999
v 0.545922 -0.376633 0.653304
v 0.546779 -0.337931 0.673687
v 0.541300 -0.303676 0.693516
v 0.540488 -0.121346 0.741012
v 0.505631 -0.172347 0.755170
v 0.473035 -0.222961 0.763057
v 0.441706 -0.272992 0.765600
v 0.567583 -0.166727 0.713639
v 0.533794 -0.206510 0.729407
v 0.502176 -0.248618 0.738933
v 0.473111 -0.292401 0.742176
v 0.588478 -0.211093 0.686757
v 0.555892 -0.242477 0.703866
v 0.525710 -0.275029 0.715381
v 0.500195 -0.309140 0.719832
v 0.918516 0.149235 -0.000000
v 0.905597 0.055793 0.180928
v 0.916148 0.045935 0.119219
v 0.922269 0.040836 0.059028
v 0.924250 0.039203 0.000000
v 0.906972 0.110085 0.156570
v 0.916270 0.095136 0.104965
v 0.921872 0.086080 0.052524
v 0.923734 0.082923 0.000000
v 0.905713 0.159178 0.129815
v 0.914367 0.140639 0.085988
v 0.919662 0.127302 0.042431
v 0.921465 0.121754 0.000000
v 0.905597 0.055793 -0.180928
v 0.906972 0.110085 -0.156570
v 0.905712 0.159178 -0.129815
v 0.901557 0.204366 -0.101295
v 0.916148 0.045935 -0.119219
v 0.916270 0.095136 -0.104965
v 0.914368 0.140639 -0.085988
v 0.910286 0.182206 -0.062306
v 0.922270 0.040836 -0.059028
v 0.921872 0.086080 -0.052524
v 0.919662 0.127302 -0.042431
v 0.915953 0.162890 -0.026259
v 0.870779 0.327576 -0.000000
v 0.884129 0.287883 0.036834
v 0.894402 0.246934 0.070411
v 0.901557 0.204366 0.101295
v 0.884129 0.287883 -0.036834
v 0.895270 0.255003 -0.000000
v 0.903978 0.220002 0.033372
v 0.910286 0.182206 0.062306
v 0.894402 0.246934 -0.070411
v 0.903978 0.220002 -0.033372
v 0.911003 0.192598 -0.000000
v 0.915953 0.162890 0.026259
v 0.906235 -0.173077 -0.000000
v 0.902252 -0.065565 0.181614
v 0.900119 -0.124097 0.157770
v 0.895143 -0.178604 0.131341
v 0.887107 -0.229974 0.103012
v 0.912536 -0.059081 0.119555
v 0.909072 -0.111561 0.105576
v 0.903635 -0.161534 0.086760
v 0.896102 -0.208232 0.063099
v 0.918595 -0.055812 0.059168
v 0.914677 -0.103717 0.052776
v 0.909244 -0.148530 0.042739
v 0.902698 -0.187987 0.026515
v 0.843240 -0.374550 -0.000000
v 0.861272 -0.327501 -0.038215
v 0.875918 -0.279268 -0.072174
v 0.887107 -0.229974 -0.103012
v 0.861272 -0.327501 0.038215
v 0.874767 -0.291182 0.000000
v 0.886486 -0.251325 -0.033984
v 0.896102 -0.208232 -0.063099
v 0.875918 -0.279268 0.072174
v 0.886486 -0.251324 0.033984
v 0.895357 -0.221244 0.000000
v 0.902698 -0.187987 -0.026515
v 0.902252 -0.065565 -0.181614
v 0.912536 -0.059081 -0.119555
v 0.918595 -0.055812 -0.059168
v 0.920579 -0.054716 -0.000000
v 0.900119 -0.124097 -0.157770
v 0.909072 -0.111561 -0.105576
v 0.914677 -0.103717 -0.052776
v 0.916605 -0.100879 -0.000000
v 0.895143 -0.178604 -0.131341
v 0.903635 -0.161534 -0.086760
v 0.909244 -0.148530 -0.042739
v 0.911314 -0.142876 -0.000000
v 0.828783 -0.320615 -0.276165
v 0.812977 -0.429164 -0.104117
v 0.803232 -0.433104 -0.162702
v 0.792816 -0.431952 -0.217636
v 0.781024 -0.426751 -0.269659
v 0.835721 -0.375178 -0.128300
v 0.824554 -0.385090 -0.177299
v 0.813259 -0.388770 -0.225185
v 0.801752 -0.386087 -0.271722
v 0.852708 -0.323388 -0.155053
v 0.840883 -0.337978 -0.196726
v 0.829037 -0.347217 -0.236479
v 0.818315 -0.348350 -0.274234
v 0.734275 -0.387177 -0.420114
v 0.763875 -0.341783 -0.406935
v 0.790378 -0.297746 -0.390559
v 0.813938 -0.254414 -0.370955
v 0.751907 -0.404449 -0.370101
v 0.777531 -0.361491 -0.362359
v 0.800875 -0.319856 -0.350686
v 0.821997 -0.280083 -0.334028
v 0.767500 -0.417538 -0.320148
v 0.790031 -0.376633 -0.317314
v 0.809682 -0.337931 -0.311831
v 0.826847 -0.303675 -0.300493
v 0.871767 -0.121346 -0.285046
v 0.874460 -0.172346 -0.247519
v 0.871888 -0.222961 -0.214081
v 0.864626 -0.272991 -0.183500
v 0.854106 -0.166726 -0.319272
v 0.858661 -0.206509 -0.282264
v 0.857950 -0.248618 -0.249250
v 0.852053 -0.292401 -0.220605
v 0.834997 -0.211093 -0.347451
v 0.841199 -0.242477 -0.311173
v 0.842824 -0.275028 -0.278910
v 0.839172 -0.309140 -0.253268
v 0.465802 -0.597910 -0.539885
v 0.425110 -0.725469 -0.385916
v 0.403889 -0.705070 -0.442041
v 0.385722 -0.680136 -0.494335
v 0.369462 -0.651266 -0.543255
v 0.467764 -0.689379 -0.406431
v 0.444193 -0.675662 -0.453645
v 0.424335 -0.656195 -0.499364
v 0.408379 -0.631341 -0.542952
v 0.504186 -0.652446 -0.427336
v 0.479215 -0.643959 -0.467880
v 0.457753 -0.630855 -0.506231
v 0.442289 -0.612333 -0.541618
v 0.329993 -0.535229 -0.678667
v 0.385452 -0.524751 -0.659769
v 0.435939 -0.515950 -0.637383
v 0.482350 -0.507728 -0.611867
v 0.341213 -0.579715 -0.634944
v 0.389010 -0.565294 -0.623484
v 0.434009 -0.553545 -0.607013
v 0.475936 -0.544453 -0.585455
v 0.354690 -0.618069 -0.589846
v 0.396722 -0.600968 -0.584350
v 0.435446 -0.586240 -0.574886
v 0.470185 -0.576143 -0.559622
v 0.608042 -0.483611 -0.511826
v 0.587053 -0.530388 -0.489874
v 0.562969 -0.573786 -0.468747
v 0.535603 -0.614237 -0.447966
v 0.567688 -0.491658 -0.549473
v 0.551992 -0.533789 -0.526222
v 0.532609 -0.573287 -0.504341
v 0.508692 -0.609966 -0.484640
v 0.525952 -0.499751 -0.582675
v 0.515065 -0.538198 -0.558338
v 0.501869 -0.573081 -0.535469
v 0.483990 -0.603754 -0.517134
v 0.173077 -0.733164 -0.532667
v 0.315536 -0.777682 -0.383396
v 0.256144 -0.789779 -0.401432
v 0.198646 -0.796660 -0.419889
v 0.142345 -0.798925 -0.438085
v 0.308743 -0.749598 -0.439647
v 0.256876 -0.763211 -0.448920
v 0.205266 -0.771733 -0.460947
v 0.154555 -0.774727 -0.475662
v 0.297985 -0.720772 -0.492063
v 0.252041 -0.736000 -0.494931
v 0.207356 -0.746833 -0.499858
v 0.165432 -0.751213 -0.509137
v -0.029914 -0.777682 -0.495641
v 0.008645 -0.749598 -0.537155
v 0.048158 -0.720772 -0.573238
v 0.088189 -0.690611 -0.604764
v 0.028736 -0.789779 -0.475322
v 0.056057 -0.763211 -0.514171
v 0.087013 -0.736000 -0.548553
v 0.121382 -0.708380 -0.577760
v 0.086102 -0.796660 -0.456457
v 0.104880 -0.771733 -0.493565
v 0.126061 -0.746833 -0.526273
v 0.151492 -0.723333 -0.552039
v 0.220058 -0.586721 -0.677256
v 0.245890 -0.623889 -0.633093
v 0.266879 -0.658559 -0.587799
v 0.284130 -0.690611 -0.541098
v 0.173201 -0.623889 -0.656712
v 0.201372 -0.652201 -0.619748
v 0.224296 -0.680508 -0.580326
v 0.241404 -0.708380 -0.538762
v 0.129597 -0.658559 -0.632406
v 0.159654 -0.680508 -0.601329
v 0.184887 -0.701894 -0.569013
v 0.201927 -0.723333 -0.535652
v -0.059498 -0.597910 -0.710568
v -0.117080 -0.725469 -0.562087
v -0.139529 -0.689379 -0.603755
v -0.156707 -0.652446 -0.642076
v -0.169997 -0.614237 -0.677233
v -0.066922 -0.705070 -0.595019
v -0.092707 -0.675662 -0.628097
v -0.112673 -0.643959 -0.660199
v -0.126669 -0.609966 -0.691085
v -0.021486 -0.680136 -0.626647
v -0.049768 -0.656195 -0.653412
v -0.072768 -0.630855 -0.678610
v -0.087585 -0.603754 -0.702853
v -0.191066 -0.483611 -0.771476
v -0.136290 -0.491658 -0.778213
v -0.083009 -0.499752 -0.780542
v -0.030575 -0.507728 -0.778529
v -0.186988 -0.530388 -0.741378
v -0.137258 -0.533789 -0.750176
v -0.088506 -0.538198 -0.754453
v -0.040912 -0.544453 -0.753391
v -0.179922 -0.573787 -0.710130
v -0.134438 -0.573287 -0.721081
v -0.091272 -0.573081 -0.728195
v -0.051443 -0.576144 -0.729112
v 0.131948 -0.535229 -0.743016
v 0.097171 -0.579715 -0.714240
v 0.059760 -0.618069 -0.685676
v 0.020423 -0.651266 -0.656666
v 0.075972 -0.524751 -0.760326
v 0.051766 -0.565294 -0.733063
v 0.022525 -0.600968 -0.705936
v -0.011239 -0.631341 -0.679296
v 0.021969 -0.515950 -0.771892
v 0.005680 -0.553545 -0.746188
v -0.014366 -0.586241 -0.721041
v -0.039457 -0.612334 -0.698149
v -0.369522 -0.597910 -0.609835
v -0.235663 -0.725469 -0.523557
v -0.295599 -0.705070 -0.520718
v -0.350948 -0.680135 -0.519600
v -0.402498 -0.651265 -0.519252
v -0.241992 -0.689379 -0.570463
v -0.294180 -0.675661 -0.562635
v -0.343798 -0.656195 -0.557877
v -0.390184 -0.631340 -0.556171
v -0.250619 -0.652446 -0.611562
v -0.296896 -0.643958 -0.600342
v -0.340002 -0.630855 -0.591781
v -0.378436 -0.612333 -0.588009
v -0.543480 -0.535228 -0.523558
v -0.508369 -0.524750 -0.570464
v -0.471477 -0.515949 -0.611563
v -0.432868 -0.507728 -0.647817
v -0.498430 -0.579714 -0.520719
v -0.472760 -0.565294 -0.562636
v -0.443189 -0.553545 -0.600343
v -0.409730 -0.544452 -0.633556
v -0.451375 -0.618068 -0.519600
v -0.433159 -0.600967 -0.557877
v -0.412191 -0.586240 -0.591781
v -0.386939 -0.576143 -0.620104
v -0.298881 -0.483611 -0.736445
v -0.284489 -0.530388 -0.709698
v -0.271839 -0.573786 -0.680265
v -0.260531 -0.614237 -0.647817
v -0.347156 -0.491658 -0.709699
v -0.329893 -0.533789 -0.687586
v -0.315073 -0.573287 -0.662390
v -0.303727 -0.609966 -0.633555
v -0.391631 -0.499751 -0.680266
v -0.371849 -0.538198 -0.662390
v -0.354177 -0.573081 -0.642773
v -0.342264 -0.603753 -0.620103
v -0.453115 -0.733163 -0.329207
v -0.267126 -0.777681 -0.418567
v -0.302633 -0.789778 -0.367655
v -0.337955 -0.796659 -0.318674
v -0.372659 -0.798924 -0.270752
v -0.322724 -0.749597 -0.429488
v -0.347571 -0.763210 -0.383025
v -0.374958 -0.771732 -0.337658
v -0.404624 -0.774725 -0.293976
v -0.375899 -0.720771 -0.435455
v -0.392825 -0.735999 -0.392646
v -0.411319 -0.746832 -0.351670
v -0.433099 -0.751211 -0.314664
v -0.480629 -0.777680 -0.124709
v -0.508197 -0.749596 -0.174210
v -0.530303 -0.720770 -0.222939
v -0.547916 -0.690610 -0.270752
v -0.443181 -0.789777 -0.174210
v -0.471686 -0.763210 -0.212199
v -0.494819 -0.735998 -0.252264
v -0.511976 -0.708379 -0.293976
v -0.407512 -0.796659 -0.222938
v -0.437002 -0.771731 -0.252264
v -0.461563 -0.746832 -0.282516
v -0.478210 -0.723332 -0.314665
v -0.576110 -0.586720 -0.418567
v -0.526127 -0.623888 -0.429489
v -0.476563 -0.658558 -0.435455
v -0.426816 -0.690610 -0.437430
v -0.571052 -0.623888 -0.367656
v -0.527191 -0.652200 -0.383026
v -0.482614 -0.680506 -0.392646
v -0.437798 -0.708379 -0.396073
v -0.561410 -0.658557 -0.318675
v -0.522566 -0.680506 -0.337658
v -0.484033 -0.701893 -0.351670
v -0.447039 -0.723332 -0.357567
v -0.694179 -0.597908 -0.162988
v -0.570759 -0.725467 -0.062342
v -0.617325 -0.689376 -0.053868
v -0.659079 -0.652444 -0.049372
v -0.696622 -0.614234 -0.047596
v -0.586580 -0.705068 -0.120222
v -0.626007 -0.675659 -0.105920
v -0.662708 -0.643956 -0.096851
v -0.696407 -0.609963 -0.093084
v -0.602620 -0.680133 -0.173207
v -0.636814 -0.656193 -0.154579
v -0.667886 -0.630853 -0.140492
v -0.695522 -0.603751 -0.133892
v -0.792762 -0.483608 -0.056681
v -0.782243 -0.491655 -0.110858
v -0.767994 -0.499749 -0.162251
v -0.749877 -0.507726 -0.211496
v -0.762878 -0.530385 -0.051259
v -0.755878 -0.533786 -0.101273
v -0.744881 -0.538195 -0.148961
v -0.729164 -0.544450 -0.193898
v -0.730976 -0.573784 -0.048323
v -0.727336 -0.573284 -0.094964
v -0.720763 -0.573079 -0.138216
v -0.709327 -0.576141 -0.176379
v -0.665880 -0.535227 -0.355091
v -0.649258 -0.579713 -0.313124
v -0.633654 -0.618067 -0.268718
v -0.618219 -0.651264 -0.222341
v -0.699640 -0.524749 -0.307204
v -0.681191 -0.565292 -0.275758
v -0.664428 -0.600966 -0.239565
v -0.649526 -0.631338 -0.199221
v -0.727327 -0.515948 -0.259418
v -0.707915 -0.553543 -0.235982
v -0.690194 -0.586238 -0.209147
v -0.676176 -0.612331 -0.178211
v -0.694179 -0.597908 0.162988
v -0.570759 -0.725467 0.062342
v -0.586580 -0.705068 0.120222
v -0.602620 -0.680133 0.173207
v -0.618219 -0.651264 0.222341
v -0.617325 -0.689377 0.053868
v -0.626007 -0.675659 0.105920
v -0.636815 -0.656193 0.154579
v -0.649526 -0.631338 0.199221
v -0.659079 -0.652444 0.049372
v -0.662708 -0.643956 0.096851
v -0.667886 -0.630853 0.140492
v -0.676176 -0.612331 0.178211
v -0.665880 -0.535227 0.355091
v -0.699640 -0.524749 0.307204
v -0.727327 -0.515948 0.259418
v -0.749877 -0.507726 0.211496
v -0.649258 -0.579713 0.313124
v -0.681191 -0.565292 0.275758
v -0.707915 -0.553543 0.235982
v -0.729164 -0.544450 0.193898
v -0.633654 -0.618067 0.268718
v -0.664428 -0.600966 0.239565
v -0.690194 -0.586238 0.209147
v -0.709327 -0.576141 0.176379
v -0.792762 -0.483608 0.056681
v -0.762878 -0.530385 0.051259
v -0.730976 -0.573784 0.048323
v -0.696622 -0.614234 0.047596
v -0.782243 -0.491655 0.110858
v -0.755878 -0.533786 0.101273
v -0.727336 -0.573284 0.094964
v -0.696407 -0.609963 0.093084
v -0.767994 -0.499749 0.162251
v -0.744881 -0.538195 0.148961
v -0.720763 -0.573079 0.138216
v -0.695522 -0.603751 0.133892
v -0.453115 -0.733163 0.329207
v -0.480629 -0.777680 0.124709
v -0.443181 -0.789777 0.174210
v -0.407512 -0.796659 0.222938
v -0.372659 -0.798924 0.270752
v -0.508197 -0.749596 0.174210
v -0.471686 -0.763210 0.212199
v -0.437002 -0.771731 0.252264
v -0.404624 -0.774725 0.293976
v -0.530303 -0.720770 0.222939
v -0.494819 -0.735999 0.252264
v -0.461563 -0.746832 0.282516
v -0.433099 -0.751211 0.314664
v -0.267126 -0.777681 0.418567
v -0.322724 -0.749597 0.429488
v -0.375899 -0.720771 0.435455
v -0.426816 -0.690610 0.437430
v -0.302633 -0.789778 0.367655
v -0.347571 -0.763210 0.383025
v -0.392825 -0.735999 0.392645
v -0.437798 -0.708379 0.396073
v -0.337955 -0.796659 0.318674
v -0.374958 -0.771732 0.337658
v -0.411319 -0.746832 0.351669
v -0.447039 -0.723332 0.357567
v -0.576110 -0.586720 0.418567
v -0.571052 -0.623888 0.367656
v -0.561410 -0.658557 0.318675
v -0.547916 -0.690610 0.270752
v -0.526127 -0.623888 0.429489
v -0.527191 -0.652200 0.383026
v -0.522566 -0.680506 0.337658
v -0.511976 -0.708379 0.293976
v -0.476563 -0.658558 0.435455
v -0.482614 -0.680506 0.392646
v -0.484033 -0.701893 0.351670
v -0.478210 -0.723332 0.314665
v -0.369522 -0.597910 0.609836
v -0.235663 -0.725469 0.523557
v -0.241992 -0.689379 0.570463
v -0.250619 -0.652446 0.611562
v -0.260531 -0.614237 0.647817
v -0.295599 -0.705070 0.520718
v -0.294180 -0.675661 0.562635
v -0.296896 -0.643959 0.600342
v -0.303727 -0.609966 0.633556
v -0.350948 -0.680135 0.519600
v -0.343798 -0.656195 0.557877
v -0.340002 -0.630855 0.591781
v -0.342264 -0.603753 0.620103
v -0.298881 -0.483611 0.736445
v -0.347156 -0.491658 0.709699
v -0.391631 -0.499751 0.680266
v -0.432868 -0.507728 0.647817
v -0.284489 -0.530388 0.709698
v -0.329893 -0.533789 0.687586
v -0.371849 -0.538198 0.662390
v -0.409730 -0.544452 0.633556
v -0.271839 -0.573786 0.680265
v -0.315073 -0.573287 0.662390
v -0.354177 -0.573081 0.642773
v -0.386939 -0.576143 0.620104
v -0.543480 -0.535228 0.523558
v -0.498430 -0.579714 0.520719
v -0.451375 -0.618068 0.519600
v -0.402498 -0.651265 0.519252
v -0.508369 -0.524750 0.570464
v -0.472760 -0.565293 0.562636
v -0.433159 -0.600967 0.557877
v -0.390184 -0.631340 0.556171
v -0.471477 -0.515949 0.611563
v -0.443189 -0.553545 0.600343
v -0.412191 -0.586240 0.591781
v -0.378436 -0.612333 0.588009
v 0.657405 -0.597910 -0.276164
v 0.747426 -0.535228 -0.104117
v 0.709311 -0.579714 -0.128300
v 0.670585 -0.618068 -0.155052
v 0.630839 -0.651265 -0.183499
v 0.746591 -0.524750 -0.162702
v 0.713182 -0.565293 -0.177299
v 0.678347 -0.600967 -0.196726
v 0.642577 -0.631340 -0.220605
v 0.740903 -0.515949 -0.217635
v 0.711423 -0.553545 -0.225185
v 0.681312 -0.586240 -0.236479
v 0.651788 -0.612333 -0.253267
v 0.498398 -0.725469 -0.285045
v 0.531089 -0.689379 -0.319271
v 0.562226 -0.652446 -0.347450
v 0.591555 -0.614237 -0.370954
v 0.545218 -0.705070 -0.247519
v 0.568709 -0.675661 -0.282263
v 0.593070 -0.643958 -0.311172
v 0.618118 -0.609965 -0.334027
v 0.589338 -0.680135 -0.214081
v 0.606053 -0.656195 -0.249249
v 0.622911 -0.630854 -0.278909
v 0.641388 -0.603753 -0.300493
v 0.674675 -0.483611 -0.420113
v 0.698009 -0.491657 -0.370101
v 0.716689 -0.499751 -0.320148
v 0.730978 -0.507727 -0.269659
v 0.647311 -0.530388 -0.406935
v 0.671045 -0.533788 -0.362358
v 0.690179 -0.538197 -0.317314
v 0.703876 -0.544452 -0.271721
v 0.619776 -0.573786 -0.390559
v 0.644246 -0.573287 -0.350686
v 0.664351 -0.573081 -0.311830
v 0.677531 -0.576143 -0.274234
v 0.560082 -0.733164 -0.000000
v 0.712112 -0.586720 0.000000
v 0.678094 -0.623888 0.038215
v 0.641503 -0.658558 0.072173
v 0.602418 -0.690611 0.103012
v 0.678094 -0.623888 -0.038215
v 0.651644 -0.652200 -0.000000
v 0.621236 -0.680507 0.033984
v 0.586993 -0.708380 0.063099
v 0.641503 -0.658558 -0.072173
v 0.621236 -0.680507 -0.033984
v 0.598298 -0.701894 -0.000000
v 0.571836 -0.723333 0.026515
v 0.462139 -0.777681 0.181613
v 0.460939 -0.789779 0.119555
v 0.460725 -0.796660 0.059168
v 0.460632 -0.798925 0.000000
v 0.513538 -0.749597 0.157770
v 0.506329 -0.763211 0.105576
v 0.501819 -0.771732 0.052776
v 0.500144 -0.774726 0.000000
v 0.560064 -0.720771 0.131341
v 0.548595 -0.735999 0.086760
v 0.539472 -0.746833 0.042739
v 0.535341 -0.751212 0.000000
v 0.462139 -0.777681 -0.181613
v 0.513538 -0.749597 -0.157770
v 0.560064 -0.720771 -0.131341
v 0.602417 -0.690611 -0.103012
v 0.460939 -0.789779 -0.119555
v 0.506329 -0.763211 -0.105576
v 0.548595 -0.735999 -0.086760
v 0.586993 -0.708379 -0.063099
v 0.460725 -0.796660 -0.059168
v 0.501819 -0.771732 -0.052776
v 0.539472 -0.746833 -0.042739
v 0.571836 -0.723333 -0.026515
v 0.277292 -0.888288 -0.000000
v 0.355090 -0.834945 0.180927
v 0.307146 -0.860454 0.156569
v 0.262673 -0.881282 0.129814
v 0.220397 -0.897774 0.101295
v 0.368626 -0.839973 0.119219
v 0.324675 -0.862085 0.104965
v 0.283125 -0.880733 0.085987
v 0.244121 -0.895671 0.062306
v 0.375924 -0.843168 0.059028
v 0.335280 -0.863045 0.052524
v 0.297422 -0.879504 0.042431
v 0.263933 -0.892101 0.026259
v 0.096433 -0.925346 0.000000
v 0.137905 -0.919536 -0.036834
v 0.179125 -0.910411 -0.070411
v 0.220397 -0.897774 -0.101295
v 0.137905 -0.919536 0.036834
v 0.172296 -0.914796 0.000000
v 0.207496 -0.906932 -0.033371
v 0.244121 -0.895671 -0.062306
v 0.179125 -0.910411 0.070410
v 0.207496 -0.906932 0.033371
v 0.235147 -0.900960 0.000000
v 0.263933 -0.892102 -0.026259
v 0.355090 -0.834945 -0.180927
v 0.368626 -0.839973 -0.119219
v 0.375924 -0.843168 -0.059028
v 0.378270 -0.844209 -0.000000
v 0.307146 -0.860454 -0.156569
v 0.324675 -0.862085 -0.104965
v 0.335280 -0.863046 -0.052524
v 0.338936 -0.863299 -0.000000
v 0.262673 -0.881282 -0.129814
v 0.283125 -0.880733 -0.085987
v 0.297422 -0.879504 -0.042431
v 0.303190 -0.878636 -0.000000
v -0.059498 -0.597910 0.710568
v -0.117080 -0.725469 0.562087
v -0.066922 -0.705070 0.595019
v -0.021486 -0.680136 0.626647
v 0.020423 -0.651266 0.656666
v -0.139529 -0.689379 0.603755
v -0.092707 -0.675662 0.628097
v -0.049768 -0.656195 0.653412
v -0.011239 -0.631341 0.679296
v -0.156707 -0.652446 0.642076
v -0.112673 -0.643959 0.660199
v -0.072768 -0.630855 0.678610
v -0.039457 -0.612334 0.698149
v 0.131948 -0.535229 0.743016
v 0.075972 -0.524751 0.760326
v 0.021969 -0.515950 0.771892
v -0.030575 -0.507728 0.778529
v 0.097171 -0.579715 0.714240
v 0.051766 -0.565294 0.733063
v 0.005680 -0.553545 0.746188
v -0.040912 -0.544453 0.753391
v 0.059760 -0.618069 0.685676
v 0.022525 -0.600968 0.705936
v -0.014366 -0.586240 0.721041
v -0.051443 -0.576144 0.729112
v -0.191066 -0.483611 0.771476
v -0.186988 -0.530388 0.741378
v -0.179922 -0.573787 0.710130
v -0.169997 -0.614237 0.677233
v -0.136290 -0.491658 0.778213
v -0.137258 -0.533789 0.750176
v -0.134438 -0.573287 0.721081
v -0.126669 -0.609966 0.691084
v -0.083009 -0.499752 0.780542
v -0.088506 -0.538198 0.754453
v -0.091272 -0.573081 0.728195
v -0.087585 -0.603754 0.702853
v 0.173077 -0.733164 0.532667
v -0.029914 -0.777682 0.495641
v 0.028736 -0.789779 0.475322
v 0.086102 -0.796660 0.456457
v 0.142345 -0.798925 0.438085
v 0.008645 -0.749598 0.537155
v 0.056057 -0.763211 0.514171
v 0.104880 -0.771733 0.493565
v 0.154555 -0.774727 0.475662
v 0.048158 -0.720772 0.573238
v 0.087014 -0.736000 0.548553
v 0.126061 -0.746833 0.526273
v 0.165432 -0.751213 0.509137
v 0.315536 -0.777682 0.383396
v 0.308743 -0.749598 0.439647
v 0.297985 -0.720772 0.492063
v 0.284130 -0.690611 0.541097
v 0.256144 -0.789779 0.401432
v 0.256876 -0.763211 0.448920
v 0.252041 -0.736000 0.494931
v 0.241404 -0.708380 0.538762
v 0.198646 -0.796660 0.419889
v 0.205266 -0.771733 0.460947
v 0.207356 -0.746833 0.499858
v 0.201927 -0.723333 0.535652
v 0.220058 -0.586721 0.677256
v 0.173201 -0.623889 0.656712
v 0.129597 -0.658559 0.632406
v 0.088189 -0.690611 0.604763
v 0.245890 -0.623889 0.633093
v 0.201372 -0.652201 0.619748
v 0.159654 -0.680508 0.601329
v 0.121382 -0.708380 0.577760
v 0.266879 -0.658559 0.587799
v 0.224296 -0.680508 0.580326
v 0.184887 -0.701894 0.569013
v 0.151492 -0.723333 0.552039
v 0.465802 -0.597910 0.539885
v 0.425110 -0.725469 0.385916
v 0.467764 -0.689379 0.406431
v 0.504186 -0.652446 0.427336
v 0.535603 -0.614237 0.447966
v 0.403889 -0.705070 0.442041
v 0.444193 -0.675662 0.453645
v 0.479215 -0.643959 0.467880
v 0.508692 -0.609966 0.484640
v 0.385722 -0.680136 0.494335
v 0.424335 -0.656195 0.499364
v 0.457753 -0.630855 0.506231
v 0.483990 -0.603754 0.517134
v 0.608042 -0.483611 0.511826
v 0.567688 -0.491658 0.549473
v 0.525953 -0.499751 0.582675
v 0.482350 -0.507728 0.611867
v 0.587053 -0.530388 0.489874
v 0.551992 -0.533789 0.526222
v 0.515065 -0.538198 0.558338
v 0.475937 -0.544453 0.585455
v 0.562969 -0.573786 0.468747
v 0.532609 -0.573287 0.504341
v 0.501869 -0.573081 0.535469
v 0.470185 -0.576143 0.559622
v 0.329993 -0.535229 0.678667
v 0.341213 -0.579715 0.634944
v 0.354690 -0.618069 0.589846
v 0.369462 -0.651266 0.543255
v 0.385452 -0.524751 0.659769
v 0.389010 -0.565294 0.623484
v 0.396722 -0.600968 0.584350
v 0.408379 -0.631341 0.542952
v 0.435939 -0.515950 0.637383
v 0.434009 -0.553545 0.607013
v 0.435446 -0.586240 0.574886
v 0.442289 -0.612333 0.541618
vn 0.0429 -0.9903 0.1319
vn 0.0953 -0.9828 0.1584
vn 0.1525 -0.9693 0.1928
vn 0.0122 -0.9826 0.1856
vn 0.0632 -0.9766 0.2055
vn 0.1197 -0.9650 0.2333
vn 0.2763 -0.9029 0.3293
vn 0.2243 -0.9014 0.3702
vn 0.1659 -0.8999 0.4033
vn 0.2464 -0.9268 0.2835
vn 0.2028 -0.9235 0.3256
vn 0.1511 -0.9197 0.3624
vn -0.0299 -0.9029 0.4288
vn -0.0327 -0.9268 0.3742
vn -0.0275 -0.9498 0.3117
vn 0.0361 -0.9014 0.4314
vn 0.0274 -0.9235 0.3826
vn 0.0244 -0.9458 0.3239
vn 0.2054 -0.9498 0.2360
vn 0.1706 -0.9458 0.2763
vn 0.1028 -0.8999 0.4238
vn 0.0908 -0.9197 0.3820
vn -0.0125 -0.9690 0.2467
vn 0.0354 -0.9646 0.2613
vn 0.0819 -0.9576 0.2761
vn 0.1373 -0.9408 0.3098
vn 0.0810 -0.9367 0.3407
vn 0.0150 -0.9988 0.0461
vn 0.0714 -0.9939 0.0839
vn 0.1253 -0.9850 0.1190
vn 0.1805 -0.9710 0.1571
vn -0.0085 -0.9939 0.1098
vn -0.0314 -0.9850 0.1699
vn -0.0544 -0.9708 0.2335
vn 0.3664 -0.8717 0.3254
vn 0.2951 -0.8801 0.3719
vn 0.2370 -0.8826 0.4060
vn 0.1760 -0.8834 0.4343
vn 0.3242 -0.9035 0.2803
vn 0.2834 -0.9284 0.2404
vn 0.2349 -0.9515 0.1986
vn -0.1051 -0.8717 0.4786
vn -0.0975 -0.9035 0.4174
vn -0.0879 -0.9284 0.3611
vn -0.0733 -0.9515 0.2987
vn -0.0202 -0.8801 0.4743
vn 0.0469 -0.8826 0.4678
vn 0.1129 -0.8834 0.4548
vn 0.7239 -0.5433 0.4252
vn 0.6920 -0.5917 0.4136
vn 0.6547 -0.6452 0.3937
vn 0.7520 -0.5458 0.3696
vn 0.7204 -0.5905 0.3638
vn 0.6832 -0.6409 0.3501
vn 0.5636 -0.7769 0.2809
vn 0.6064 -0.7601 0.2334
vn 0.6513 -0.7345 0.1905
vn 0.5879 -0.7418 0.3226
vn 0.6244 -0.7309 0.2754
vn 0.6643 -0.7112 0.2300
vn 0.7852 -0.6076 0.1199
vn 0.7899 -0.5875 0.1759
vn 0.7867 -0.5687 0.2400
vn 0.7426 -0.6561 0.1344
vn 0.7514 -0.6340 0.1831
vn 0.7539 -0.6109 0.2416
vn 0.6182 -0.6975 0.3624
vn 0.6481 -0.6917 0.3185
vn 0.6969 -0.6997 0.1573
vn 0.7080 -0.6778 0.1983
vn 0.7740 -0.5540 0.3066
vn 0.7441 -0.5944 0.3051
vn 0.7132 -0.6327 0.3016
vn 0.6746 -0.6830 0.2801
vn 0.7157 -0.6566 0.2380
vn 0.7253 -0.4818 0.4917
vn 0.6957 -0.5403 0.4735
vn 0.6641 -0.5937 0.4544
vn 0.6287 -0.6474 0.4308
vn 0.7535 -0.4961 0.4315
vn 0.7774 -0.5071 0.3721
vn 0.7986 -0.5176 0.3072
vn 0.4825 -0.8260 0.2913
vn 0.5463 -0.8027 0.2394
vn 0.5941 -0.7797 0.1978
vn 0.6411 -0.7507 0.1594
vn 0.5206 -0.7860 0.3334
vn 0.5542 -0.7466 0.3680
vn 0.5908 -0.6999 0.4013
vn 0.8237 -0.5654 0.0434
vn 0.8257 -0.5529 0.1117
vn 0.8228 -0.5414 0.1729
vn 0.8138 -0.5295 0.2393
vn 0.7744 -0.6284 0.0737
vn 0.7317 -0.6746 0.0979
vn 0.6868 -0.7159 0.1262
vn -0.1122 -0.9903 0.0815
vn -0.1212 -0.9828 0.1395
vn -0.1362 -0.9693 0.2046
vn -0.1727 -0.9826 0.0689
vn -0.1759 -0.9766 0.1236
vn -0.1848 -0.9650 0.1860
vn -0.2278 -0.9029 0.3645
vn -0.2828 -0.9014 0.3278
vn -0.3323 -0.8999 0.2824
vn -0.1935 -0.9268 0.3219
vn -0.2470 -0.9235 0.2935
vn -0.2980 -0.9197 0.2557
vn -0.4171 -0.9029 0.1040
vn -0.3660 -0.9268 0.0845
vn -0.3049 -0.9498 0.0702
vn -0.3991 -0.9014 0.1677
vn -0.3554 -0.9235 0.1443
vn -0.3005 -0.9458 0.1233
vn -0.1610 -0.9498 0.2683
vn -0.2101 -0.9458 0.2477
vn -0.3713 -0.8999 0.2288
vn -0.3353 -0.9197 0.2044
vn -0.2385 -0.9690 0.0643
vn -0.2375 -0.9646 0.1144
vn -0.2373 -0.9576 0.1633
vn -0.2522 -0.9408 0.2263
vn -0.2990 -0.9367 0.1823
vn -0.0393 -0.9988 0.0285
vn -0.0577 -0.9939 0.0938
vn -0.0745 -0.9850 0.1559
vn -0.0937 -0.9710 0.2202
vn -0.1071 -0.9939 0.0259
vn -0.1713 -0.9850 0.0227
vn -0.2389 -0.9708 0.0205
vn -0.1963 -0.8717 0.4490
vn -0.2625 -0.8801 0.3956
vn -0.3129 -0.8826 0.3509
vn -0.3586 -0.8834 0.3016
vn -0.1664 -0.9035 0.3950
vn -0.1411 -0.9284 0.3438
vn -0.1163 -0.9515 0.2847
vn -0.4877 -0.8717 0.0479
vn -0.4271 -0.9035 0.0362
vn -0.3706 -0.9284 0.0280
vn -0.3067 -0.9515 0.0226
vn -0.4573 -0.8801 0.1274
vn -0.4304 -0.8826 0.1892
vn -0.3976 -0.8834 0.2479
vn -0.1122 -0.9903 -0.0815
vn -0.1702 -0.9828 -0.0721
vn -0.2367 -0.9693 -0.0663
vn -0.1189 -0.9826 -0.1430
vn -0.1719 -0.9766 -0.1291
vn -0.2340 -0.9650 -0.1183
vn -0.4171 -0.9029 -0.1040
vn -0.3991 -0.9014 -0.1677
vn -0.3713 -0.8999 -0.2287
vn -0.3660 -0.9268 -0.0845
vn -0.3554 -0.9235 -0.1443
vn -0.3353 -0.9197 -0.2044
vn -0.2278 -0.9029 -0.3645
vn -0.1935 -0.9268 -0.3219
vn -0.1610 -0.9498 -0.2683
vn -0.2828 -0.9014 -0.3278
vn -0.2470 -0.9235 -0.2935
vn -0.2101 -0.9458 -0.2477
vn -0.3049 -0.9498 -0.0702
vn -0.3005 -0.9458 -0.1233
vn -0.3323 -0.8999 -0.2824
vn -0.2980 -0.9197 -0.2557
vn -0.1349 -0.9690 -0.2069
vn -0.1822 -0.9646 -0.1905
vn -0.2286 -0.9576 -0.1753
vn -0.2932 -0.9408 -0.1699
vn -0.2658 -0.9367 -0.2281
vn -0.0393 -0.9988 -0.0285
vn -0.1071 -0.9939 -0.0259
vn -0.1713 -0.9850 -0.0227
vn -0.2384 -0.9710 -0.0210
vn -0.0577 -0.9939 -0.0938
vn -0.0745 -0.9850 -0.1559
vn -0.0933 -0.9708 -0.2208
vn -0.4877 -0.8717 -0.0479
vn -0.4573 -0.8801 -0.1274
vn -0.4304 -0.8826 -0.1892
vn -0.3976 -0.8834 -0.2479
vn -0.4271 -0.9035 -0.0362
vn -0.3706 -0.9284 -0.0280
vn -0.3067 -0.9515 -0.0226
vn -0.1963 -0.8717 -0.4490
vn -0.1664 -0.9035 -0.3950
vn -0.1411 -0.9284 -0.3438
vn -0.1163 -0.9515 -0.2847
vn -0.2625 -0.8801 -0.3956
vn -0.3129 -0.8826 -0.3509
vn -0.3586 -0.8834 -0.3016
vn 0.0429 -0.9903 -0.1319
vn 0.0160 -0.9828 -0.1841
vn -0.0101 -0.9693 -0.2456
vn 0.0992 -0.9826 -0.1573
vn 0.0697 -0.9766 -0.2034
vn 0.0402 -0.9650 -0.2591
vn -0.0299 -0.9029 -0.4288
vn 0.0361 -0.9014 -0.4314
vn 0.1028 -0.8999 -0.4238
vn -0.0327 -0.9268 -0.3742
vn 0.0274 -0.9235 -0.3826
vn 0.0908 -0.9197 -0.3820
vn 0.2763 -0.9029 -0.3293
vn 0.2464 -0.9268 -0.2835
vn 0.2054 -0.9498 -0.2360
vn 0.2243 -0.9014 -0.3702
vn 0.2028 -0.9235 -0.3256
vn 0.1706 -0.9458 -0.2763
vn -0.0275 -0.9498 -0.3117
vn 0.0244 -0.9458 -0.3239
vn 0.1659 -0.8999 -0.4033
vn 0.1511 -0.9197 -0.3624
vn 0.1551 -0.9690 -0.1922
vn 0.1249 -0.9646 -0.2322
vn 0.0960 -0.9576 -0.2716
vn 0.0710 -0.9408 -0.3313
vn 0.1348 -0.9367 -0.3233
vn 0.0150 -0.9988 -0.0461
vn -0.0085 -0.9939 -0.1098
vn -0.0314 -0.9850 -0.1699
vn -0.0536 -0.9710 -0.2332
vn 0.0714 -0.9939 -0.0839
vn 0.1253 -0.9850 -0.1190
vn 0.1812 -0.9708 -0.1569
vn -0.1051 -0.8717 -0.4786
vn -0.0202 -0.8801 -0.4743
vn 0.0469 -0.8826 -0.4678
vn 0.1129 -0.8834 -0.4548
vn -0.0975 -0.9035 -0.4174
vn -0.0879 -0.9284 -0.3611
vn -0.0733 -0.9515 -0.2987
vn 0.3664 -0.8717 -0.3254
vn 0.3242 -0.9035 -0.2803
vn 0.2833 -0.9284 -0.2404
vn 0.2349 -0.9515 -0.1986
vn 0.2951 -0.8801 -0.3719
vn 0.2370 -0.8826 -0.4060
vn 0.1760 -0.8834 -0.4343
vn 0.8097 -0.4045 0.4252
vn 0.8252 -0.4252 0.3719
vn 0.8421 -0.4425 0.3082
vn 0.8393 -0.3507 0.4154
vn 0.8515 -0.3745 0.3672
vn 0.8651 -0.3956 0.3083
vn 0.8946 -0.4306 0.1199
vn 0.9189 -0.3708 0.1344
vn 0.9375 -0.3105 0.1573
vn 0.8787 -0.4437 0.1759
vn 0.9031 -0.3885 0.1831
vn 0.9229 -0.3301 0.1983
vn 0.9469 -0.1567 0.2809
vn 0.9264 -0.1941 0.3226
vn 0.9003 -0.2410 0.3624
vn 0.9511 -0.2025 0.2334
vn 0.9330 -0.2316 0.2754
vn 0.9085 -0.2703 0.3185
vn 0.8605 -0.4493 0.2400
vn 0.8836 -0.4012 0.2416
vn 0.9482 -0.2541 0.1905
vn 0.9332 -0.2762 0.2300
vn 0.8703 -0.2946 0.3947
vn 0.8797 -0.3197 0.3521
vn 0.8873 -0.3424 0.3090
vn 0.9012 -0.3572 0.2452
vn 0.9165 -0.2983 0.2663
vn 0.7553 -0.4333 0.4917
vn 0.7807 -0.4521 0.4315
vn 0.8013 -0.4686 0.3721
vn 0.8202 -0.4822 0.3077
vn 0.7943 -0.3806 0.4735
vn 0.8280 -0.3284 0.4544
vn 0.8603 -0.2721 0.4311
vn 0.8741 -0.4839 0.0434
vn 0.9084 -0.4117 0.0737
vn 0.9306 -0.3528 0.0979
vn 0.9474 -0.2941 0.1262
vn 0.8638 -0.4913 0.1117
vn 0.8522 -0.4938 0.1729
vn 0.8376 -0.4911 0.2393
vn 0.9546 -0.0621 0.2913
vn 0.9359 -0.1141 0.3334
vn 0.9156 -0.1618 0.3680
vn 0.8902 -0.2155 0.4013
vn 0.9622 -0.1296 0.2394
vn 0.9631 -0.1827 0.1978
vn 0.9582 -0.2377 0.1594
vn -0.1541 -0.4045 0.9014
vn -0.0987 -0.4252 0.8997
vn -0.0329 -0.4425 0.8962
vn -0.1357 -0.3507 0.9266
vn -0.0861 -0.3745 0.9232
vn -0.0259 -0.3956 0.9181
vn 0.1624 -0.4306 0.8878
vn 0.1561 -0.3708 0.9155
vn 0.1401 -0.3105 0.9402
vn 0.1042 -0.4437 0.8901
vn 0.1049 -0.3885 0.9154
vn 0.0966 -0.3301 0.9390
vn 0.0255 -0.1567 0.9873
vn -0.0206 -0.1941 0.9808
vn -0.0665 -0.2410 0.9682
vn 0.0720 -0.2025 0.9766
vn 0.0264 -0.2316 0.9724
vn -0.0222 -0.2703 0.9625
vn 0.0377 -0.4493 0.8926
vn 0.0432 -0.4012 0.9150
vn 0.1119 -0.2541 0.9607
vn 0.0696 -0.2762 0.9586
vn -0.1065 -0.2946 0.9497
vn -0.0631 -0.3197 0.9454
vn -0.0197 -0.3424 0.9394
vn 0.0453 -0.3572 0.9329
vn 0.0299 -0.2983 0.9540
vn -0.2342 -0.4333 0.8703
vn -0.1691 -0.4521 0.8758
vn -0.1063 -0.4686 0.8770
vn -0.0392 -0.4822 0.8752
vn -0.2048 -0.3806 0.9018
vn -0.1763 -0.3284 0.9279
vn -0.1441 -0.2721 0.9514
vn 0.2288 -0.4839 0.8447
vn 0.2106 -0.4117 0.8867
vn 0.1945 -0.3528 0.9153
vn 0.1728 -0.2941 0.9400
vn 0.1607 -0.4913 0.8561
vn 0.0990 -0.4938 0.8639
vn 0.0312 -0.4911 0.8706
vn 0.0179 -0.0621 0.9979
vn -0.0279 -0.1141 0.9931
vn -0.0671 -0.1618 0.9845
vn -0.1066 -0.2155 0.9707
vn 0.0696 -0.1296 0.9891
vn 0.1095 -0.1827 0.9771
vn 0.1445 -0.2377 0.9605
vn -0.9049 -0.4045 0.1319
vn -0.8862 -0.4252 0.1841
vn -0.8625 -0.4425 0.2456
vn -0.9232 -0.3507 0.1573
vn -0.9047 -0.3745 0.2034
vn -0.8811 -0.3956 0.2591
vn -0.7942 -0.4306 0.4288
vn -0.8224 -0.3708 0.4314
vn -0.8509 -0.3105 0.4238
vn -0.8143 -0.4437 0.3742
vn -0.8382 -0.3885 0.3826
vn -0.8632 -0.3301 0.3820
vn -0.9311 -0.1567 0.3293
vn -0.9391 -0.1941 0.2835
vn -0.9414 -0.2410 0.2360
vn -0.9066 -0.2025 0.3702
vn -0.9167 -0.2316 0.3256
vn -0.9223 -0.2703 0.2763
vn -0.8372 -0.4493 0.3117
vn -0.8568 -0.4012 0.3239
vn -0.8791 -0.2541 0.4033
vn -0.8902 -0.2762 0.3624
vn -0.9361 -0.2946 0.1922
vn -0.9186 -0.3197 0.2322
vn -0.8995 -0.3424 0.2716
vn -0.8733 -0.3572 0.3313
vn -0.8980 -0.2983 0.3233
vn -0.9001 -0.4333 0.0462
vn -0.8852 -0.4521 0.1098
vn -0.8669 -0.4686 0.1699
vn -0.8445 -0.4822 0.2332
vn -0.9209 -0.3806 0.0839
vn -0.9370 -0.3284 0.1190
vn -0.9494 -0.2721 0.1569
vn -0.7327 -0.4839 0.4786
vn -0.7782 -0.4117 0.4743
vn -0.8104 -0.3528 0.4678
vn -0.8406 -0.2941 0.4548
vn -0.7645 -0.4913 0.4174
vn -0.7911 -0.4938 0.3611
vn -0.8183 -0.4911 0.2987
vn -0.9435 -0.0621 0.3254
vn -0.9531 -0.1141 0.2803
vn -0.9571 -0.1618 0.2404
vn -0.9561 -0.2155 0.1986
vn -0.9192 -0.1296 0.3719
vn -0.8954 -0.1827 0.4060
vn -0.8689 -0.2377 0.4343
vn -0.4051 -0.4045 -0.8199
vn -0.4490 -0.4252 -0.7859
vn -0.5001 -0.4425 -0.7444
vn -0.4349 -0.3507 -0.8294
vn -0.4730 -0.3745 -0.7975
vn -0.5187 -0.3956 -0.7579
vn -0.6533 -0.4306 -0.6228
vn -0.6644 -0.3708 -0.6489
vn -0.6660 -0.3105 -0.6783
vn -0.6075 -0.4437 -0.6588
vn -0.6229 -0.3885 -0.6790
vn -0.6301 -0.3301 -0.7029
vn -0.6010 -0.1567 -0.7838
vn -0.5598 -0.1941 -0.8056
vn -0.5153 -0.2410 -0.8224
vn -0.6323 -0.2025 -0.7478
vn -0.5930 -0.2316 -0.7712
vn -0.5478 -0.2703 -0.7917
vn -0.5551 -0.4493 -0.7000
vn -0.5728 -0.4012 -0.7148
vn -0.6552 -0.2541 -0.7115
vn -0.6198 -0.2762 -0.7346
vn -0.4721 -0.2946 -0.8309
vn -0.5047 -0.3197 -0.8019
vn -0.5362 -0.3424 -0.7715
vn -0.5850 -0.3572 -0.7281
vn -0.5850 -0.2983 -0.7542
vn -0.3220 -0.4333 -0.8418
vn -0.3780 -0.4521 -0.8079
vn -0.4295 -0.4686 -0.7720
vn -0.4827 -0.4822 -0.7311
vn -0.3643 -0.3806 -0.8499
vn -0.4028 -0.3284 -0.8543
vn -0.4426 -0.2721 -0.8544
vn -0.6816 -0.4839 -0.5489
vn -0.6916 -0.4117 -0.5935
vn -0.6953 -0.3528 -0.6262
vn -0.6923 -0.2941 -0.6590
vn -0.6332 -0.4913 -0.5981
vn -0.5879 -0.4938 -0.6408
vn -0.5369 -0.4911 -0.6859
vn -0.6011 -0.0621 -0.7968
vn -0.5611 -0.1141 -0.8198
vn -0.5244 -0.1618 -0.8359
vn -0.4843 -0.2155 -0.8479
vn -0.6377 -0.1296 -0.7593
vn -0.6629 -0.1827 -0.7261
vn -0.6815 -0.2377 -0.6921
vn 0.6546 -0.4045 -0.6387
vn 0.6087 -0.4252 -0.6699
vn 0.5534 -0.4425 -0.7057
vn 0.6544 -0.3507 -0.6699
vn 0.6123 -0.3745 -0.6963
vn 0.5605 -0.3956 -0.7275
vn 0.3904 -0.4306 -0.8137
vn 0.4118 -0.3708 -0.8324
vn 0.4393 -0.3105 -0.8430
vn 0.4389 -0.4437 -0.7814
vn 0.4532 -0.3885 -0.8023
vn 0.4738 -0.3301 -0.8164
vn 0.5597 -0.1567 -0.8137
vn 0.5931 -0.1941 -0.7814
vn 0.6229 -0.2410 -0.7442
vn 0.5158 -0.2025 -0.8324
vn 0.5502 -0.2316 -0.8023
vn 0.5837 -0.2703 -0.7657
vn 0.4942 -0.4493 -0.7442
vn 0.5028 -0.4012 -0.7657
vn 0.4742 -0.2541 -0.8430
vn 0.5071 -0.2762 -0.8164
vn 0.6443 -0.2946 -0.7057
vn 0.6067 -0.3197 -0.7278
vn 0.5681 -0.3424 -0.7484
vn 0.5117 -0.3572 -0.7814
vn 0.5365 -0.2983 -0.7894
vn 0.7011 -0.4333 -0.5664
vn 0.6516 -0.4521 -0.6091
vn 0.6015 -0.4686 -0.6471
vn 0.5461 -0.4822 -0.6850
vn 0.6957 -0.3806 -0.6091
vn 0.6881 -0.3284 -0.6471
vn 0.6758 -0.2721 -0.6850
vn 0.3114 -0.4839 -0.8179
vn 0.3508 -0.4117 -0.8411
vn 0.3807 -0.3528 -0.8548
vn 0.4128 -0.2941 -0.8620
vn 0.3732 -0.4913 -0.7870
vn 0.4278 -0.4938 -0.7571
vn 0.4865 -0.4911 -0.7226
vn 0.5720 -0.0621 -0.8179
vn 0.6063 -0.1141 -0.7870
vn 0.6330 -0.1618 -0.7571
vn 0.6568 -0.2155 -0.7226
vn 0.5251 -0.1296 -0.8411
vn 0.4857 -0.1827 -0.8548
vn 0.4477 -0.2377 -0.8620
vn 0.7668 -0.3188 0.5571
vn 0.8008 -0.2784 0.5303
vn 0.8350 -0.2273 0.5010
vn 0.7493 -0.2782 0.6010
vn 0.7825 -0.2445 0.5727
vn 0.8165 -0.2000 0.5416
vn 0.8922 -0.0473 0.4492
vn 0.8629 -0.0262 0.5046
vn 0.8280 -0.0135 0.5606
vn 0.8820 -0.1052 0.4594
vn 0.8572 -0.0800 0.5088
vn 0.8257 -0.0612 0.5607
vn 0.7029 -0.0473 0.7097
vn 0.7095 -0.1052 0.6968
vn 0.7195 -0.1672 0.6741
vn 0.7466 -0.0262 0.6647
vn 0.7488 -0.0800 0.6580
vn 0.7533 -0.1407 0.6424
vn 0.8634 -0.1672 0.4760
vn 0.8437 -0.1407 0.5180
vn 0.7890 -0.0135 0.6142
vn 0.7885 -0.0612 0.6120
vn 0.7329 -0.2270 0.6414
vn 0.7642 -0.1994 0.6134
vn 0.7928 -0.1707 0.5851
vn 0.8232 -0.1193 0.5550
vn 0.7875 -0.1067 0.6071
vn 0.7403 -0.4033 0.5379
vn 0.7807 -0.3534 0.5153
vn 0.8161 -0.3046 0.4911
vn 0.8492 -0.2507 0.4648
vn 0.7314 -0.3534 0.5833
vn 0.7193 -0.3046 0.6244
vn 0.7040 -0.2506 0.6646
vn 0.9294 -0.0117 0.3689
vn 0.8953 0.0043 0.4455
vn 0.8636 0.0162 0.5039
vn 0.8279 0.0230 0.5605
vn 0.9168 -0.0760 0.3920
vn 0.9009 -0.1323 0.4133
vn 0.8783 -0.1917 0.4379
vn 0.6380 -0.0117 0.7699
vn 0.6562 -0.0760 0.7508
vn 0.6715 -0.1323 0.7291
vn 0.6879 -0.1917 0.7000
vn 0.7004 0.0043 0.7138
vn 0.7461 0.0162 0.6656
vn 0.7889 0.0230 0.6141
vn -0.2929 -0.3188 0.9014
vn -0.2569 -0.2784 0.9255
vn -0.2185 -0.2273 0.9490
vn -0.3400 -0.2782 0.8983
vn -0.3029 -0.2445 0.9211
vn -0.2627 -0.2000 0.9439
vn -0.1515 -0.0473 0.9873
vn -0.2133 -0.0262 0.9766
vn -0.2773 -0.0136 0.9607
vn -0.1644 -0.1052 0.9808
vn -0.2190 -0.0800 0.9724
vn -0.2781 -0.0612 0.9586
vn -0.4578 -0.0473 0.8878
vn -0.4435 -0.1052 0.8901
vn -0.4188 -0.1672 0.8926
vn -0.4015 -0.0262 0.9155
vn -0.3944 -0.0800 0.9154
vn -0.3781 -0.1407 0.9150
vn -0.1859 -0.1672 0.9682
vn -0.2319 -0.1407 0.9625
vn -0.3404 -0.0135 0.9402
vn -0.3384 -0.0612 0.9390
vn -0.3835 -0.2270 0.8952
vn -0.3472 -0.1994 0.9164
vn -0.3115 -0.1707 0.9348
vn -0.2735 -0.1193 0.9545
vn -0.3340 -0.1066 0.9365
vn -0.2828 -0.4033 0.8703
vn -0.2488 -0.3534 0.9018
vn -0.2149 -0.3046 0.9279
vn -0.1797 -0.2507 0.9512
vn -0.3287 -0.3534 0.8758
vn -0.3716 -0.3046 0.8770
vn -0.4145 -0.2506 0.8749
vn -0.0636 -0.0117 0.9979
vn -0.1471 0.0043 0.9891
vn -0.2124 0.0162 0.9771
vn -0.2772 0.0230 0.9605
vn -0.0896 -0.0760 0.9931
vn -0.1147 -0.1323 0.9845
vn -0.1451 -0.1917 0.9707
vn -0.5351 -0.0117 0.8447
vn -0.5113 -0.0760 0.8561
vn -0.4859 -0.1323 0.8639
vn -0.4532 -0.1917 0.8706
vn -0.4624 0.0043 0.8867
vn -0.4025 0.0162 0.9153
vn -0.3403 0.0230 0.9400
vn -0.9478 -0.3188 -0.0000
vn -0.9595 -0.2784 0.0417
vn -0.9701 -0.2273 0.0855
vn -0.9594 -0.2782 -0.0458
vn -0.9697 -0.2445 -0.0034
vn -0.9789 -0.2000 0.0418
vn -0.9858 -0.0473 0.1610
vn -0.9947 -0.0262 0.0990
vn -0.9994 -0.0135 0.0332
vn -0.9836 -0.1052 0.1467
vn -0.9925 -0.0800 0.0922
vn -0.9976 -0.0612 0.0317
vn -0.9858 -0.0473 -0.1610
vn -0.9836 -0.1052 -0.1467
vn -0.9783 -0.1672 -0.1224
vn -0.9947 -0.0262 -0.0990
vn -0.9925 -0.0800 -0.0922
vn -0.9871 -0.1407 -0.0769
vn -0.9783 -0.1672 0.1224
vn -0.9871 -0.1407 0.0769
vn -0.9994 -0.0135 -0.0332
vn -0.9976 -0.0612 -0.0317
vn -0.9699 -0.2270 -0.0881
vn -0.9788 -0.1994 -0.0470
vn -0.9853 -0.1707 -0.0074
vn -0.9923 -0.1193 0.0348
vn -0.9939 -0.1067 -0.0283
vn -0.9151 -0.4033 -0.0000
vn -0.9345 -0.3534 0.0420
vn -0.9489 -0.3046 0.0824
vn -0.9602 -0.2507 0.1231
vn -0.9345 -0.3534 -0.0420
vn -0.9489 -0.3046 -0.0824
vn -0.9601 -0.2506 -0.1239
vn -0.9687 -0.0117 0.2479
vn -0.9862 0.0043 0.1658
vn -0.9949 0.0162 0.0999
vn -0.9992 0.0230 0.0332
vn -0.9721 -0.0760 0.2217
vn -0.9718 -0.1323 0.1952
vn -0.9680 -0.1917 0.1620
vn -0.9687 -0.0117 -0.2479
vn -0.9721 -0.0760 -0.2217
vn -0.9718 -0.1323 -0.1952
vn -0.9680 -0.1917 -0.1620
vn -0.9862 0.0043 -0.1658
vn -0.9949 0.0162 -0.0999
vn -0.9992 0.0230 -0.0332
vn -0.2929 -0.3188 -0.9014
vn -0.3361 -0.2784 -0.8997
vn -0.3811 -0.2273 -0.8962
vn -0.2530 -0.2782 -0.9266
vn -0.2964 -0.2445 -0.9232
vn -0.3423 -0.2000 -0.9181
vn -0.4578 -0.0473 -0.8878
vn -0.4015 -0.0262 -0.9155
vn -0.3404 -0.0135 -0.9402
vn -0.4435 -0.1052 -0.8901
vn -0.3944 -0.0800 -0.9154
vn -0.3384 -0.0612 -0.9390
vn -0.1515 -0.0473 -0.9873
vn -0.1644 -0.1052 -0.9808
vn -0.1859 -0.1673 -0.9682
vn -0.2133 -0.0262 -0.9766
vn -0.2190 -0.0800 -0.9724
vn -0.2319 -0.1407 -0.9625
vn -0.4188 -0.1672 -0.8926
vn -0.3781 -0.1407 -0.9150
vn -0.2773 -0.0136 -0.9607
vn -0.2781 -0.0612 -0.9586
vn -0.2159 -0.2270 -0.9497
vn -0.2577 -0.1994 -0.9454
vn -0.2974 -0.1707 -0.9394
vn -0.3398 -0.1193 -0.9329
vn -0.2802 -0.1067 -0.9540
vn -0.2828 -0.4033 -0.8703
vn -0.3287 -0.3534 -0.8758
vn -0.3716 -0.3046 -0.8770
vn -0.4138 -0.2507 -0.8752
vn -0.2488 -0.3534 -0.9018
vn -0.2149 -0.3046 -0.9279
vn -0.1789 -0.2506 -0.9514
vn -0.5351 -0.0117 -0.8447
vn -0.4624 0.0043 -0.8867
vn -0.4025 0.0162 -0.9153
vn -0.3403 0.0230 -0.9400
vn -0.5113 -0.0760 -0.8561
vn -0.4859 -0.1323 -0.8639
vn -0.4532 -0.1917 -0.8706
vn -0.0636 -0.0117 -0.9979
vn -0.0896 -0.0760 -0.9931
vn -0.1147 -0.1323 -0.9845
vn -0.1451 -0.1917 -0.9707
vn -0.1471 0.0043 -0.9891
vn -0.2124 0.0162 -0.9771
vn -0.2772 0.0230 -0.9605
vn 0.7668 -0.3188 -0.5571
vn 0.7518 -0.2784 -0.5977
vn 0.7345 -0.2273 -0.6393
vn 0.8031 -0.2782 -0.5269
vn 0.7865 -0.2445 -0.5672
vn 0.7674 -0.2000 -0.6092
vn 0.7029 -0.0473 -0.7097
vn 0.7466 -0.0262 -0.6647
vn 0.7890 -0.0135 -0.6142
vn 0.7095 -0.1052 -0.6968
vn 0.7488 -0.0800 -0.6580
vn 0.7885 -0.0612 -0.6120
vn 0.8922 -0.0473 -0.4492
vn 0.8820 -0.1052 -0.4594
vn 0.8634 -0.1672 -0.4760
vn 0.8629 -0.0262 -0.5046
vn 0.8572 -0.0800 -0.5088
vn 0.8437 -0.1407 -0.5180
vn 0.7195 -0.1672 -0.6741
vn 0.7533 -0.1407 -0.6424
vn 0.8280 -0.0135 -0.5606
vn 0.8257 -0.0612 -0.5607
vn 0.8365 -0.2270 -0.4988
vn 0.8195 -0.1994 -0.5373
vn 0.8015 -0.1707 -0.5731
vn 0.7823 -0.1193 -0.6114
vn 0.8207 -0.1066 -0.5613
vn 0.7403 -0.4033 -0.5379
vn 0.7314 -0.3534 -0.5833
vn 0.7193 -0.3046 -0.6244
vn 0.7045 -0.2507 -0.6640
vn 0.7807 -0.3534 -0.5153
vn 0.8161 -0.3046 -0.4911
vn 0.8496 -0.2506 -0.4642
vn 0.6380 -0.0117 -0.7699
vn 0.7004 0.0043 -0.7138
vn 0.7461 0.0162 -0.6656
vn 0.7889 0.0230 -0.6141
vn 0.6562 -0.0760 -0.7508
vn 0.6715 -0.1323 -0.7291
vn 0.6879 -0.1917 -0.7000
vn 0.9294 -0.0117 -0.3689
vn 0.9168 -0.0760 -0.3921
vn 0.9009 -0.1323 -0.4133
vn 0.8783 -0.1917 -0.4379
vn 0.8953 0.0043 -0.4455
vn 0.8636 0.0162 -0.5039
vn 0.8279 0.0230 -0.5605
vn 0.3358 0.5433 0.7695
vn 0.3876 0.5479 0.7413
vn 0.4437 0.5553 0.7034
vn 0.3132 0.5939 0.7411
vn 0.3632 0.5941 0.7177
vn 0.4180 0.5969 0.6848
vn 0.5648 0.6076 0.5585
vn 0.5218 0.6561 0.5453
vn 0.4714 0.6997 0.5369
vn 0.5356 0.5875 0.6066
vn 0.5002 0.6340 0.5898
vn 0.4562 0.6778 0.5766
vn 0.2909 0.7769 0.5585
vn 0.2860 0.7418 0.6066
vn 0.2871 0.6975 0.6566
vn 0.3535 0.7601 0.5453
vn 0.3433 0.7309 0.5898
vn 0.3371 0.6917 0.6386
vn 0.4954 0.5687 0.6566
vn 0.4679 0.6109 0.6386
vn 0.4150 0.7345 0.5369
vn 0.4023 0.7112 0.5766
vn 0.2960 0.6467 0.7030
vn 0.3426 0.6438 0.6842
vn 0.3871 0.6405 0.6632
vn 0.4404 0.6463 0.6231
vn 0.3909 0.6864 0.6132
vn 0.2978 0.4818 0.8241
vn 0.3560 0.4961 0.7919
vn 0.4102 0.5071 0.7580
vn 0.4648 0.5180 0.7181
vn 0.2845 0.5403 0.7919
vn 0.2701 0.5937 0.7580
vn 0.2548 0.6478 0.7179
vn 0.6408 0.5654 0.5193
vn 0.5832 0.6284 0.5148
vn 0.5344 0.6746 0.5093
vn 0.4814 0.7159 0.5057
vn 0.6024 0.5529 0.5757
vn 0.5641 0.5414 0.6235
vn 0.5177 0.5295 0.6720
vn 0.2191 0.8260 0.5193
vn 0.2252 0.7860 0.5757
vn 0.2320 0.7466 0.6235
vn 0.2421 0.6999 0.6720
vn 0.3012 0.8027 0.5148
vn 0.3644 0.7797 0.5092
vn 0.4250 0.7507 0.5057
vn -0.6281 0.5433 0.5571
vn -0.5853 0.5479 0.5977
vn -0.5318 0.5553 0.6393
vn -0.6080 0.5939 0.5269
vn -0.5704 0.5941 0.5672
vn -0.5221 0.5969 0.6092
vn -0.3566 0.6076 0.7097
vn -0.3573 0.6561 0.6647
vn -0.3650 0.6997 0.6142
vn -0.4114 0.5875 0.6968
vn -0.4064 0.6340 0.6580
vn -0.4074 0.6778 0.6120
vn -0.4413 0.7769 0.4492
vn -0.4885 0.7418 0.4594
vn -0.5357 0.6975 0.4760
vn -0.4093 0.7601 0.5046
vn -0.4549 0.7309 0.5088
vn -0.5032 0.6917 0.5180
vn -0.4714 0.5687 0.6741
vn -0.4628 0.6109 0.6424
vn -0.3824 0.7345 0.5606
vn -0.4240 0.7112 0.5607
vn -0.5771 0.6467 0.4988
vn -0.5448 0.6438 0.5373
vn -0.5111 0.6405 0.5731
vn -0.4565 0.6464 0.6114
vn -0.4624 0.6864 0.5613
vn -0.6918 0.4818 0.5379
vn -0.6432 0.4961 0.5833
vn -0.5941 0.5071 0.6244
vn -0.5393 0.5180 0.6640
vn -0.6653 0.5403 0.5153
vn -0.6374 0.5937 0.4911
vn -0.6041 0.6478 0.4642
vn -0.2958 0.5654 0.7699
vn -0.3094 0.6284 0.7138
vn -0.3192 0.6746 0.6656
vn -0.3322 0.7159 0.6141
vn -0.3614 0.5529 0.7508
vn -0.4187 0.5414 0.7291
vn -0.4791 0.5295 0.7000
vn -0.4261 0.8260 0.3688
vn -0.4780 0.7860 0.3920
vn -0.5213 0.7466 0.4133
vn -0.5643 0.6999 0.4379
vn -0.3965 0.8027 0.4455
vn -0.3717 0.7797 0.5039
vn -0.3497 0.7507 0.5605
vn -0.7239 0.5433 -0.4252
vn -0.7493 0.5479 -0.3719
vn -0.7724 0.5553 -0.3082
vn -0.6890 0.5939 -0.4154
vn -0.7157 0.5941 -0.3672
vn -0.7407 0.5969 -0.3083
vn -0.7852 0.6076 -0.1199
vn -0.7426 0.6561 -0.1344
vn -0.6969 0.6997 -0.1573
vn -0.7899 0.5875 -0.1759
vn -0.7514 0.6340 -0.1831
vn -0.7080 0.6778 -0.1983
vn -0.5636 0.7769 -0.2809
vn -0.5879 0.7418 -0.3226
vn -0.6182 0.6975 -0.3624
vn -0.6064 0.7601 -0.2334
vn -0.6244 0.7309 -0.2754
vn -0.6481 0.6917 -0.3185
vn -0.7867 0.5687 -0.2400
vn -0.7540 0.6109 -0.2416
vn -0.6513 0.7345 -0.1905
vn -0.6643 0.7112 -0.2300
vn -0.6527 0.6467 -0.3947
vn -0.6793 0.6438 -0.3521
vn -0.7030 0.6405 -0.3090
vn -0.7226 0.6463 -0.2452
vn -0.6767 0.6864 -0.2663
vn -0.7253 0.4818 -0.4917
vn -0.7535 0.4961 -0.4315
vn -0.7774 0.5071 -0.3721
vn -0.7981 0.5180 -0.3077
vn -0.6957 0.5402 -0.4735
vn -0.6641 0.5937 -0.4544
vn -0.6281 0.6478 -0.4311
vn -0.8237 0.5654 -0.0434
vn -0.7744 0.6284 -0.0737
vn -0.7317 0.6746 -0.0979
vn -0.6867 0.7159 -0.1262
vn -0.8257 0.5529 -0.1117
vn -0.8228 0.5414 -0.1729
vn -0.8138 0.5295 -0.2393
vn -0.4825 0.8260 -0.2913
vn -0.5206 0.7860 -0.3334
vn -0.5542 0.7466 -0.3680
vn -0.5908 0.6999 -0.4013
vn -0.5463 0.8027 -0.2394
vn -0.5941 0.7797 -0.1978
vn -0.6411 0.7507 -0.1594
vn 0.1806 0.5433 -0.8199
vn 0.1222 0.5479 -0.8276
vn 0.0545 0.5553 -0.8298
vn 0.1822 0.5939 -0.7836
vn 0.1280 0.5941 -0.7941
vn 0.0643 0.5969 -0.7997
vn -0.1286 0.6076 -0.7838
vn -0.1016 0.6561 -0.7478
vn -0.0658 0.6997 -0.7114
vn -0.0768 0.5875 -0.8056
vn -0.0580 0.6340 -0.7712
vn -0.0302 0.6778 -0.7346
vn 0.0930 0.7769 -0.6228
vn 0.1252 0.7418 -0.6588
vn 0.1536 0.6975 -0.6999
vn 0.0345 0.7601 -0.6489
vn 0.0689 0.7309 -0.6790
vn 0.1026 0.6917 -0.7148
vn -0.0149 0.5687 -0.8224
vn -0.0032 0.6109 -0.7917
vn -0.0201 0.7345 -0.6783
vn 0.0135 0.7112 -0.7029
vn 0.1737 0.6467 -0.7427
vn 0.1250 0.6438 -0.7549
vn 0.0766 0.6405 -0.7641
vn 0.0099 0.6463 -0.7630
vn 0.0442 0.6864 -0.7259
vn 0.2435 0.4818 -0.8418
vn 0.1775 0.4961 -0.8499
vn 0.1136 0.5071 -0.8543
vn 0.0460 0.5180 -0.8541
vn 0.2353 0.5403 -0.8079
vn 0.2270 0.5937 -0.7720
vn 0.2159 0.6478 -0.7306
vn -0.2132 0.5654 -0.7968
vn -0.1692 0.6284 -0.7593
vn -0.1330 0.6746 -0.7261
vn -0.0922 0.7159 -0.6921
vn -0.1489 0.5529 -0.8198
vn -0.0899 0.5414 -0.8359
vn -0.0239 0.5295 -0.8479
vn 0.1280 0.8260 -0.5489
vn 0.1562 0.7860 -0.5981
vn 0.1788 0.7466 -0.6408
vn 0.1991 0.6999 -0.6859
vn 0.0589 0.8027 -0.5935
vn 0.0045 0.7797 -0.6262
vn -0.0466 0.7507 -0.6590
vn 0.8356 0.5433 -0.0815
vn 0.8248 0.5479 -0.1395
vn 0.8061 0.5553 -0.2046
vn 0.8016 0.5939 -0.0689
vn 0.7948 0.5941 -0.1236
vn 0.7805 0.5969 -0.1860
vn 0.7057 0.6076 -0.3645
vn 0.6798 0.6561 -0.3278
vn 0.6563 0.6997 -0.2824
vn 0.7424 0.5875 -0.3219
vn 0.7155 0.6340 -0.2935
vn 0.6893 0.6778 -0.2557
vn 0.6210 0.7769 -0.1040
vn 0.6653 0.7418 -0.0845
vn 0.7132 0.6975 -0.0702
vn 0.6278 0.7601 -0.1677
vn 0.6670 0.7309 -0.1443
vn 0.7116 0.6917 -0.1233
vn 0.7775 0.5687 -0.2683
vn 0.7520 0.6109 -0.2477
vn 0.6389 0.7345 -0.2288
vn 0.6727 0.7112 -0.2044
vn 0.7601 0.6467 -0.0643
vn 0.7566 0.6438 -0.1144
vn 0.7504 0.6405 -0.1632
vn 0.7287 0.6463 -0.2263
vn 0.7040 0.6864 -0.1823
vn 0.8758 0.4818 -0.0285
vn 0.8632 0.4961 -0.0938
vn 0.8477 0.5071 -0.1559
vn 0.8266 0.5180 -0.2202
vn 0.8411 0.5403 -0.0259
vn 0.8044 0.5937 -0.0227
vn 0.7615 0.6478 -0.0204
vn 0.6919 0.5654 -0.4490
vn 0.6698 0.6284 -0.3956
vn 0.6495 0.6746 -0.3509
vn 0.6298 0.7159 -0.3016
vn 0.7337 0.5529 -0.3950
vn 0.7673 0.5414 -0.3438
vn 0.7991 0.5295 -0.2847
vn 0.5616 0.8260 -0.0479
vn 0.6171 0.7860 -0.0362
vn 0.6646 0.7466 -0.0280
vn 0.7139 0.6999 -0.0226
vn 0.5827 0.8027 -0.1274
vn 0.5969 0.7797 -0.1892
vn 0.6123 0.7507 -0.2479
vn 0.4171 0.9029 -0.1040
vn 0.3991 0.9014 -0.1677
vn 0.3713 0.8999 -0.2288
vn 0.3660 0.9268 -0.0845
vn 0.3554 0.9235 -0.1443
vn 0.3353 0.9197 -0.2044
vn 0.2278 0.9029 -0.3645
vn 0.1935 0.9268 -0.3219
vn 0.1610 0.9498 -0.2683
vn 0.2828 0.9014 -0.3278
vn 0.2470 0.9235 -0.2935
vn 0.2101 0.9458 -0.2477
vn 0.1122 0.9903 -0.0815
vn 0.1702 0.9828 -0.0721
vn 0.2367 0.9693 -0.0663
vn 0.1189 0.9826 -0.1430
vn 0.1719 0.9766 -0.1291
vn 0.2340 0.9650 -0.1183
vn 0.3323 0.8999 -0.2824
vn 0.2980 0.9197 -0.2557
vn 0.1349 0.9690 -0.2069
vn 0.1822 0.9646 -0.1905
vn 0.3049 0.9498 -0.0702
vn 0.3005 0.9458 -0.1233
vn 0.2932 0.9408 -0.1699
vn 0.2658 0.9367 -0.2281
vn 0.2286 0.9576 -0.1753
vn 0.4877 0.8717 -0.0479
vn 0.4573 0.8801 -0.1274
vn 0.4304 0.8826 -0.1892
vn 0.3976 0.8834 -0.2479
vn 0.4271 0.9035 -0.0362
vn 0.3706 0.9284 -0.0280
vn 0.3067 0.9515 -0.0226
vn 0.1963 0.8717 -0.4490
vn 0.1664 0.9035 -0.3950
vn 0.1411 0.9284 -0.3438
vn 0.1163 0.9515 -0.2847
vn 0.2625 0.8801 -0.3956
vn 0.3129 0.8826 -0.3509
vn 0.3586 0.8834 -0.3016
vn 0.0393 0.9988 -0.0285
vn 0.1071 0.9939 -0.0259
vn 0.1713 0.9850 -0.0227
vn 0.2384 0.9710 -0.0210
vn 0.0577 0.9939 -0.0938
vn 0.0745 0.9850 -0.1559
vn 0.0933 0.9708 -0.2208
vn 0.5165 0.8357 -0.1865
vn 0.5423 0.8076 -0.2317
vn 0.5652 0.7756 -0.2811
vn 0.4798 0.8462 -0.2317
vn 0.5070 0.8204 -0.2644
vn 0.5333 0.7896 -0.3035
vn 0.5968 0.6752 -0.4336
vn 0.5488 0.7082 -0.4441
vn 0.4961 0.7422 -0.4506
vn 0.5920 0.7082 -0.3847
vn 0.5512 0.7320 -0.4005
vn 0.5035 0.7587 -0.4134
vn 0.3370 0.8357 -0.4336
vn 0.3687 0.8462 -0.3847
vn 0.4036 0.8524 -0.3325
vn 0.3880 0.8076 -0.4441
vn 0.4082 0.8204 -0.4005
vn 0.4332 0.8301 -0.3511
vn 0.5819 0.7422 -0.3325
vn 0.5488 0.7587 -0.3511
vn 0.4420 0.7756 -0.4506
vn 0.4534 0.7896 -0.4134
vn 0.4410 0.8524 -0.2811
vn 0.4678 0.8301 -0.3035
vn 0.4918 0.8076 -0.3254
vn 0.5160 0.7739 -0.3672
vn 0.4647 0.8011 -0.3773
vn 0.5244 0.8484 -0.0723
vn 0.5502 0.8217 -0.1490
vn 0.5707 0.7947 -0.2069
vn 0.5902 0.7632 -0.2630
vn 0.4889 0.8595 -0.1490
vn 0.4555 0.8659 -0.2069
vn 0.4187 0.8692 -0.2630
vn 0.6556 0.5859 -0.4764
vn 0.5955 0.6463 -0.4772
vn 0.5439 0.6891 -0.4789
vn 0.4892 0.7282 -0.4800
vn 0.6378 0.6463 -0.4189
vn 0.6235 0.6891 -0.3693
vn 0.6077 0.7282 -0.3169
vn 0.2308 0.8484 -0.4763
vn 0.2928 0.8595 -0.4189
vn 0.3375 0.8659 -0.3693
vn 0.3795 0.8692 -0.3169
vn 0.3117 0.8217 -0.4772
vn 0.3731 0.7947 -0.4789
vn 0.4325 0.7632 -0.4800
vn 0.5648 0.6076 -0.5585
vn 0.5356 0.5875 -0.6066
vn 0.4954 0.5687 -0.6566
vn 0.5218 0.6561 -0.5453
vn 0.5002 0.6340 -0.5898
vn 0.4679 0.6109 -0.6386
vn 0.3358 0.5433 -0.7695
vn 0.3167 0.5917 -0.7413
vn 0.2983 0.6452 -0.7034
vn 0.3911 0.5458 -0.7411
vn 0.3689 0.5905 -0.7177
vn 0.3469 0.6409 -0.6848
vn 0.2909 0.7769 -0.5585
vn 0.3534 0.7601 -0.5453
vn 0.4150 0.7345 -0.5369
vn 0.2860 0.7418 -0.6066
vn 0.3433 0.7309 -0.5898
vn 0.4023 0.7112 -0.5766
vn 0.4460 0.5540 -0.7030
vn 0.4226 0.5944 -0.6842
vn 0.2871 0.6975 -0.6566
vn 0.3371 0.6917 -0.6386
vn 0.4714 0.6997 -0.5369
vn 0.4562 0.6778 -0.5766
vn 0.4391 0.6566 -0.6132
vn 0.3998 0.6327 -0.6632
vn 0.3811 0.6830 -0.6231
vn 0.6408 0.5654 -0.5193
vn 0.6024 0.5529 -0.5757
vn 0.5641 0.5414 -0.6235
vn 0.5177 0.5295 -0.6720
vn 0.5832 0.6284 -0.5148
vn 0.5344 0.6746 -0.5093
vn 0.4814 0.7159 -0.5057
vn 0.2978 0.4818 -0.8241
vn 0.2845 0.5403 -0.7919
vn 0.2701 0.5937 -0.7580
vn 0.2554 0.6474 -0.7181
vn 0.3560 0.4961 -0.7919
vn 0.4102 0.5071 -0.7580
vn 0.4655 0.5176 -0.7179
vn 0.2191 0.8260 -0.5193
vn 0.3012 0.8027 -0.5148
vn 0.3644 0.7797 -0.5092
vn 0.4250 0.7507 -0.5057
vn 0.2252 0.7860 -0.5757
vn 0.2320 0.7466 -0.6235
vn 0.2421 0.6999 -0.6720
vn 0.0299 0.9029 -0.4288
vn -0.0361 0.9014 -0.4314
vn -0.1028 0.8999 -0.4238
vn 0.0327 0.9268 -0.3742
vn -0.0274 0.9235 -0.3826
vn -0.0908 0.9197 -0.3820
vn -0.2763 0.9029 -0.3293
vn -0.2464 0.9268 -0.2835
vn -0.2054 0.9498 -0.2360
vn -0.2243 0.9014 -0.3702
vn -0.2028 0.9235 -0.3256
vn -0.1706 0.9458 -0.2763
vn -0.0429 0.9903 -0.1319
vn -0.0160 0.9828 -0.1841
vn 0.0101 0.9693 -0.2456
vn -0.0992 0.9826 -0.1573
vn -0.0696 0.9766 -0.2034
vn -0.0402 0.9650 -0.2591
vn -0.1659 0.8999 -0.4033
vn -0.1511 0.9197 -0.3624
vn -0.1551 0.9690 -0.1922
vn -0.1249 0.9646 -0.2322
vn 0.0275 0.9498 -0.3117
vn -0.0244 0.9458 -0.3239
vn -0.0710 0.9408 -0.3313
vn -0.1348 0.9367 -0.3233
vn -0.0960 0.9576 -0.2716
vn 0.1051 0.8717 -0.4786
vn 0.0202 0.8801 -0.4743
vn -0.0469 0.8826 -0.4678
vn -0.1129 0.8834 -0.4548
vn 0.0975 0.9035 -0.4174
vn 0.0879 0.9284 -0.3611
vn 0.0733 0.9515 -0.2987
vn -0.3664 0.8717 -0.3254
vn -0.3242 0.9035 -0.2803
vn -0.2833 0.9284 -0.2404
vn -0.2349 0.9515 -0.1986
vn -0.2951 0.8801 -0.3719
vn -0.2370 0.8826 -0.4060
vn -0.1760 0.8834 -0.4343
vn -0.0150 0.9988 -0.0461
vn 0.0085 0.9939 -0.1098
vn 0.0314 0.9850 -0.1699
vn 0.0537 0.9710 -0.2332
vn -0.0714 0.9939 -0.0839
vn -0.1253 0.9850 -0.1190
vn -0.1812 0.9708 -0.1569
vn -0.0178 0.8357 -0.5489
vn -0.0528 0.8076 -0.5873
vn -0.0927 0.7756 -0.6244
vn -0.0721 0.8462 -0.5280
vn -0.0948 0.8204 -0.5639
vn -0.1238 0.7896 -0.6010
vn -0.2280 0.6752 -0.7016
vn -0.2528 0.7082 -0.6592
vn -0.2753 0.7422 -0.6111
vn -0.1830 0.7082 -0.6819
vn -0.2106 0.7320 -0.6480
vn -0.2376 0.7587 -0.6066
vn -0.3082 0.8357 -0.4545
vn -0.2520 0.8462 -0.4695
vn -0.1916 0.8524 -0.4866
vn -0.3025 0.8076 -0.5062
vn -0.2548 0.8204 -0.5119
vn -0.2000 0.8301 -0.5205
vn -0.1365 0.7422 -0.6562
vn -0.1643 0.7587 -0.6304
vn -0.2920 0.7756 -0.5596
vn -0.2531 0.7896 -0.5590
vn -0.1310 0.8524 -0.5063
vn -0.1441 0.8301 -0.5386
vn -0.1575 0.8076 -0.5683
vn -0.1898 0.7739 -0.6042
vn -0.2152 0.8011 -0.5586
vn 0.0933 0.8484 -0.5210
vn 0.0283 0.8217 -0.5693
vn -0.0204 0.7947 -0.6067
vn -0.0678 0.7632 -0.6426
vn 0.0094 0.8595 -0.5110
vn -0.0560 0.8659 -0.4972
vn -0.1208 0.8692 -0.4795
vn -0.2504 0.5859 -0.7708
vn -0.2698 0.6463 -0.7138
vn -0.2874 0.6891 -0.6653
vn -0.3054 0.7282 -0.6136
vn -0.2013 0.6463 -0.7361
vn -0.1586 0.6891 -0.7071
vn -0.1136 0.7282 -0.6759
vn -0.3817 0.8484 -0.3667
vn -0.3079 0.8595 -0.4079
vn -0.2469 0.8659 -0.4351
vn -0.1841 0.8692 -0.4589
vn -0.3575 0.8217 -0.4439
vn -0.3401 0.7947 -0.5028
vn -0.3229 0.7632 -0.5597
vn -0.3566 0.6076 -0.7097
vn -0.4114 0.5875 -0.6968
vn -0.4713 0.5687 -0.6741
vn -0.3573 0.6561 -0.6647
vn -0.4064 0.6340 -0.6580
vn -0.4628 0.6109 -0.6424
vn -0.6281 0.5433 -0.5571
vn -0.6072 0.5917 -0.5303
vn -0.5768 0.6452 -0.5010
vn -0.5839 0.5458 -0.6010
vn -0.5686 0.5905 -0.5727
vn -0.5441 0.6409 -0.5416
vn -0.4413 0.7769 -0.4492
vn -0.4093 0.7601 -0.5046
vn -0.3824 0.7345 -0.5606
vn -0.4885 0.7418 -0.4594
vn -0.4549 0.7309 -0.5088
vn -0.4240 0.7112 -0.5607
vn -0.5308 0.5540 -0.6414
vn -0.5201 0.5944 -0.6134
vn -0.5357 0.6975 -0.4760
vn -0.5032 0.6917 -0.5180
vn -0.3650 0.6997 -0.6142
vn -0.4074 0.6778 -0.6120
vn -0.4476 0.6566 -0.6071
vn -0.5072 0.6327 -0.5851
vn -0.4748 0.6830 -0.5550
vn -0.2958 0.5654 -0.7699
vn -0.3614 0.5529 -0.7508
vn -0.4187 0.5414 -0.7291
vn -0.4791 0.5295 -0.7000
vn -0.3094 0.6284 -0.7138
vn -0.3192 0.6746 -0.6656
vn -0.3322 0.7159 -0.6141
vn -0.6918 0.4818 -0.5379
vn -0.6653 0.5403 -0.5153
vn -0.6374 0.5937 -0.4911
vn -0.6040 0.6474 -0.4648
vn -0.6432 0.4961 -0.5833
vn -0.5941 0.5071 -0.6244
vn -0.5390 0.5176 -0.6646
vn -0.4261 0.8260 -0.3688
vn -0.3965 0.8027 -0.4455
vn -0.3717 0.7797 -0.5039
vn -0.3497 0.7507 -0.5605
vn -0.4780 0.7860 -0.3920
vn -0.5213 0.7466 -0.4133
vn -0.5643 0.6999 -0.4379
vn -0.3986 0.9029 -0.1610
vn -0.4214 0.9014 -0.0989
vn -0.4348 0.8999 -0.0332
vn -0.3458 0.9268 -0.1467
vn -0.3724 0.9235 -0.0922
vn -0.3914 0.9197 -0.0317
vn -0.3986 0.9029 0.1610
vn -0.3458 0.9268 0.1467
vn -0.2879 0.9498 0.1224
vn -0.4214 0.9014 0.0989
vn -0.3724 0.9235 0.0922
vn -0.3156 0.9458 0.0769
vn -0.1387 0.9903 -0.0000
vn -0.1801 0.9828 -0.0417
vn -0.2305 0.9693 -0.0855
vn -0.1802 0.9826 0.0458
vn -0.2150 0.9766 0.0034
vn -0.2589 0.9650 -0.0418
vn -0.4348 0.8999 0.0332
vn -0.3914 0.9197 0.0317
vn -0.2307 0.9690 0.0881
vn -0.2594 0.9646 0.0470
vn -0.2879 0.9498 -0.1224
vn -0.3155 0.9458 -0.0769
vn -0.3371 0.9408 -0.0348
vn -0.3491 0.9367 0.0283
vn -0.2879 0.9576 0.0074
vn -0.4227 0.8717 -0.2479
vn -0.4449 0.8801 -0.1658
vn -0.4594 0.8826 -0.0999
vn -0.4674 0.8834 -0.0332
vn -0.3668 0.9035 -0.2217
vn -0.3162 0.9284 -0.1952
vn -0.2614 0.9515 -0.1620
vn -0.4227 0.8717 0.2479
vn -0.3668 0.9035 0.2217
vn -0.3162 0.9284 0.1952
vn -0.2614 0.9515 0.1620
vn -0.4449 0.8801 0.1658
vn -0.4594 0.8826 0.0999
vn -0.4674 0.8834 0.0332
vn -0.0485 0.9988 -0.0000
vn -0.1018 0.9939 -0.0420
vn -0.1519 0.9850 -0.0824
vn -0.2052 0.9710 -0.1231
vn -0.1018 0.9939 0.0420
vn -0.1519 0.9850 0.0824
vn -0.2053 0.9708 0.1239
vn -0.5275 0.8357 -0.1527
vn -0.5749 0.8076 -0.1312
vn -0.6224 0.7756 -0.1048
vn -0.5244 0.8462 -0.0946
vn -0.5656 0.8204 -0.0841
vn -0.6098 0.7896 -0.0679
vn -0.7377 0.6752 -0.0000
vn -0.7051 0.7082 0.0367
vn -0.6662 0.7422 0.0730
vn -0.7051 0.7082 -0.0367
vn -0.6814 0.7320 -0.0000
vn -0.6503 0.7587 0.0385
vn -0.5275 0.8357 0.1527
vn -0.5244 0.8462 0.0946
vn -0.5220 0.8524 0.0318
vn -0.5749 0.8076 0.1312
vn -0.5656 0.8204 0.0841
vn -0.5568 0.8301 0.0294
vn -0.6662 0.7422 -0.0730
vn -0.6503 0.7587 -0.0385
vn -0.6224 0.7756 0.1048
vn -0.6098 0.7896 0.0679
vn -0.5220 0.8524 -0.0318
vn -0.5568 0.8301 -0.0294
vn -0.5892 0.8076 -0.0258
vn -0.6333 0.7739 -0.0062
vn -0.5977 0.8011 0.0320
vn -0.4667 0.8484 -0.2497
vn -0.5327 0.8217 -0.2028
vn -0.5833 0.7947 -0.1681
vn -0.6321 0.7632 -0.1341
vn -0.4831 0.8595 -0.1668
vn -0.4901 0.8659 -0.1004
vn -0.4933 0.8692 -0.0333
vn -0.8104 0.5859 -0.0000
vn -0.7623 0.6463 0.0360
vn -0.7215 0.6891 0.0677
vn -0.6779 0.7282 0.1008
vn -0.7623 0.6463 -0.0360
vn -0.7215 0.6891 -0.0677
vn -0.6779 0.7282 -0.1008
vn -0.4667 0.8484 0.2497
vn -0.4831 0.8595 0.1668
vn -0.4901 0.8659 0.1004
vn -0.4933 0.8692 0.0333
vn -0.5327 0.8217 0.2028
vn -0.5833 0.7947 0.1681
vn -0.6321 0.7632 0.1341
vn -0.7852 0.6076 0.1199
vn -0.7899 0.5875 0.1759
vn -0.7867 0.5687 0.2400
vn -0.7426 0.6561 0.1344
vn -0.7514 0.6340 0.1831
vn -0.7540 0.6109 0.2416
vn -0.7239 0.5433 0.4252
vn -0.6920 0.5917 0.4136
vn -0.6547 0.6452 0.3937
vn -0.7520 0.5458 0.3696
vn -0.7204 0.5905 0.3638
vn -0.6832 0.6409 0.3501
vn -0.5636 0.7769 0.2809
vn -0.6064 0.7601 0.2334
vn -0.6513 0.7345 0.1905
vn -0.5879 0.7418 0.3226
vn -0.6244 0.7309 0.2754
vn -0.6643 0.7112 0.2300
vn -0.7740 0.5540 0.3066
vn -0.7441 0.5944 0.3051
vn -0.6182 0.6975 0.3624
vn -0.6481 0.6917 0.3185
vn -0.6969 0.6997 0.1573
vn -0.7080 0.6778 0.1983
vn -0.7157 0.6566 0.2380
vn -0.7132 0.6327 0.3016
vn -0.6746 0.6830 0.2801
vn -0.8237 0.5654 0.0434
vn -0.8257 0.5529 0.1117
vn -0.8228 0.5414 0.1729
vn -0.8138 0.5295 0.2393
vn -0.7744 0.6284 0.0737
vn -0.7317 0.6746 0.0979
vn -0.6868 0.7159 0.1262
vn -0.7253 0.4818 0.4917
vn -0.6957 0.5403 0.4735
vn -0.6641 0.5937 0.4544
vn -0.6287 0.6474 0.4308
vn -0.7535 0.4961 0.4315
vn -0.7774 0.5071 0.3721
vn -0.7986 0.5176 0.3072
vn -0.4825 0.8260 0.2913
vn -0.5463 0.8027 0.2394
vn -0.5941 0.7797 0.1978
vn -0.6411 0.7507 0.1594
vn -0.5206 0.7860 0.3334
vn -0.5542 0.7466 0.3680
vn -0.5908 0.6999 0.4013
vn -0.2763 0.9029 0.3293
vn -0.2243 0.9014 0.3702
vn -0.1659 0.8999 0.4033
vn -0.2464 0.9268 0.2835
vn -0.2028 0.9235 0.3256
vn -0.1511 0.9197 0.3624
vn 0.0299 0.9029 0.4288
vn 0.0327 0.9268 0.3742
vn 0.0275 0.9498 0.3117
vn -0.0361 0.9014 0.4314
vn -0.0274 0.9235 0.3826
vn -0.0244 0.9458 0.3239
vn -0.0429 0.9903 0.1319
vn -0.0953 0.9828 0.1584
vn -0.1525 0.9693 0.1928
vn -0.0122 0.9826 0.1856
vn -0.0632 0.9766 0.2055
vn -0.1197 0.9650 0.2333
vn -0.1028 0.8999 0.4238
vn -0.0908 0.9197 0.3820
vn 0.0125 0.9690 0.2467
vn -0.0354 0.9646 0.2612
vn -0.2054 0.9498 0.2360
vn -0.1706 0.9458 0.2763
vn -0.1373 0.9408 0.3098
vn -0.0810 0.9367 0.3407
vn -0.0819 0.9576 0.2761
vn -0.3664 0.8717 0.3254
vn -0.2951 0.8801 0.3719
vn -0.2370 0.8826 0.4060
vn -0.1760 0.8834 0.4343
vn -0.3242 0.9035 0.2803
vn -0.2833 0.9284 0.2404
vn -0.2348 0.9515 0.1986
vn 0.1051 0.8717 0.4786
vn 0.0975 0.9035 0.4174
vn 0.0879 0.9284 0.3611
vn 0.0733 0.9515 0.2987
vn 0.0202 0.8801 0.4743
vn -0.0469 0.8826 0.4678
vn -0.1129 0.8834 0.4548
vn -0.0150 0.9988 0.0461
vn -0.0714 0.9939 0.0839
vn -0.1253 0.9850 0.1190
vn -0.1805 0.9710 0.1571
vn 0.0085 0.9939 0.1098
vn 0.0314 0.9850 0.1699
vn 0.0544 0.9708 0.2335
vn -0.3082 0.8357 0.4545
vn -0.3025 0.8076 0.5062
vn -0.2920 0.7756 0.5596
vn -0.2520 0.8462 0.4695
vn -0.2548 0.8204 0.5119
vn -0.2531 0.7896 0.5590
vn -0.2280 0.6752 0.7016
vn -0.1830 0.7082 0.6819
vn -0.1365 0.7422 0.6562
vn -0.2528 0.7082 0.6592
vn -0.2106 0.7320 0.6480
vn -0.1643 0.7587 0.6304
vn -0.0178 0.8357 0.5489
vn -0.0721 0.8462 0.5280
vn -0.1310 0.8524 0.5063
vn -0.0528 0.8076 0.5873
vn -0.0948 0.8204 0.5639
vn -0.1441 0.8301 0.5386
vn -0.2753 0.7422 0.6111
vn -0.2376 0.7587 0.6066
vn -0.0927 0.7756 0.6244
vn -0.1238 0.7896 0.6010
vn -0.1916 0.8524 0.4866
vn -0.2000 0.8301 0.5205
vn -0.2066 0.8076 0.5523
vn -0.2016 0.7739 0.6003
vn -0.1542 0.8011 0.5784
vn -0.3817 0.8484 0.3667
vn -0.3575 0.8217 0.4439
vn -0.3401 0.7947 0.5028
vn -0.3229 0.7632 0.5597
vn -0.3079 0.8595 0.4079
vn -0.2469 0.8659 0.4351
vn -0.1841 0.8692 0.4589
vn -0.2504 0.5859 0.7707
vn -0.2013 0.6463 0.7361
vn -0.1586 0.6891 0.7071
vn -0.1136 0.7282 0.6759
vn -0.2698 0.6463 0.7138
vn -0.2874 0.6891 0.6653
vn -0.3054 0.7282 0.6136
vn 0.0933 0.8484 0.5210
vn 0.0094 0.8595 0.5110
vn -0.0560 0.8659 0.4972
vn -0.1208 0.8692 0.4795
vn 0.0283 0.8217 0.5693
vn -0.0204 0.7947 0.6067
vn -0.0678 0.7632 0.6426
vn -0.1286 0.6076 0.7838
vn -0.0768 0.5875 0.8056
vn -0.0149 0.5687 0.8224
vn -0.1017 0.6561 0.7478
vn -0.0580 0.6340 0.7712
vn -0.0032 0.6109 0.7917
vn 0.1806 0.5433 0.8199
vn 0.1795 0.5917 0.7859
vn 0.1721 0.6452 0.7444
vn 0.1192 0.5458 0.8294
vn 0.1234 0.5905 0.7975
vn 0.1218 0.6409 0.7579
vn 0.0930 0.7769 0.6228
vn 0.0345 0.7601 0.6489
vn -0.0201 0.7345 0.6783
vn 0.1252 0.7418 0.6588
vn 0.0689 0.7309 0.6790
vn 0.0135 0.7112 0.7029
vn 0.0524 0.5540 0.8309
vn 0.0602 0.5944 0.8019
vn 0.1536 0.6975 0.6999
vn 0.1026 0.6917 0.7148
vn -0.0658 0.6997 0.7114
vn -0.0302 0.6778 0.7346
vn 0.0052 0.6566 0.7542
vn 0.0664 0.6327 0.7715
vn 0.0579 0.6830 0.7281
vn -0.2132 0.5654 0.7968
vn -0.1489 0.5529 0.8198
vn -0.0899 0.5414 0.8359
vn -0.0239 0.5295 0.8479
vn -0.1692 0.6284 0.7593
vn -0.1330 0.6746 0.7261
vn -0.0922 0.7159 0.6921
vn 0.2435 0.4818 0.8418
vn 0.2353 0.5403 0.8079
vn 0.2270 0.5937 0.7720
vn 0.2154 0.6474 0.7311
vn 0.1775 0.4961 0.8499
vn 0.1136 0.5071 0.8543
vn 0.0454 0.5176 0.8544
vn 0.1280 0.8260 0.5489
vn 0.0589 0.8027 0.5935
vn 0.0045 0.7797 0.6262
vn -0.0466 0.7507 0.6589
vn 0.1562 0.7860 0.5981
vn 0.1788 0.7466 0.6408
vn 0.1991 0.6999 0.6859
vn 0.2278 0.9029 0.3645
vn 0.2828 0.9014 0.3278
vn 0.3323 0.8999 0.2824
vn 0.1935 0.9268 0.3219
vn 0.2470 0.9235 0.2935
vn 0.2980 0.9197 0.2557
vn 0.4171 0.9029 0.1040
vn 0.3660 0.9268 0.0845
vn 0.3049 0.9498 0.0702
vn 0.3991 0.9014 0.1677
vn 0.3554 0.9235 0.1443
vn 0.3005 0.9458 0.1233
vn 0.1122 0.9903 0.0815
vn 0.1212 0.9828 0.1395
vn 0.1362 0.9693 0.2046
vn 0.1727 0.9826 0.0689
vn 0.1759 0.9766 0.1236
vn 0.1848 0.9650 0.1860
vn 0.3713 0.8999 0.2288
vn 0.3353 0.9197 0.2044
vn 0.2385 0.9690 0.0643
vn 0.2375 0.9646 0.1144
vn 0.1610 0.9498 0.2683
vn 0.2101 0.9458 0.2477
vn 0.2522 0.9408 0.2263
vn 0.2990 0.9367 0.1823
vn 0.2373 0.9576 0.1633
vn 0.1963 0.8717 0.4490
vn 0.2625 0.8801 0.3956
vn 0.3129 0.8826 0.3509
vn 0.3586 0.8834 0.3016
vn 0.1664 0.9035 0.3950
vn 0.1411 0.9284 0.3438
vn 0.1163 0.9515 0.2847
vn 0.4877 0.8717 0.0479
vn 0.4271 0.9035 0.0362
vn 0.3706 0.9284 0.0280
vn 0.3067 0.9515 0.0226
vn 0.4573 0.8801 0.1274
vn 0.4304 0.8826 0.1892
vn 0.3976 0.8834 0.2479
vn 0.0393 0.9988 0.0285
vn 0.0577 0.9939 0.0938
vn 0.0745 0.9850 0.1559
vn 0.0937 0.9710 0.2202
vn 0.1071 0.9939 0.0259
vn 0.1713 0.9850 0.0227
vn 0.2389 0.9708 0.0205
vn 0.3370 0.8357 0.4336
vn 0.3880 0.8076 0.4441
vn 0.4420 0.7756 0.4506
vn 0.3687 0.8462 0.3847
vn 0.4082 0.8204 0.4005
vn 0.4534 0.7896 0.4134
vn 0.5968 0.6752 0.4336
vn 0.5920 0.7082 0.3847
vn 0.5819 0.7422 0.3325
vn 0.5488 0.7082 0.4441
vn 0.5512 0.7320 0.4005
vn 0.5488 0.7587 0.3511
vn 0.5165 0.8357 0.1865
vn 0.4798 0.8462 0.2317
vn 0.4410 0.8524 0.2811
vn 0.5423 0.8076 0.2317
vn 0.5070 0.8204 0.2644
vn 0.4678 0.8301 0.3035
vn 0.4961 0.7422 0.4506
vn 0.5035 0.7587 0.4134
vn 0.5652 0.7756 0.2811
vn 0.5333 0.7896 0.3035
vn 0.4036 0.8524 0.3325
vn 0.4332 0.8301 0.3511
vn 0.4615 0.8076 0.3672
vn 0.5086 0.7739 0.3773
vn 0.5024 0.8011 0.3254
vn 0.2308 0.8484 0.4763
vn 0.3117 0.8217 0.4772
vn 0.3731 0.7947 0.4789
vn 0.4325 0.7632 0.4800
vn 0.2928 0.8595 0.4189
vn 0.3375 0.8659 0.3693
vn 0.3795 0.8692 0.3169
vn 0.6556 0.5859 0.4764
vn 0.6378 0.6463 0.4189
vn 0.6235 0.6891 0.3693
vn 0.6077 0.7282 0.3169
vn 0.5955 0.6463 0.4772
vn 0.5439 0.6891 0.4789
vn 0.4892 0.7282 0.4800
vn 0.5244 0.8484 0.0723
vn 0.4889 0.8595 0.1490
vn 0.4555 0.8659 0.2069
vn 0.4187 0.8692 0.2630
vn 0.5502 0.8217 0.1490
vn 0.5707 0.7947 0.2069
vn 0.5902 0.7632 0.2630
vn 0.7057 0.6076 0.3645
vn 0.7424 0.5875 0.3219
vn 0.7775 0.5687 0.2683
vn 0.6798 0.6561 0.3278
vn 0.7155 0.6340 0.2935
vn 0.7520 0.6109 0.2477
vn 0.8356 0.5433 0.0815
vn 0.8029 0.5917 0.0721
vn 0.7611 0.6452 0.0663
vn 0.8256 0.5458 0.1430
vn 0.7966 0.5905 0.1291
vn 0.7585 0.6409 0.1183
vn 0.6210 0.7769 0.1040
vn 0.6278 0.7601 0.1677
vn 0.6389 0.7345 0.2287
vn 0.6653 0.7418 0.0845
vn 0.6670 0.7309 0.1443
vn 0.6727 0.7112 0.2044
vn 0.8064 0.5540 0.2069
vn 0.7813 0.5944 0.1905
vn 0.7132 0.6975 0.0702
vn 0.7116 0.6917 0.1233
vn 0.6563 0.6997 0.2824
vn 0.6893 0.6778 0.2557
vn 0.7189 0.6566 0.2281
vn 0.7543 0.6327 0.1753
vn 0.7104 0.6830 0.1699
vn 0.6919 0.5654 0.4490
vn 0.7337 0.5529 0.3950
vn 0.7673 0.5414 0.3438
vn 0.7991 0.5295 0.2847
vn 0.6698 0.6284 0.3956
vn 0.6495 0.6746 0.3509
vn 0.6298 0.7159 0.3016
vn 0.8758 0.4818 0.0285
vn 0.8411 0.5403 0.0259
vn 0.8044 0.5937 0.0227
vn 0.7619 0.6474 0.0210
vn 0.8632 0.4961 0.0938
vn 0.8477 0.5071 0.1559
vn 0.8266 0.5176 0.2208
vn 0.5616 0.8260 0.0479
vn 0.5827 0.8027 0.1274
vn 0.5969 0.7797 0.1892
vn 0.6123 0.7507 0.2479
vn 0.6171 0.7860 0.0362
vn 0.6646 0.7466 0.0280
vn 0.7139 0.6999 0.0226
vn 0.9311 0.1567 -0.3293
vn 0.9066 0.2025 -0.3702
vn 0.8791 0.2541 -0.4033
vn 0.9391 0.1941 -0.2835
vn 0.9167 0.2316 -0.3256
vn 0.8902 0.2762 -0.3624
vn 0.7942 0.4306 -0.4288
vn 0.8143 0.4437 -0.3742
vn 0.8372 0.4493 -0.3117
vn 0.8224 0.3708 -0.4314
vn 0.8382 0.3885 -0.3826
vn 0.8568 0.4012 -0.3239
vn 0.9050 0.4045 -0.1319
vn 0.9216 0.3543 -0.1584
vn 0.9352 0.2971 -0.1928
vn 0.8843 0.4285 -0.1856
vn 0.9018 0.3802 -0.2055
vn 0.9167 0.3245 -0.2333
vn 0.8509 0.3105 -0.4238
vn 0.8632 0.3301 -0.3820
vn 0.8611 0.4446 -0.2467
vn 0.8786 0.3997 -0.2613
vn 0.9414 0.2410 -0.2360
vn 0.9223 0.2703 -0.2763
vn 0.9029 0.2979 -0.3098
vn 0.8740 0.3465 -0.3407
vn 0.8932 0.3550 -0.2761
vn 0.9435 0.0621 -0.3254
vn 0.9192 0.1296 -0.3719
vn 0.8954 0.1827 -0.4060
vn 0.8689 0.2377 -0.4343
vn 0.9531 0.1141 -0.2803
vn 0.9571 0.1618 -0.2404
vn 0.9561 0.2155 -0.1986
vn 0.7327 0.4839 -0.4786
vn 0.7645 0.4913 -0.4174
vn 0.7911 0.4938 -0.3611
vn 0.8183 0.4911 -0.2987
vn 0.7782 0.4117 -0.4743
vn 0.8104 0.3527 -0.4678
vn 0.8406 0.2941 -0.4548
vn 0.9001 0.4333 -0.0461
vn 0.9209 0.3806 -0.0839
vn 0.9370 0.3284 -0.1190
vn 0.9491 0.2728 -0.1571
vn 0.8852 0.4521 -0.1098
vn 0.8669 0.4686 -0.1699
vn 0.8440 0.4828 -0.2335
vn 0.8853 0.0980 -0.4545
vn 0.8576 0.0906 -0.5062
vn 0.8243 0.0857 -0.5596
vn 0.8695 0.1530 -0.4695
vn 0.8477 0.1390 -0.5119
vn 0.8194 0.1268 -0.5590
vn 0.7058 0.0980 -0.7016
vn 0.7153 0.1530 -0.6819
vn 0.7248 0.2099 -0.6562
vn 0.7465 0.0906 -0.6592
vn 0.7488 0.1390 -0.6480
vn 0.7521 0.1923 -0.6304
vn 0.7554 0.3579 -0.5489
vn 0.7891 0.3139 -0.5280
vn 0.8210 0.2640 -0.5063
vn 0.7460 0.3139 -0.5873
vn 0.7762 0.2821 -0.5639
vn 0.8069 0.2424 -0.5386
vn 0.7869 0.0857 -0.6111
vn 0.7849 0.1268 -0.6066
vn 0.7352 0.2640 -0.6244
vn 0.7616 0.2424 -0.6010
vn 0.8480 0.2099 -0.4866
vn 0.8319 0.1923 -0.5205
vn 0.8147 0.1764 -0.5523
vn 0.7824 0.1658 -0.6003
vn 0.7855 0.2203 -0.5784
vn 0.9296 0.0380 -0.3667
vn 0.8948 0.0477 -0.4439
vn 0.8629 0.0512 -0.5028
vn 0.8270 0.0525 -0.5597
vn 0.9065 0.1090 -0.4079
vn 0.8849 0.1664 -0.4351
vn 0.8598 0.2241 -0.4589
vn 0.6360 0.0380 -0.7708
vn 0.6681 0.1090 -0.7361
vn 0.6873 0.1664 -0.7071
vn 0.7021 0.2241 -0.6759
vn 0.6987 0.0477 -0.7138
vn 0.7449 0.0512 -0.6653
vn 0.7879 0.0525 -0.6136
vn 0.7171 0.4629 -0.5210
vn 0.7646 0.3928 -0.5110
vn 0.7995 0.3372 -0.4972
vn 0.8315 0.2807 -0.4795
vn 0.7223 0.3928 -0.5693
vn 0.7199 0.3372 -0.6067
vn 0.7129 0.2807 -0.6426
vn 0.6010 0.1567 -0.7838
vn 0.5598 0.1941 -0.8056
vn 0.5153 0.2410 -0.8224
vn 0.6323 0.2025 -0.7478
vn 0.5930 0.2316 -0.7712
vn 0.5478 0.2703 -0.7917
vn 0.4051 0.4045 -0.8199
vn 0.4490 0.4252 -0.7859
vn 0.5001 0.4425 -0.7444
vn 0.4349 0.3507 -0.8294
vn 0.4730 0.3745 -0.7975
vn 0.5187 0.3956 -0.7579
vn 0.6533 0.4306 -0.6228
vn 0.6644 0.3708 -0.6489
vn 0.6660 0.3105 -0.6783
vn 0.6075 0.4437 -0.6588
vn 0.6229 0.3885 -0.6790
vn 0.6301 0.3301 -0.7029
vn 0.4721 0.2946 -0.8309
vn 0.5047 0.3197 -0.8019
vn 0.5551 0.4493 -0.6999
vn 0.5728 0.4012 -0.7148
vn 0.6552 0.2541 -0.7115
vn 0.6198 0.2762 -0.7346
vn 0.5850 0.2983 -0.7542
vn 0.5362 0.3424 -0.7715
vn 0.5850 0.3572 -0.7281
vn 0.6011 0.0621 -0.7968
vn 0.5611 0.1141 -0.8198
vn 0.5244 0.1618 -0.8359
vn 0.4843 0.2155 -0.8479
vn 0.6377 0.1296 -0.7593
vn 0.6629 0.1827 -0.7261
vn 0.6815 0.2377 -0.6921
vn 0.3220 0.4333 -0.8418
vn 0.3780 0.4521 -0.8079
vn 0.4295 0.4686 -0.7720
vn 0.4827 0.4822 -0.7311
vn 0.3643 0.3806 -0.8499
vn 0.4028 0.3284 -0.8544
vn 0.4426 0.2721 -0.8544
vn 0.6816 0.4839 -0.5489
vn 0.6916 0.4117 -0.5935
vn 0.6953 0.3528 -0.6262
vn 0.6923 0.2941 -0.6590
vn 0.6332 0.4913 -0.5981
vn 0.5879 0.4938 -0.6408
vn 0.5369 0.4911 -0.6860
vn -0.0255 0.1567 -0.9873
vn -0.0720 0.2025 -0.9766
vn -0.1119 0.2541 -0.9607
vn 0.0206 0.1941 -0.9808
vn -0.0264 0.2316 -0.9724
vn -0.0696 0.2762 -0.9586
vn -0.1624 0.4306 -0.8878
vn -0.1042 0.4437 -0.8901
vn -0.0377 0.4493 -0.8926
vn -0.1561 0.3708 -0.9155
vn -0.1049 0.3885 -0.9154
vn -0.0432 0.4012 -0.9150
vn 0.1541 0.4045 -0.9014
vn 0.1342 0.3543 -0.9255
vn 0.1056 0.2971 -0.9490
vn 0.0968 0.4285 -0.8983
vn 0.0832 0.3802 -0.9211
vn 0.0614 0.3245 -0.9439
vn -0.1401 0.3105 -0.9402
vn -0.0966 0.3301 -0.9390
vn 0.0315 0.4446 -0.8952
vn 0.0230 0.3997 -0.9164
vn 0.0665 0.2410 -0.9682
vn 0.0222 0.2703 -0.9625
vn -0.0156 0.2979 -0.9545
vn -0.0540 0.3465 -0.9365
vn 0.0134 0.3550 -0.9348
vn -0.0179 0.0621 -0.9979
vn -0.0696 0.1296 -0.9891
vn -0.1095 0.1827 -0.9771
vn -0.1445 0.2377 -0.9605
vn 0.0279 0.1141 -0.9931
vn 0.0671 0.1618 -0.9845
vn 0.1066 0.2155 -0.9707
vn -0.2288 0.4839 -0.8447
vn -0.1607 0.4913 -0.8561
vn -0.0990 0.4938 -0.8639
vn -0.0312 0.4911 -0.8706
vn -0.2106 0.4117 -0.8867
vn -0.1945 0.3528 -0.9153
vn -0.1728 0.2941 -0.9400
vn 0.2342 0.4333 -0.8703
vn 0.2048 0.3806 -0.9018
vn 0.1763 0.3284 -0.9279
vn 0.1439 0.2728 -0.9512
vn 0.1691 0.4521 -0.8758
vn 0.1063 0.4686 -0.8770
vn 0.0388 0.4828 -0.8749
vn -0.1586 0.0981 -0.9825
vn -0.2164 0.0906 -0.9721
vn -0.2775 0.0857 -0.9569
vn -0.1779 0.1530 -0.9721
vn -0.2249 0.1390 -0.9644
vn -0.2784 0.1268 -0.9521
vn -0.4491 0.0980 -0.8881
vn -0.4275 0.1530 -0.8910
vn -0.4001 0.2099 -0.8921
vn -0.3963 0.0906 -0.9136
vn -0.3849 0.1390 -0.9124
vn -0.3671 0.1923 -0.9101
vn -0.2886 0.3579 -0.8881
vn -0.2583 0.3139 -0.9136
vn -0.2278 0.2640 -0.9372
vn -0.3281 0.3139 -0.8910
vn -0.2965 0.2821 -0.9124
vn -0.2629 0.2424 -0.9339
vn -0.3380 0.0857 -0.9372
vn -0.3344 0.1268 -0.9339
vn -0.3666 0.2640 -0.8921
vn -0.3362 0.2424 -0.9101
vn -0.2007 0.2099 -0.9569
vn -0.2379 0.1923 -0.9521
vn -0.2735 0.1764 -0.9456
vn -0.3292 0.1658 -0.9296
vn -0.3073 0.2203 -0.9257
vn -0.0615 0.0380 -0.9974
vn -0.1457 0.0477 -0.9882
vn -0.2116 0.0512 -0.9760
vn -0.2768 0.0525 -0.9595
vn -0.1078 0.1090 -0.9882
vn -0.1404 0.1664 -0.9760
vn -0.1707 0.2241 -0.9595
vn -0.5365 0.0380 -0.8430
vn -0.4936 0.1090 -0.8628
vn -0.4601 0.1664 -0.8721
vn -0.4258 0.2241 -0.8766
vn -0.4630 0.0477 -0.8851
vn -0.4025 0.0512 -0.9140
vn -0.3401 0.0525 -0.9389
vn -0.2739 0.4629 -0.8430
vn -0.2497 0.3928 -0.8851
vn -0.2258 0.3372 -0.9140
vn -0.1991 0.2807 -0.9389
vn -0.3182 0.3928 -0.8628
vn -0.3546 0.3372 -0.8721
vn -0.3908 0.2807 -0.8766
vn -0.5597 0.1567 -0.8137
vn -0.5931 0.1941 -0.7814
vn -0.6229 0.2410 -0.7442
vn -0.5158 0.2025 -0.8324
vn -0.5502 0.2316 -0.8023
vn -0.5837 0.2703 -0.7657
vn -0.6546 0.4045 -0.6387
vn -0.6087 0.4252 -0.6699
vn -0.5534 0.4425 -0.7057
vn -0.6544 0.3507 -0.6699
vn -0.6123 0.3745 -0.6963
vn -0.5605 0.3956 -0.7275
vn -0.3904 0.4306 -0.8137
vn -0.4118 0.3708 -0.8324
vn -0.4393 0.3105 -0.8430
vn -0.4389 0.4437 -0.7814
vn -0.4532 0.3885 -0.8023
vn -0.4738 0.3301 -0.8164
vn -0.6443 0.2946 -0.7057
vn -0.6067 0.3197 -0.7278
vn -0.4942 0.4493 -0.7442
vn -0.5028 0.4012 -0.7657
vn -0.4742 0.2541 -0.8430
vn -0.5071 0.2762 -0.8164
vn -0.5365 0.2983 -0.7894
vn -0.5681 0.3424 -0.7484
vn -0.5117 0.3572 -0.7814
vn -0.5720 0.0621 -0.8179
vn -0.6063 0.1141 -0.7870
vn -0.6330 0.1618 -0.7571
vn -0.6568 0.2155 -0.7226
vn -0.5251 0.1296 -0.8411
vn -0.4857 0.1827 -0.8548
vn -0.4477 0.2377 -0.8620
vn -0.7011 0.4333 -0.5664
vn -0.6516 0.4521 -0.6091
vn -0.6015 0.4686 -0.6471
vn -0.5461 0.4822 -0.6850
vn -0.6957 0.3806 -0.6091
vn -0.6881 0.3284 -0.6471
vn -0.6758 0.2721 -0.6850
vn -0.3114 0.4839 -0.8179
vn -0.3508 0.4117 -0.8411
vn -0.3807 0.3528 -0.8548
vn -0.4128 0.2941 -0.8620
vn -0.3732 0.4913 -0.7870
vn -0.4278 0.4938 -0.7571
vn -0.4865 0.4911 -0.7226
vn -0.9469 0.1567 -0.2809
vn -0.9511 0.2025 -0.2334
vn -0.9482 0.2541 -0.1905
vn -0.9264 0.1941 -0.3226
vn -0.9330 0.2316 -0.2754
vn -0.9332 0.2762 -0.2300
vn -0.8946 0.4306 -0.1199
vn -0.8787 0.4437 -0.1759
vn -0.8605 0.4493 -0.2400
vn -0.9189 0.3708 -0.1344
vn -0.9031 0.3885 -0.1831
vn -0.8836 0.4012 -0.2416
vn -0.8097 0.4045 -0.4252
vn -0.8387 0.3543 -0.4136
vn -0.8699 0.2971 -0.3937
vn -0.8245 0.4285 -0.3696
vn -0.8504 0.3802 -0.3638
vn -0.8787 0.3245 -0.3501
vn -0.9375 0.3105 -0.1573
vn -0.9229 0.3301 -0.1983
vn -0.8417 0.4446 -0.3066
vn -0.8644 0.3997 -0.3051
vn -0.9003 0.2410 -0.3624
vn -0.9086 0.2703 -0.3185
vn -0.9126 0.2979 -0.2801
vn -0.9074 0.3465 -0.2380
vn -0.8849 0.3550 -0.3016
vn -0.9546 0.0621 -0.2913
vn -0.9622 0.1296 -0.2394
vn -0.9631 0.1827 -0.1978
vn -0.9582 0.2377 -0.1594
vn -0.9359 0.1141 -0.3334
vn -0.9156 0.1618 -0.3680
vn -0.8902 0.2155 -0.4013
vn -0.8741 0.4839 -0.0434
vn -0.8638 0.4913 -0.1117
vn -0.8522 0.4938 -0.1729
vn -0.8376 0.4911 -0.2393
vn -0.9084 0.4117 -0.0737
vn -0.9306 0.3528 -0.0979
vn -0.9474 0.2941 -0.1262
vn -0.7553 0.4333 -0.4917
vn -0.7943 0.3806 -0.4735
vn -0.8280 0.3284 -0.4544
vn -0.8602 0.2728 -0.4308
vn -0.7807 0.4521 -0.4315
vn -0.8013 0.4686 -0.3721
vn -0.8201 0.4828 -0.3072
vn -0.9834 0.0980 -0.1527
vn -0.9914 0.0906 -0.0946
vn -0.9958 0.0857 -0.0318
vn -0.9795 0.1531 -0.1312
vn -0.9867 0.1390 -0.0841
vn -0.9915 0.1268 -0.0294
vn -0.9834 0.0981 0.1527
vn -0.9795 0.1531 0.1312
vn -0.9721 0.2099 0.1048
vn -0.9914 0.0906 0.0946
vn -0.9867 0.1390 0.0841
vn -0.9790 0.1923 0.0679
vn -0.9338 0.3579 -0.0000
vn -0.9487 0.3139 -0.0367
vn -0.9618 0.2640 -0.0730
vn -0.9487 0.3139 0.0367
vn -0.9594 0.2821 -0.0000
vn -0.9694 0.2424 -0.0385
vn -0.9958 0.0857 0.0318
vn -0.9915 0.1268 0.0294
vn -0.9618 0.2640 0.0730
vn -0.9694 0.2424 0.0385
vn -0.9721 0.2099 -0.1048
vn -0.9790 0.1923 -0.0679
vn -0.9838 0.1764 -0.0320
vn -0.9858 0.1658 0.0258
vn -0.9754 0.2203 0.0062
vn -0.9676 0.0380 -0.2497
vn -0.9848 0.0477 -0.1668
vn -0.9936 0.0512 -0.1004
vn -0.9981 0.0525 -0.0333
vn -0.9731 0.1090 -0.2028
vn -0.9716 0.1664 -0.1681
vn -0.9653 0.2241 -0.1341
vn -0.9676 0.0380 0.2497
vn -0.9731 0.1090 0.2028
vn -0.9716 0.1664 0.1681
vn -0.9653 0.2241 0.1341
vn -0.9848 0.0477 0.1668
vn -0.9936 0.0512 0.1004
vn -0.9981 0.0525 0.0333
vn -0.8864 0.4629 -0.0000
vn -0.9189 0.3928 -0.0360
vn -0.9390 0.3372 -0.0677
vn -0.9545 0.2807 -0.1008
vn -0.9189 0.3928 0.0360
vn -0.9390 0.3372 0.0677
vn -0.9545 0.2807 0.1008
vn -0.9469 0.1567 0.2809
vn -0.9264 0.1941 0.3226
vn -0.9003 0.2410 0.3624
vn -0.9511 0.2025 0.2334
vn -0.9330 0.2316 0.2754
vn -0.9085 0.2703 0.3185
vn -0.8097 0.4045 0.4252
vn -0.8252 0.4252 0.3719
vn -0.8421 0.4425 0.3082
vn -0.8393 0.3507 0.4154
vn -0.8515 0.3745 0.3672
vn -0.8651 0.3956 0.3083
vn -0.8946 0.4306 0.1199
vn -0.9189 0.3708 0.1344
vn -0.9375 0.3105 0.1573
vn -0.8787 0.4437 0.1759
vn -0.9031 0.3885 0.1831
vn -0.9229 0.3301 0.1983
vn -0.8703 0.2946 0.3947
vn -0.8797 0.3197 0.3521
vn -0.8605 0.4493 0.2400
vn -0.8836 0.4012 0.2416
vn -0.9482 0.2541 0.1905
vn -0.9332 0.2762 0.2300
vn -0.9165 0.2983 0.2663
vn -0.8873 0.3424 0.3090
vn -0.9012 0.3572 0.2452
vn -0.9546 0.0621 0.2913
vn -0.9359 0.1141 0.3334
vn -0.9156 0.1618 0.3680
vn -0.8902 0.2155 0.4013
vn -0.9622 0.1296 0.2394
vn -0.9631 0.1827 0.1978
vn -0.9582 0.2377 0.1594
vn -0.7553 0.4333 0.4917
vn -0.7807 0.4521 0.4315
vn -0.8013 0.4686 0.3721
vn -0.8202 0.4822 0.3077
vn -0.7943 0.3806 0.4735
vn -0.8280 0.3284 0.4544
vn -0.8603 0.2721 0.4311
vn -0.8741 0.4839 0.0434
vn -0.9084 0.4117 0.0737
vn -0.9306 0.3528 0.0979
vn -0.9474 0.2941 0.1262
vn -0.8638 0.4913 0.1117
vn -0.8522 0.4938 0.1729
vn -0.8376 0.4911 0.2393
vn -0.5597 0.1567 0.8137
vn -0.5158 0.2025 0.8324
vn -0.4742 0.2541 0.8430
vn -0.5931 0.1941 0.7814
vn -0.5502 0.2316 0.8023
vn -0.5071 0.2762 0.8164
vn -0.3904 0.4306 0.8137
vn -0.4389 0.4437 0.7814
vn -0.4942 0.4493 0.7442
vn -0.4118 0.3708 0.8324
vn -0.4532 0.3885 0.8023
vn -0.5028 0.4012 0.7657
vn -0.6546 0.4045 0.6387
vn -0.6525 0.3543 0.6698
vn -0.6433 0.2971 0.7057
vn -0.6063 0.4285 0.6699
vn -0.6088 0.3802 0.6963
vn -0.6045 0.3245 0.7275
vn -0.4393 0.3105 0.8430
vn -0.4738 0.3301 0.8164
vn -0.5517 0.4446 0.7057
vn -0.5573 0.3997 0.7278
vn -0.6229 0.2410 0.7442
vn -0.5837 0.2703 0.7657
vn -0.5484 0.2979 0.7814
vn -0.5068 0.3465 0.7894
vn -0.5603 0.3550 0.7484
vn -0.5720 0.0621 0.8179
vn -0.5251 0.1296 0.8411
vn -0.4857 0.1827 0.8548
vn -0.4477 0.2377 0.8620
vn -0.6063 0.1141 0.7870
vn -0.6330 0.1618 0.7571
vn -0.6568 0.2155 0.7226
vn -0.3114 0.4839 0.8179
vn -0.3732 0.4913 0.7870
vn -0.4278 0.4938 0.7571
vn -0.4865 0.4911 0.7226
vn -0.3508 0.4117 0.8411
vn -0.3807 0.3528 0.8548
vn -0.4128 0.2941 0.8620
vn -0.7011 0.4333 0.5664
vn -0.6958 0.3806 0.6091
vn -0.6881 0.3284 0.6471
vn -0.6755 0.2728 0.6850
vn -0.6516 0.4521 0.6091
vn -0.6015 0.4686 0.6471
vn -0.5456 0.4828 0.6850
vn -0.4491 0.0980 0.8881
vn -0.3963 0.0906 0.9136
vn -0.3380 0.0857 0.9372
vn -0.4275 0.1530 0.8910
vn -0.3849 0.1390 0.9124
vn -0.3344 0.1268 0.9339
vn -0.1586 0.0980 0.9825
vn -0.1779 0.1530 0.9721
vn -0.2007 0.2099 0.9569
vn -0.2164 0.0906 0.9721
vn -0.2249 0.1390 0.9644
vn -0.2379 0.1923 0.9521
vn -0.2886 0.3579 0.8881
vn -0.3281 0.3139 0.8910
vn -0.3666 0.2640 0.8921
vn -0.2583 0.3139 0.9136
vn -0.2965 0.2821 0.9124
vn -0.3362 0.2424 0.9101
vn -0.2775 0.0857 0.9569
vn -0.2784 0.1268 0.9521
vn -0.2278 0.2640 0.9372
vn -0.2629 0.2424 0.9339
vn -0.4001 0.2099 0.8921
vn -0.3671 0.1923 0.9101
vn -0.3345 0.1764 0.9257
vn -0.2801 0.1658 0.9456
vn -0.2955 0.2203 0.9296
vn -0.5365 0.0380 0.8430
vn -0.4630 0.0477 0.8851
vn -0.4025 0.0512 0.9140
vn -0.3401 0.0525 0.9389
vn -0.4936 0.1090 0.8628
vn -0.4601 0.1664 0.8721
vn -0.4258 0.2241 0.8766
vn -0.0615 0.0380 0.9974
vn -0.1078 0.1090 0.9882
vn -0.1404 0.1664 0.9760
vn -0.1707 0.2241 0.9595
vn -0.1457 0.0477 0.9882
vn -0.2116 0.0512 0.9760
vn -0.2768 0.0525 0.9595
vn -0.2739 0.4629 0.8430
vn -0.3182 0.3928 0.8628
vn -0.3546 0.3372 0.8721
vn -0.3908 0.2807 0.8766
vn -0.2497 0.3928 0.8851
vn -0.2258 0.3372 0.9140
vn -0.1991 0.2807 0.9389
vn -0.0255 0.1567 0.9873
vn 0.0206 0.1941 0.9808
vn 0.0665 0.2410 0.9682
vn -0.0720 0.2025 0.9766
vn -0.0264 0.2316 0.9724
vn 0.0222 0.2703 0.9625
vn 0.1541 0.4045 0.9014
vn 0.0987 0.4252 0.8997
vn 0.0329 0.4425 0.8962
vn 0.1357 0.3507 0.9266
vn 0.0861 0.3745 0.9232
vn 0.0259 0.3956 0.9181
vn -0.1624 0.4306 0.8878
vn -0.1561 0.3708 0.9155
vn -0.1401 0.3105 0.9402
vn -0.1042 0.4437 0.8901
vn -0.1049 0.3885 0.9154
vn -0.0966 0.3301 0.9390
vn 0.1065 0.2946 0.9497
vn 0.0631 0.3197 0.9454
vn -0.0377 0.4493 0.8926
vn -0.0432 0.4012 0.9150
vn -0.1119 0.2541 0.9607
vn -0.0696 0.2762 0.9586
vn -0.0299 0.2983 0.9540
vn 0.0197 0.3424 0.9394
vn -0.0453 0.3572 0.9329
vn -0.0179 0.0621 0.9979
vn 0.0279 0.1141 0.9931
vn 0.0671 0.1618 0.9845
vn 0.1066 0.2155 0.9707
vn -0.0696 0.1296 0.9891
vn -0.1095 0.1827 0.9771
vn -0.1445 0.2377 0.9605
vn 0.2342 0.4333 0.8703
vn 0.1691 0.4521 0.8758
vn 0.1063 0.4686 0.8770
vn 0.0392 0.4822 0.8752
vn 0.2048 0.3806 0.9018
vn 0.1763 0.3284 0.9279
vn 0.1441 0.2721 0.9514
vn -0.2288 0.4839 0.8447
vn -0.2106 0.4117 0.8867
vn -0.1945 0.3528 0.9153
vn -0.1728 0.2941 0.9400
vn -0.1607 0.4913 0.8561
vn -0.0990 0.4938 0.8639
vn -0.0312 0.4911 0.8706
vn 0.6010 0.1567 0.7838
vn 0.6323 0.2025 0.7478
vn 0.6552 0.2541 0.7114
vn 0.5598 0.1941 0.8056
vn 0.5930 0.2316 0.7712
vn 0.6198 0.2762 0.7346
vn 0.6533 0.4306 0.6228
vn 0.6075 0.4437 0.6588
vn 0.5551 0.4493 0.6999
vn 0.6644 0.3708 0.6489
vn 0.6229 0.3885 0.6790
vn 0.5728 0.4012 0.7148
vn 0.4051 0.4045 0.8199
vn 0.4354 0.3543 0.8276
vn 0.4723 0.2971 0.8298
vn 0.4497 0.4285 0.7836
vn 0.4741 0.3802 0.7941
vn 0.5051 0.3245 0.7997
vn 0.6660 0.3105 0.6783
vn 0.6301 0.3301 0.7029
vn 0.5007 0.4446 0.7427
vn 0.5200 0.3997 0.7549
vn 0.5153 0.2410 0.8224
vn 0.5478 0.2703 0.7917
vn 0.5737 0.2979 0.7630
vn 0.5941 0.3465 0.7259
vn 0.5386 0.3550 0.7641
vn 0.6011 0.0621 0.7968
vn 0.6377 0.1296 0.7593
vn 0.6629 0.1827 0.7261
vn 0.6815 0.2377 0.6921
vn 0.5611 0.1141 0.8198
vn 0.5244 0.1618 0.8359
vn 0.4843 0.2155 0.8479
vn 0.6816 0.4839 0.5489
vn 0.6332 0.4913 0.5981
vn 0.5879 0.4938 0.6408
vn 0.5369 0.4911 0.6860
vn 0.6916 0.4117 0.5935
vn 0.6953 0.3528 0.6262
vn 0.6923 0.2941 0.6590
vn 0.3220 0.4333 0.8418
vn 0.3643 0.3806 0.8499
vn 0.4028 0.3284 0.8544
vn 0.4427 0.2728 0.8541
vn 0.3780 0.4521 0.8079
vn 0.4295 0.4686 0.7720
vn 0.4829 0.4828 0.7306
vn 0.7058 0.0980 0.7016
vn 0.7465 0.0906 0.6592
vn 0.7869 0.0857 0.6111
vn 0.7153 0.1530 0.6819
vn 0.7488 0.1390 0.6480
vn 0.7848 0.1268 0.6066
vn 0.8853 0.0980 0.4545
vn 0.8695 0.1530 0.4695
vn 0.8480 0.2099 0.4866
vn 0.8576 0.0906 0.5062
vn 0.8477 0.1390 0.5119
vn 0.8319 0.1923 0.5205
vn 0.7554 0.3579 0.5489
vn 0.7460 0.3139 0.5873
vn 0.7352 0.2640 0.6244
vn 0.7891 0.3139 0.5280
vn 0.7762 0.2821 0.5639
vn 0.7616 0.2424 0.6010
vn 0.8243 0.0857 0.5596
vn 0.8194 0.1268 0.5590
vn 0.8210 0.2640 0.5063
vn 0.8069 0.2424 0.5386
vn 0.7248 0.2099 0.6562
vn 0.7521 0.1923 0.6304
vn 0.7771 0.1764 0.6042
vn 0.8127 0.1658 0.5586
vn 0.7928 0.2203 0.5683
vn 0.6360 0.0380 0.7708
vn 0.6987 0.0477 0.7138
vn 0.7449 0.0512 0.6653
vn 0.7879 0.0525 0.6136
vn 0.6681 0.1090 0.7361
vn 0.6873 0.1664 0.7071
vn 0.7021 0.2241 0.6759
vn 0.9296 0.0380 0.3667
vn 0.9065 0.1090 0.4079
vn 0.8849 0.1664 0.4351
vn 0.8598 0.2241 0.4589
vn 0.8948 0.0477 0.4439
vn 0.8629 0.0512 0.5028
vn 0.8270 0.0525 0.5597
vn 0.7171 0.4629 0.5210
vn 0.7223 0.3928 0.5693
vn 0.7199 0.3372 0.6067
vn 0.7129 0.2807 0.6426
vn 0.7646 0.3928 0.5110
vn 0.7995 0.3372 0.4972
vn 0.8315 0.2807 0.4795
vn 0.9311 0.1567 0.3293
vn 0.9391 0.1941 0.2835
vn 0.9414 0.2410 0.2360
vn 0.9066 0.2025 0.3702
vn 0.9167 0.2316 0.3256
vn 0.9223 0.2703 0.2763
vn 0.9049 0.4045 0.1319
vn 0.8862 0.4252 0.1841
vn 0.8625 0.4425 0.2456
vn 0.9232 0.3507 0.1573
vn 0.9047 0.3745 0.2034
vn 0.8811 0.3956 0.2591
vn 0.7942 0.4306 0.4288
vn 0.8224 0.3708 0.4314
vn 0.8509 0.3105 0.4238
vn 0.8143 0.4437 0.3742
vn 0.8382 0.3885 0.3826
vn 0.8632 0.3301 0.3820
vn 0.9361 0.2946 0.1922
vn 0.9186 0.3197 0.2322
vn 0.8372 0.4493 0.3117
vn 0.8568 0.4012 0.3239
vn 0.8791 0.2541 0.4033
vn 0.8902 0.2762 0.3624
vn 0.8980 0.2983 0.3233
vn 0.8995 0.3424 0.2716
vn 0.8733 0.3572 0.3313
vn 0.9435 0.0621 0.3254
vn 0.9531 0.1141 0.2803
vn 0.9571 0.1618 0.2404
vn 0.9561 0.2155 0.1986
vn 0.9192 0.1296 0.3719
vn 0.8954 0.1827 0.4060
vn 0.8689 0.2377 0.4343
vn 0.9001 0.4333 0.0462
vn 0.8852 0.4521 0.1098
vn 0.8669 0.4686 0.1699
vn 0.8445 0.4822 0.2332
vn 0.9209 0.3806 0.0839
vn 0.9370 0.3284 0.1190
vn 0.9494 0.2721 0.1569
vn 0.7327 0.4839 0.4786
vn 0.7782 0.4117 0.4743
vn 0.8104 0.3528 0.4678
vn 0.8406 0.2941 0.4548
vn 0.7645 0.4913 0.4174
vn 0.7911 0.4938 0.3611
vn 0.8183 0.4911 0.2987
vn 0.4578 0.0473 -0.8878
vn 0.4015 0.0262 -0.9155
vn 0.3404 0.0135 -0.9402
vn 0.4435 0.1052 -0.8901
vn 0.3944 0.0800 -0.9154
vn 0.3384 0.0612 -0.9390
vn 0.1515 0.0473 -0.9873
vn 0.1644 0.1052 -0.9808
vn 0.1859 0.1673 -0.9682
vn 0.2133 0.0262 -0.9766
vn 0.2190 0.0800 -0.9724
vn 0.2319 0.1407 -0.9625
vn 0.2929 0.3188 -0.9014
vn 0.3361 0.2784 -0.8997
vn 0.3811 0.2273 -0.8962
vn 0.2530 0.2782 -0.9266
vn 0.2964 0.2445 -0.9232
vn 0.3423 0.2000 -0.9181
vn 0.2773 0.0136 -0.9607
vn 0.2781 0.0612 -0.9586
vn 0.2159 0.2270 -0.9497
vn 0.2577 0.1994 -0.9454
vn 0.4188 0.1672 -0.8926
vn 0.3781 0.1407 -0.9150
vn 0.3398 0.1193 -0.9329
vn 0.2802 0.1067 -0.9540
vn 0.2974 0.1707 -0.9394
vn 0.5351 0.0117 -0.8447
vn 0.4624 -0.0043 -0.8867
vn 0.4025 -0.0162 -0.9153
vn 0.3403 -0.0230 -0.9400
vn 0.5113 0.0760 -0.8561
vn 0.4859 0.1323 -0.8639
vn 0.4532 0.1917 -0.8706
vn 0.0636 0.0117 -0.9979
vn 0.0896 0.0760 -0.9931
vn 0.1147 0.1323 -0.9845
vn 0.1451 0.1917 -0.9707
vn 0.1471 -0.0043 -0.9891
vn 0.2124 -0.0162 -0.9771
vn 0.2772 -0.0230 -0.9605
vn 0.2828 0.4033 -0.8703
vn 0.3287 0.3534 -0.8758
vn 0.3716 0.3046 -0.8770
vn 0.4138 0.2507 -0.8752
vn 0.2488 0.3534 -0.9018
vn 0.2149 0.3046 -0.9279
vn 0.1789 0.2506 -0.9514
vn 0.4491 -0.0981 -0.8881
vn 0.4275 -0.1530 -0.8910
vn 0.4001 -0.2099 -0.8921
vn 0.3963 -0.0906 -0.9136
vn 0.3849 -0.1390 -0.9124
vn 0.3671 -0.1923 -0.9101
vn 0.2886 -0.3579 -0.8881
vn 0.2583 -0.3139 -0.9136
vn 0.2278 -0.2640 -0.9372
vn 0.3281 -0.3139 -0.8910
vn 0.2965 -0.2821 -0.9124
vn 0.2629 -0.2424 -0.9339
vn 0.1586 -0.0980 -0.9825
vn 0.2164 -0.0906 -0.9721
vn 0.2775 -0.0857 -0.9569
vn 0.1779 -0.1530 -0.9721
vn 0.2249 -0.1390 -0.9644
vn 0.2784 -0.1268 -0.9521
vn 0.3666 -0.2640 -0.8921
vn 0.3362 -0.2424 -0.9101
vn 0.2007 -0.2099 -0.9569
vn 0.2379 -0.1923 -0.9521
vn 0.3380 -0.0857 -0.9372
vn 0.3344 -0.1268 -0.9339
vn 0.3292 -0.1658 -0.9296
vn 0.3073 -0.2203 -0.9257
vn 0.2735 -0.1764 -0.9456
vn 0.5365 -0.0380 -0.8430
vn 0.4936 -0.1090 -0.8628
vn 0.4601 -0.1664 -0.8721
vn 0.4258 -0.2241 -0.8766
vn 0.4630 -0.0477 -0.8851
vn 0.4025 -0.0512 -0.9140
vn 0.3401 -0.0525 -0.9389
vn 0.2739 -0.4629 -0.8430
vn 0.2497 -0.3928 -0.8851
vn 0.2258 -0.3372 -0.9140
vn 0.1991 -0.2807 -0.9389
vn 0.3182 -0.3928 -0.8628
vn 0.3546 -0.3372 -0.8721
vn 0.3908 -0.2807 -0.8766
vn 0.0615 -0.0380 -0.9974
vn 0.1457 -0.0477 -0.9882
vn 0.2116 -0.0512 -0.9760
vn 0.2768 -0.0525 -0.9595
vn 0.1078 -0.1090 -0.9882
vn 0.1404 -0.1664 -0.9760
vn 0.1707 -0.2241 -0.9595
vn 0.1624 -0.4306 -0.8878
vn 0.1042 -0.4437 -0.8901
vn 0.0377 -0.4493 -0.8926
vn 0.1561 -0.3708 -0.9155
vn 0.1049 -0.3885 -0.9154
vn 0.0432 -0.4012 -0.9150
vn -0.1542 -0.4045 -0.9014
vn -0.1342 -0.3543 -0.9255
vn -0.1056 -0.2971 -0.9490
vn -0.0968 -0.4285 -0.8983
vn -0.0832 -0.3802 -0.9212
vn -0.0614 -0.3245 -0.9439
vn 0.0255 -0.1567 -0.9873
vn 0.0720 -0.2025 -0.9766
vn 0.1119 -0.2541 -0.9607
vn -0.0206 -0.1941 -0.9808
vn 0.0264 -0.2316 -0.9724
vn 0.0696 -0.2762 -0.9586
vn -0.0315 -0.4446 -0.8952
vn -0.0230 -0.3997 -0.9164
vn -0.0665 -0.2410 -0.9682
vn -0.0222 -0.2703 -0.9625
vn 0.1401 -0.3105 -0.9402
vn 0.0966 -0.3301 -0.9390
vn 0.0540 -0.3465 -0.9365
vn -0.0134 -0.3550 -0.9348
vn 0.0156 -0.2979 -0.9545
vn 0.2288 -0.4839 -0.8447
vn 0.1607 -0.4913 -0.8561
vn 0.0990 -0.4938 -0.8639
vn 0.0312 -0.4911 -0.8706
vn 0.2106 -0.4117 -0.8867
vn 0.1945 -0.3528 -0.9153
vn 0.1728 -0.2941 -0.9400
vn -0.2342 -0.4333 -0.8703
vn -0.2048 -0.3806 -0.9018
vn -0.1763 -0.3284 -0.9279
vn -0.1439 -0.2728 -0.9512
vn -0.1691 -0.4521 -0.8758
vn -0.1063 -0.4686 -0.8770
vn -0.0388 -0.4828 -0.8749
vn 0.0179 -0.0621 -0.9979
vn 0.0696 -0.1296 -0.9891
vn 0.1095 -0.1827 -0.9771
vn 0.1445 -0.2377 -0.9605
vn -0.0279 -0.1141 -0.9931
vn -0.0671 -0.1618 -0.9845
vn -0.1066 -0.2155 -0.9707
vn -0.7029 0.0473 -0.7097
vn -0.7466 0.0262 -0.6647
vn -0.7890 0.0135 -0.6142
vn -0.7095 0.1052 -0.6968
vn -0.7488 0.0800 -0.6580
vn -0.7885 0.0612 -0.6120
vn -0.8922 0.0473 -0.4492
vn -0.8820 0.1052 -0.4594
vn -0.8634 0.1672 -0.4760
vn -0.8629 0.0262 -0.5047
vn -0.8572 0.0800 -0.5088
vn -0.8437 0.1407 -0.5180
vn -0.7668 0.3188 -0.5571
vn -0.7518 0.2784 -0.5977
vn -0.7345 0.2273 -0.6393
vn -0.8031 0.2782 -0.5269
vn -0.7865 0.2445 -0.5672
vn -0.7674 0.2000 -0.6092
vn -0.8280 0.0135 -0.5606
vn -0.8257 0.0612 -0.5608
vn -0.8365 0.2270 -0.4988
vn -0.8195 0.1994 -0.5373
vn -0.7195 0.1672 -0.6741
vn -0.7533 0.1407 -0.6424
vn -0.7823 0.1193 -0.6114
vn -0.8207 0.1067 -0.5613
vn -0.8015 0.1707 -0.5731
vn -0.6380 0.0117 -0.7699
vn -0.7004 -0.0043 -0.7138
vn -0.7461 -0.0162 -0.6656
vn -0.7889 -0.0230 -0.6141
vn -0.6562 0.0760 -0.7508
vn -0.6715 0.1323 -0.7291
vn -0.6879 0.1917 -0.7000
vn -0.9294 0.0117 -0.3689
vn -0.9168 0.0760 -0.3921
vn -0.9009 0.1323 -0.4133
vn -0.8783 0.1917 -0.4379
vn -0.8953 -0.0043 -0.4455
vn -0.8636 -0.0162 -0.5039
vn -0.8279 -0.0230 -0.5605
vn -0.7403 0.4033 -0.5379
vn -0.7314 0.3534 -0.5833
vn -0.7193 0.3046 -0.6244
vn -0.7045 0.2507 -0.6640
vn -0.7807 0.3534 -0.5153
vn -0.8161 0.3046 -0.4911
vn -0.8496 0.2506 -0.4642
vn -0.7058 -0.0980 -0.7016
vn -0.7153 -0.1530 -0.6819
vn -0.7248 -0.2099 -0.6562
vn -0.7465 -0.0906 -0.6592
vn -0.7488 -0.1390 -0.6480
vn -0.7521 -0.1923 -0.6304
vn -0.7554 -0.3579 -0.5489
vn -0.7891 -0.3139 -0.5280
vn -0.8210 -0.2640 -0.5063
vn -0.7460 -0.3139 -0.5873
vn -0.7762 -0.2821 -0.5639
vn -0.8069 -0.2424 -0.5386
vn -0.8853 -0.0980 -0.4545
vn -0.8576 -0.0906 -0.5062
vn -0.8243 -0.0857 -0.5596
vn -0.8695 -0.1530 -0.4695
vn -0.8477 -0.1390 -0.5119
vn -0.8194 -0.1268 -0.5590
vn -0.7352 -0.2640 -0.6244
vn -0.7616 -0.2424 -0.6010
vn -0.8480 -0.2099 -0.4866
vn -0.8319 -0.1923 -0.5205
vn -0.7869 -0.0857 -0.6111
vn -0.7849 -0.1268 -0.6066
vn -0.7824 -0.1658 -0.6003
vn -0.7855 -0.2203 -0.5784
vn -0.8147 -0.1764 -0.5523
vn -0.6360 -0.0380 -0.7708
vn -0.6681 -0.1090 -0.7361
vn -0.6873 -0.1664 -0.7071
vn -0.7021 -0.2241 -0.6759
vn -0.6987 -0.0477 -0.7138
vn -0.7449 -0.0512 -0.6653
vn -0.7879 -0.0525 -0.6136
vn -0.7171 -0.4629 -0.5210
vn -0.7646 -0.3928 -0.5110
vn -0.7995 -0.3372 -0.4972
vn -0.8315 -0.2807 -0.4795
vn -0.7223 -0.3928 -0.5693
vn -0.7199 -0.3372 -0.6067
vn -0.7129 -0.2807 -0.6426
vn -0.9296 -0.0380 -0.3667
vn -0.8948 -0.0477 -0.4439
vn -0.8629 -0.0512 -0.5028
vn -0.8270 -0.0525 -0.5597
vn -0.9065 -0.1090 -0.4079
vn -0.8849 -0.1664 -0.4351
vn -0.8598 -0.2241 -0.4589
vn -0.7942 -0.4306 -0.4288
vn -0.8143 -0.4437 -0.3742
vn -0.8372 -0.4493 -0.3117
vn -0.8224 -0.3708 -0.4314
vn -0.8382 -0.3885 -0.3826
vn -0.8568 -0.4012 -0.3239
vn -0.9050 -0.4045 -0.1319
vn -0.9216 -0.3543 -0.1584
vn -0.9352 -0.2971 -0.1928
vn -0.8843 -0.4285 -0.1856
vn -0.9018 -0.3802 -0.2055
vn -0.9167 -0.3245 -0.2333
vn -0.9311 -0.1567 -0.3293
vn -0.9066 -0.2025 -0.3702
vn -0.8791 -0.2541 -0.4033
vn -0.9391 -0.1941 -0.2835
vn -0.9167 -0.2316 -0.3256
vn -0.8902 -0.2762 -0.3624
vn -0.8611 -0.4446 -0.2467
vn -0.8786 -0.3997 -0.2613
vn -0.9414 -0.2410 -0.2360
vn -0.9223 -0.2703 -0.2763
vn -0.8509 -0.3105 -0.4238
vn -0.8632 -0.3301 -0.3820
vn -0.8740 -0.3465 -0.3407
vn -0.8932 -0.3550 -0.2762
vn -0.9029 -0.2979 -0.3098
vn -0.7327 -0.4839 -0.4786
vn -0.7645 -0.4913 -0.4174
vn -0.7911 -0.4938 -0.3611
vn -0.8183 -0.4911 -0.2987
vn -0.7782 -0.4117 -0.4743
vn -0.8104 -0.3528 -0.4678
vn -0.8406 -0.2941 -0.4548
vn -0.9001 -0.4333 -0.0461
vn -0.9209 -0.3806 -0.0839
vn -0.9370 -0.3284 -0.1190
vn -0.9491 -0.2728 -0.1571
vn -0.8852 -0.4521 -0.1098
vn -0.8669 -0.4686 -0.1699
vn -0.8440 -0.4828 -0.2335
vn -0.9435 -0.0621 -0.3254
vn -0.9192 -0.1296 -0.3719
vn -0.8954 -0.1827 -0.4060
vn -0.8689 -0.2377 -0.4343
vn -0.9531 -0.1141 -0.2803
vn -0.9571 -0.1618 -0.2404
vn -0.9561 -0.2155 -0.1986
vn -0.8922 0.0473 0.4492
vn -0.8629 0.0262 0.5046
vn -0.8280 0.0135 0.5606
vn -0.8820 0.1052 0.4594
vn -0.8572 0.0800 0.5088
vn -0.8257 0.0612 0.5607
vn -0.7029 0.0473 0.7097
vn -0.7095 0.1052 0.6968
vn -0.7195 0.1672 0.6741
vn -0.7466 0.0262 0.6647
vn -0.7488 0.0800 0.6580
vn -0.7534 0.1407 0.6424
vn -0.7668 0.3188 0.5571
vn -0.8008 0.2784 0.5303
vn -0.8350 0.2273 0.5010
vn -0.7493 0.2782 0.6010
vn -0.7825 0.2445 0.5727
vn -0.8165 0.2000 0.5416
vn -0.7890 0.0135 0.6142
vn -0.7885 0.0612 0.6120
vn -0.7329 0.2270 0.6414
vn -0.7642 0.1994 0.6134
vn -0.8634 0.1672 0.4760
vn -0.8437 0.1407 0.5180
vn -0.8232 0.1193 0.5550
vn -0.7875 0.1067 0.6071
vn -0.7928 0.1707 0.5851
vn -0.9294 0.0117 0.3689
vn -0.8953 -0.0043 0.4455
vn -0.8636 -0.0162 0.5039
vn -0.8279 -0.0230 0.5605
vn -0.9168 0.0760 0.3920
vn -0.9009 0.1323 0.4133
vn -0.8783 0.1917 0.4379
vn -0.6380 0.0117 0.7699
vn -0.6562 0.0760 0.7508
vn -0.6715 0.1323 0.7291
vn -0.6879 0.1917 0.7000
vn -0.7004 -0.0043 0.7138
vn -0.7461 -0.0162 0.6656
vn -0.7889 -0.0230 0.6141
vn -0.7403 0.4033 0.5379
vn -0.7807 0.3534 0.5153
vn -0.8161 0.3046 0.4911
vn -0.8492 0.2507 0.4648
vn -0.7314 0.3534 0.5833
vn -0.7193 0.3046 0.6244
vn -0.7040 0.2506 0.6646
vn -0.8853 -0.0980 0.4545
vn -0.8695 -0.1530 0.4695
vn -0.8480 -0.2099 0.4866
vn -0.8576 -0.0906 0.5062
vn -0.8477 -0.1390 0.5119
vn -0.8319 -0.1923 0.5205
vn -0.7554 -0.3579 0.5489
vn -0.7460 -0.3139 0.5873
vn -0.7352 -0.2640 0.6244
vn -0.7891 -0.3139 0.5280
vn -0.7762 -0.2821 0.5639
vn -0.7616 -0.2424 0.6010
vn -0.7058 -0.0980 0.7016
vn -0.7465 -0.0906 0.6592
vn -0.7869 -0.0857 0.6111
vn -0.7153 -0.1530 0.6819
vn -0.7488 -0.1390 0.6480
vn -0.7848 -0.1268 0.6066
vn -0.8210 -0.2640 0.5063
vn -0.8069 -0.2424 0.5386
vn -0.7248 -0.2099 0.6562
vn -0.7521 -0.1923 0.6304
vn -0.8243 -0.0857 0.5596
vn -0.8194 -0.1268 0.5590
vn -0.8127 -0.1658 0.5586
vn -0.7928 -0.2203 0.5683
vn -0.7771 -0.1764 0.6042
vn -0.9296 -0.0380 0.3667
vn -0.9065 -0.1090 0.4079
vn -0.8849 -0.1664 0.4351
vn -0.8598 -0.2241 0.4589
vn -0.8948 -0.0477 0.4439
vn -0.8629 -0.0512 0.5028
vn -0.8270 -0.0525 0.5597
vn -0.7171 -0.4629 0.5210
vn -0.7223 -0.3928 0.5693
vn -0.7199 -0.3372 0.6067
vn -0.7129 -0.2807 0.6426
vn -0.7646 -0.3928 0.5110
vn -0.7995 -0.3372 0.4972
vn -0.8315 -0.2807 0.4795
vn -0.6360 -0.0380 0.7708
vn -0.6987 -0.0477 0.7138
vn -0.7449 -0.0512 0.6653
vn -0.7879 -0.0525 0.6136
vn -0.6681 -0.1090 0.7361
vn -0.6873 -0.1664 0.7071
vn -0.7021 -0.2241 0.6759
vn -0.6533 -0.4306 0.6228
vn -0.6075 -0.4437 0.6588
vn -0.5551 -0.4493 0.6999
vn -0.6644 -0.3708 0.6489
vn -0.6229 -0.3885 0.6790
vn -0.5728 -0.4012 0.7148
vn -0.4051 -0.4045 0.8199
vn -0.4354 -0.3543 0.8276
vn -0.4723 -0.2971 0.8298
vn -0.4497 -0.4285 0.7836
vn -0.4741 -0.3802 0.7941
vn -0.5051 -0.3245 0.7997
vn -0.6010 -0.1567 0.7838
vn -0.6323 -0.2025 0.7478
vn -0.6552 -0.2541 0.7114
vn -0.5598 -0.1941 0.8056
vn -0.5930 -0.2316 0.7712
vn -0.6198 -0.2762 0.7346
vn -0.5007 -0.4446 0.7427
vn -0.5200 -0.3997 0.7549
vn -0.5153 -0.2410 0.8224
vn -0.5478 -0.2703 0.7917
vn -0.6660 -0.3105 0.6783
vn -0.6301 -0.3301 0.7029
vn -0.5941 -0.3465 0.7259
vn -0.5386 -0.3550 0.7641
vn -0.5737 -0.2979 0.7630
vn -0.6816 -0.4839 0.5489
vn -0.6332 -0.4913 0.5981
vn -0.5879 -0.4938 0.6408
vn -0.5369 -0.4911 0.6860
vn -0.6916 -0.4117 0.5935
vn -0.6953 -0.3528 0.6262
vn -0.6923 -0.2941 0.6590
vn -0.3220 -0.4333 0.8418
vn -0.3643 -0.3806 0.8499
vn -0.4028 -0.3284 0.8544
vn -0.4427 -0.2728 0.8541
vn -0.3780 -0.4521 0.8079
vn -0.4295 -0.4686 0.7720
vn -0.4829 -0.4828 0.7306
vn -0.6011 -0.0621 0.7968
vn -0.6377 -0.1296 0.7593
vn -0.6629 -0.1827 0.7261
vn -0.6815 -0.2377 0.6921
vn -0.5611 -0.1141 0.8198
vn -0.5244 -0.1618 0.8359
vn -0.4843 -0.2155 0.8479
vn 0.1515 0.0473 0.9873
vn 0.2133 0.0262 0.9766
vn 0.2773 0.0136 0.9607
vn 0.1644 0.1052 0.9808
vn 0.2190 0.0800 0.9724
vn 0.2781 0.0612 0.9586
vn 0.4578 0.0473 0.8878
vn 0.4435 0.1052 0.8901
vn 0.4188 0.1673 0.8926
vn 0.4015 0.0262 0.9155
vn 0.3944 0.0800 0.9154
vn 0.3782 0.1407 0.9150
vn 0.2929 0.3188 0.9014
vn 0.2569 0.2784 0.9255
vn 0.2185 0.2273 0.9490
vn 0.3400 0.2782 0.8983
vn 0.3029 0.2445 0.9211
vn 0.2627 0.2000 0.9439
vn 0.3404 0.0135 0.9402
vn 0.3384 0.0612 0.9390
vn 0.3835 0.2270 0.8952
vn 0.3472 0.1994 0.9164
vn 0.1859 0.1672 0.9682
vn 0.2319 0.1407 0.9625
vn 0.2735 0.1193 0.9545
vn 0.3340 0.1067 0.9365
vn 0.3115 0.1707 0.9348
vn 0.0636 0.0117 0.9979
vn 0.1471 -0.0043 0.9891
vn 0.2124 -0.0162 0.9771
vn 0.2772 -0.0230 0.9605
vn 0.0896 0.0760 0.9931
vn 0.1147 0.1323 0.9845
vn 0.1451 0.1917 0.9707
vn 0.5351 0.0117 0.8447
vn 0.5113 0.0760 0.8561
vn 0.4859 0.1323 0.8639
vn 0.4532 0.1917 0.8706
vn 0.4624 -0.0043 0.8867
vn 0.4025 -0.0162 0.9153
vn 0.3403 -0.0230 0.9400
vn 0.2828 0.4033 0.8703
vn 0.2488 0.3534 0.9018
vn 0.2149 0.3046 0.9279
vn 0.1797 0.2507 0.9512
vn 0.3287 0.3534 0.8758
vn 0.3716 0.3046 0.8770
vn 0.4145 0.2506 0.8749
vn 0.1586 -0.0980 0.9825
vn 0.1778 -0.1531 0.9721
vn 0.2007 -0.2099 0.9569
vn 0.2164 -0.0906 0.9721
vn 0.2249 -0.1390 0.9644
vn 0.2379 -0.1923 0.9521
vn 0.2886 -0.3579 0.8881
vn 0.3281 -0.3139 0.8910
vn 0.3666 -0.2640 0.8921
vn 0.2583 -0.3139 0.9136
vn 0.2965 -0.2821 0.9124
vn 0.3362 -0.2424 0.9101
vn 0.4491 -0.0980 0.8881
vn 0.3963 -0.0906 0.9136
vn 0.3380 -0.0857 0.9372
vn 0.4275 -0.1530 0.8910
vn 0.3849 -0.1390 0.9124
vn 0.3344 -0.1268 0.9339
vn 0.2278 -0.2640 0.9372
vn 0.2629 -0.2424 0.9339
vn 0.4001 -0.2099 0.8921
vn 0.3671 -0.1923 0.9101
vn 0.2775 -0.0857 0.9569
vn 0.2784 -0.1268 0.9521
vn 0.2801 -0.1658 0.9456
vn 0.2955 -0.2203 0.9296
vn 0.3345 -0.1764 0.9257
vn 0.0615 -0.0380 0.9974
vn 0.1078 -0.1090 0.9882
vn 0.1404 -0.1664 0.9760
vn 0.1707 -0.2241 0.9595
vn 0.1457 -0.0477 0.9882
vn 0.2116 -0.0512 0.9760
vn 0.2768 -0.0525 0.9595
vn 0.2739 -0.4629 0.8430
vn 0.3182 -0.3928 0.8628
vn 0.3546 -0.3372 0.8721
vn 0.3908 -0.2807 0.8766
vn 0.2497 -0.3928 0.8851
vn 0.2258 -0.3372 0.9140
vn 0.1991 -0.2807 0.9389
vn 0.5365 -0.0380 0.8430
vn 0.4630 -0.0477 0.8851
vn 0.4025 -0.0512 0.9140
vn 0.3401 -0.0525 0.9389
vn 0.4936 -0.1090 0.8628
vn 0.4601 -0.1664 0.8721
vn 0.4258 -0.2241 0.8766
vn 0.3904 -0.4306 0.8137
vn 0.4389 -0.4437 0.7814
vn 0.4942 -0.4493 0.7442
vn 0.4118 -0.3708 0.8324
vn 0.4532 -0.3885 0.8023
vn 0.5028 -0.4012 0.7657
vn 0.6546 -0.4045 0.6387
vn 0.6525 -0.3543 0.6698
vn 0.6433 -0.2971 0.7057
vn 0.6063 -0.4285 0.6699
vn 0.6088 -0.3802 0.6963
vn 0.6045 -0.3245 0.7275
vn 0.5597 -0.1567 0.8137
vn 0.5158 -0.2025 0.8324
vn 0.4742 -0.2541 0.8430
vn 0.5931 -0.1941 0.7814
vn 0.5502 -0.2316 0.8023
vn 0.5071 -0.2762 0.8164
vn 0.5517 -0.4446 0.7057
vn 0.5573 -0.3997 0.7278
vn 0.6229 -0.2410 0.7442
vn 0.5837 -0.2703 0.7657
vn 0.4393 -0.3105 0.8430
vn 0.4738 -0.3301 0.8164
vn 0.5068 -0.3465 0.7894
vn 0.5603 -0.3550 0.7484
vn 0.5484 -0.2979 0.7814
vn 0.3114 -0.4839 0.8179
vn 0.3732 -0.4913 0.7870
vn 0.4278 -0.4938 0.7571
vn 0.4865 -0.4911 0.7226
vn 0.3508 -0.4117 0.8411
vn 0.3807 -0.3528 0.8548
vn 0.4128 -0.2941 0.8620
vn 0.7011 -0.4333 0.5664
vn 0.6957 -0.3806 0.6091
vn 0.6881 -0.3284 0.6471
vn 0.6755 -0.2728 0.6850
vn 0.6516 -0.4521 0.6091
vn 0.6015 -0.4686 0.6471
vn 0.5456 -0.4828 0.6850
vn 0.5720 -0.0621 0.8179
vn 0.5251 -0.1296 0.8411
vn 0.4857 -0.1827 0.8548
vn 0.4477 -0.2377 0.8620
vn 0.6063 -0.1141 0.7870
vn 0.6330 -0.1618 0.7571
vn 0.6568 -0.2155 0.7226
vn 0.9858 0.0473 0.1610
vn 0.9947 0.0262 0.0989
vn 0.9994 0.0135 0.0332
vn 0.9836 0.1052 0.1467
vn 0.9925 0.0800 0.0922
vn 0.9976 0.0612 0.0317
vn 0.9858 0.0473 -0.1610
vn 0.9836 0.1052 -0.1467
vn 0.9783 0.1672 -0.1224
vn 0.9947 0.0262 -0.0990
vn 0.9925 0.0800 -0.0922
vn 0.9871 0.1407 -0.0769
vn 0.9478 0.3188 -0.0000
vn 0.9595 0.2784 0.0417
vn 0.9701 0.2273 0.0855
vn 0.9594 0.2782 -0.0458
vn 0.9697 0.2445 -0.0034
vn 0.9789 0.2000 0.0418
vn 0.9994 0.0135 -0.0332
vn 0.9976 0.0612 -0.0317
vn 0.9699 0.2270 -0.0881
vn 0.9788 0.1994 -0.0470
vn 0.9783 0.1672 0.1224
vn 0.9871 0.1407 0.0769
vn 0.9923 0.1193 0.0348
vn 0.9939 0.1067 -0.0283
vn 0.9853 0.1707 -0.0074
vn 0.9687 0.0117 0.2479
vn 0.9862 -0.0043 0.1658
vn 0.9949 -0.0162 0.0999
vn 0.9992 -0.0230 0.0332
vn 0.9721 0.0760 0.2217
vn 0.9718 0.1323 0.1952
vn 0.9680 0.1917 0.1620
vn 0.9687 0.0117 -0.2479
vn 0.9721 0.0760 -0.2217
vn 0.9718 0.1323 -0.1952
vn 0.9680 0.1917 -0.1620
vn 0.9862 -0.0043 -0.1658
vn 0.9949 -0.0162 -0.0999
vn 0.9992 -0.0230 -0.0332
vn 0.9151 0.4033 -0.0000
vn 0.9345 0.3534 0.0420
vn 0.9489 0.3046 0.0824
vn 0.9602 0.2507 0.1231
vn 0.9345 0.3534 -0.0420
vn 0.9489 0.3046 -0.0824
vn 0.9601 0.2506 -0.1239
vn 0.9834 -0.0980 0.1527
vn 0.9795 -0.1531 0.1312
vn 0.9721 -0.2099 0.1048
vn 0.9914 -0.0906 0.0946
vn 0.9867 -0.1390 0.0841
vn 0.9790 -0.1923 0.0679
vn 0.9338 -0.3579 -0.0000
vn 0.9487 -0.3139 -0.0367
vn 0.9618 -0.2640 -0.0730
vn 0.9487 -0.3139 0.0367
vn 0.9594 -0.2821 -0.0000
vn 0.9694 -0.2424 -0.0385
vn 0.9834 -0.0980 -0.1527
vn 0.9914 -0.0906 -0.0946
vn 0.9958 -0.0857 -0.0318
vn 0.9795 -0.1531 -0.1312
vn 0.9867 -0.1390 -0.0841
vn 0.9915 -0.1268 -0.0294
vn 0.9618 -0.2640 0.0730
vn 0.9694 -0.2424 0.0385
vn 0.9721 -0.2099 -0.1048
vn 0.9790 -0.1923 -0.0679
vn 0.9958 -0.0857 0.0318
vn 0.9915 -0.1268 0.0294
vn 0.9858 -0.1658 0.0258
vn 0.9754 -0.2203 0.0062
vn 0.9838 -0.1764 -0.0320
vn 0.9676 -0.0380 0.2497
vn 0.9731 -0.1090 0.2028
vn 0.9716 -0.1664 0.1681
vn 0.9653 -0.2241 0.1341
vn 0.9848 -0.0477 0.1668
vn 0.9936 -0.0512 0.1004
vn 0.9981 -0.0525 0.0333
vn 0.8864 -0.4629 -0.0000
vn 0.9189 -0.3928 -0.0360
vn 0.9390 -0.3372 -0.0677
vn 0.9545 -0.2807 -0.1008
vn 0.9189 -0.3928 0.0360
vn 0.9390 -0.3372 0.0677
vn 0.9545 -0.2807 0.1008
vn 0.9676 -0.0380 -0.2497
vn 0.9848 -0.0477 -0.1668
vn 0.9936 -0.0512 -0.1004
vn 0.9981 -0.0525 -0.0333
vn 0.9731 -0.1090 -0.2028
vn 0.9716 -0.1664 -0.1681
vn 0.9653 -0.2241 -0.1341
vn 0.8946 -0.4306 -0.1199
vn 0.8787 -0.4437 -0.1759
vn 0.8605 -0.4493 -0.2400
vn 0.9189 -0.3708 -0.1344
vn 0.9031 -0.3885 -0.1831
vn 0.8836 -0.4012 -0.2416
vn 0.8097 -0.4045 -0.4252
vn 0.8387 -0.3543 -0.4136
vn 0.8699 -0.2971 -0.3937
vn 0.8245 -0.4285 -0.3696
vn 0.8504 -0.3802 -0.3638
vn 0.8787 -0.3245 -0.3501
vn 0.9469 -0.1567 -0.2809
vn 0.9511 -0.2025 -0.2334
vn 0.9482 -0.2541 -0.1905
vn 0.9264 -0.1941 -0.3226
vn 0.9330 -0.2316 -0.2754
vn 0.9332 -0.2762 -0.2300
vn 0.8417 -0.4446 -0.3066
vn 0.8644 -0.3997 -0.3051
vn 0.9003 -0.2410 -0.3624
vn 0.9086 -0.2703 -0.3185
vn 0.9375 -0.3105 -0.1573
vn 0.9229 -0.3301 -0.1983
vn 0.9074 -0.3465 -0.2380
vn 0.8849 -0.3550 -0.3016
vn 0.9126 -0.2979 -0.2801
vn 0.8741 -0.4839 -0.0434
vn 0.8638 -0.4913 -0.1117
vn 0.8522 -0.4938 -0.1729
vn 0.8376 -0.4911 -0.2393
vn 0.9084 -0.4117 -0.0737
vn 0.9306 -0.3528 -0.0979
vn 0.9474 -0.2941 -0.1262
vn 0.7553 -0.4333 -0.4917
vn 0.7943 -0.3806 -0.4735
vn 0.8280 -0.3284 -0.4544
vn 0.8602 -0.2728 -0.4308
vn 0.7807 -0.4521 -0.4315
vn 0.8013 -0.4686 -0.3721
vn 0.8201 -0.4828 -0.3072
vn 0.9546 -0.0621 -0.2913
vn 0.9622 -0.1296 -0.2394
vn 0.9631 -0.1827 -0.1978
vn 0.9582 -0.2377 -0.1594
vn 0.9359 -0.1141 -0.3334
vn 0.9156 -0.1618 -0.3680
vn 0.8902 -0.2155 -0.4013
vn 0.4413 -0.7769 -0.4492
vn 0.4093 -0.7601 -0.5046
vn 0.3824 -0.7345 -0.5606
vn 0.4885 -0.7418 -0.4594
vn 0.4549 -0.7309 -0.5088
vn 0.4240 -0.7112 -0.5607
vn 0.3566 -0.6076 -0.7097
vn 0.4114 -0.5875 -0.6968
vn 0.4714 -0.5687 -0.6741
vn 0.3573 -0.6561 -0.6647
vn 0.4064 -0.6340 -0.6580
vn 0.4628 -0.6109 -0.6424
vn 0.6281 -0.5433 -0.5571
vn 0.6072 -0.5917 -0.5303
vn 0.5768 -0.6452 -0.5010
vn 0.5839 -0.5458 -0.6010
vn 0.5686 -0.5905 -0.5727
vn 0.5441 -0.6409 -0.5416
vn 0.3650 -0.6997 -0.6142
vn 0.4074 -0.6778 -0.6120
vn 0.5308 -0.5540 -0.6414
vn 0.5201 -0.5944 -0.6134
vn 0.5357 -0.6975 -0.4760
vn 0.5032 -0.6917 -0.5180
vn 0.4748 -0.6830 -0.5550
vn 0.4476 -0.6566 -0.6071
vn 0.5072 -0.6327 -0.5851
vn 0.4262 -0.8260 -0.3688
vn 0.3965 -0.8027 -0.4455
vn 0.3717 -0.7797 -0.5039
vn 0.3497 -0.7507 -0.5605
vn 0.4780 -0.7860 -0.3920
vn 0.5213 -0.7466 -0.4133
vn 0.5643 -0.6999 -0.4379
vn 0.2958 -0.5654 -0.7699
vn 0.3614 -0.5529 -0.7508
vn 0.4187 -0.5414 -0.7291
vn 0.4791 -0.5295 -0.7000
vn 0.3094 -0.6284 -0.7138
vn 0.3192 -0.6746 -0.6656
vn 0.3322 -0.7159 -0.6141
vn 0.6918 -0.4818 -0.5379
vn 0.6653 -0.5403 -0.5153
vn 0.6374 -0.5937 -0.4911
vn 0.6040 -0.6474 -0.4648
vn 0.6432 -0.4961 -0.5833
vn 0.5941 -0.5071 -0.6244
vn 0.5390 -0.5176 -0.6646
vn 0.3082 -0.8357 -0.4545
vn 0.2520 -0.8462 -0.4695
vn 0.1916 -0.8524 -0.4866
vn 0.3025 -0.8076 -0.5062
vn 0.2548 -0.8204 -0.5119
vn 0.2000 -0.8301 -0.5205
vn 0.0178 -0.8357 -0.5489
vn 0.0528 -0.8076 -0.5873
vn 0.0927 -0.7756 -0.6244
vn 0.0721 -0.8462 -0.5280
vn 0.0948 -0.8204 -0.5639
vn 0.1238 -0.7896 -0.6010
vn 0.2280 -0.6752 -0.7016
vn 0.2528 -0.7082 -0.6592
vn 0.2753 -0.7422 -0.6111
vn 0.1830 -0.7082 -0.6819
vn 0.2106 -0.7320 -0.6480
vn 0.2376 -0.7587 -0.6066
vn 0.1310 -0.8524 -0.5063
vn 0.1441 -0.8301 -0.5386
vn 0.1365 -0.7422 -0.6562
vn 0.1643 -0.7587 -0.6304
vn 0.2920 -0.7756 -0.5596
vn 0.2531 -0.7896 -0.5590
vn 0.2152 -0.8011 -0.5586
vn 0.1575 -0.8076 -0.5683
vn 0.1898 -0.7739 -0.6042
vn 0.3817 -0.8484 -0.3667
vn 0.3079 -0.8595 -0.4079
vn 0.2469 -0.8659 -0.4351
vn 0.1841 -0.8692 -0.4589
vn 0.3575 -0.8217 -0.4439
vn 0.3401 -0.7947 -0.5028
vn 0.3229 -0.7632 -0.5597
vn -0.0933 -0.8484 -0.5210
vn -0.0283 -0.8217 -0.5693
vn 0.0204 -0.7947 -0.6067
vn 0.0678 -0.7632 -0.6426
vn -0.0094 -0.8595 -0.5110
vn 0.0560 -0.8659 -0.4972
vn 0.1208 -0.8692 -0.4795
vn 0.2504 -0.5859 -0.7707
vn 0.2698 -0.6463 -0.7138
vn 0.2873 -0.6891 -0.6653
vn 0.3054 -0.7282 -0.6136
vn 0.2013 -0.6463 -0.7361
vn 0.1586 -0.6891 -0.7071
vn 0.1136 -0.7282 -0.6759
vn -0.0930 -0.7769 -0.6228
vn -0.1252 -0.7418 -0.6588
vn -0.1536 -0.6975 -0.6999
vn -0.0345 -0.7601 -0.6489
vn -0.0689 -0.7309 -0.6790
vn -0.1026 -0.6917 -0.7148
vn -0.1806 -0.5433 -0.8199
vn -0.1222 -0.5479 -0.8276
vn -0.0545 -0.5553 -0.8298
vn -0.1822 -0.5939 -0.7836
vn -0.1280 -0.5941 -0.7941
vn -0.0643 -0.5969 -0.7997
vn 0.1286 -0.6076 -0.7838
vn 0.1016 -0.6561 -0.7478
vn 0.0658 -0.6997 -0.7114
vn 0.0768 -0.5875 -0.8056
vn 0.0580 -0.6340 -0.7712
vn 0.0302 -0.6778 -0.7346
vn -0.1737 -0.6467 -0.7427
vn -0.1250 -0.6438 -0.7549
vn 0.0149 -0.5687 -0.8224
vn 0.0032 -0.6109 -0.7917
vn 0.0201 -0.7345 -0.6783
vn -0.0134 -0.7112 -0.7029
vn -0.0442 -0.6864 -0.7259
vn -0.0766 -0.6405 -0.7641
vn -0.0099 -0.6463 -0.7630
vn -0.1280 -0.8260 -0.5489
vn -0.1562 -0.7860 -0.5981
vn -0.1788 -0.7466 -0.6408
vn -0.1991 -0.6999 -0.6859
vn -0.0589 -0.8027 -0.5935
vn -0.0045 -0.7797 -0.6262
vn 0.0466 -0.7507 -0.6589
vn -0.2435 -0.4818 -0.8418
vn -0.1775 -0.4961 -0.8499
vn -0.1136 -0.5071 -0.8543
vn -0.0460 -0.5180 -0.8541
vn -0.2353 -0.5403 -0.8079
vn -0.2270 -0.5937 -0.7720
vn -0.2159 -0.6478 -0.7306
vn 0.2132 -0.5654 -0.7968
vn 0.1692 -0.6284 -0.7593
vn 0.1330 -0.6746 -0.7261
vn 0.0922 -0.7159 -0.6921
vn 0.1489 -0.5529 -0.8198
vn 0.0899 -0.5414 -0.8359
vn 0.0239 -0.5295 -0.8479
vn -0.2909 -0.7769 -0.5585
vn -0.3534 -0.7601 -0.5453
vn -0.4150 -0.7345 -0.5369
vn -0.2860 -0.7418 -0.6066
vn -0.3433 -0.7309 -0.5898
vn -0.4023 -0.7112 -0.5766
vn -0.5648 -0.6076 -0.5585
vn -0.5356 -0.5875 -0.6066
vn -0.4954 -0.5687 -0.6566
vn -0.5218 -0.6561 -0.5453
vn -0.5002 -0.6340 -0.5898
vn -0.4679 -0.6109 -0.6386
vn -0.3358 -0.5433 -0.7695
vn -0.3167 -0.5917 -0.7413
vn -0.2983 -0.6452 -0.7034
vn -0.3911 -0.5458 -0.7411
vn -0.3689 -0.5905 -0.7177
vn -0.3469 -0.6409 -0.6848
vn -0.4714 -0.6997 -0.5369
vn -0.4562 -0.6778 -0.5766
vn -0.4460 -0.5540 -0.7030
vn -0.4226 -0.5944 -0.6842
vn -0.2871 -0.6975 -0.6566
vn -0.3371 -0.6917 -0.6386
vn -0.3811 -0.6830 -0.6231
vn -0.4391 -0.6566 -0.6132
vn -0.3998 -0.6327 -0.6632
vn -0.2191 -0.8260 -0.5193
vn -0.3012 -0.8027 -0.5148
vn -0.3644 -0.7797 -0.5092
vn -0.4250 -0.7507 -0.5057
vn -0.2252 -0.7860 -0.5757
vn -0.2320 -0.7466 -0.6235
vn -0.2421 -0.6999 -0.6720
vn -0.6408 -0.5654 -0.5193
vn -0.6024 -0.5529 -0.5757
vn -0.5641 -0.5414 -0.6235
vn -0.5177 -0.5295 -0.6720
vn -0.5832 -0.6284 -0.5148
vn -0.5344 -0.6746 -0.5093
vn -0.4814 -0.7159 -0.5057
vn -0.2978 -0.4818 -0.8241
vn -0.2845 -0.5403 -0.7919
vn -0.2701 -0.5937 -0.7580
vn -0.2554 -0.6474 -0.7181
vn -0.3560 -0.4961 -0.7919
vn -0.4102 -0.5071 -0.7580
vn -0.4655 -0.5176 -0.7179
vn -0.3370 -0.8357 -0.4336
vn -0.3687 -0.8462 -0.3847
vn -0.4036 -0.8524 -0.3325
vn -0.3880 -0.8076 -0.4441
vn -0.4082 -0.8204 -0.4005
vn -0.4332 -0.8301 -0.3511
vn -0.5165 -0.8357 -0.1865
vn -0.5423 -0.8076 -0.2317
vn -0.5652 -0.7756 -0.2811
vn -0.4798 -0.8462 -0.2317
vn -0.5070 -0.8204 -0.2644
vn -0.5333 -0.7896 -0.3035
vn -0.5968 -0.6752 -0.4336
vn -0.5488 -0.7082 -0.4441
vn -0.4961 -0.7422 -0.4506
vn -0.5920 -0.7082 -0.3847
vn -0.5512 -0.7320 -0.4005
vn -0.5035 -0.7587 -0.4134
vn -0.4410 -0.8524 -0.2811
vn -0.4678 -0.8301 -0.3035
vn -0.5819 -0.7422 -0.3325
vn -0.5488 -0.7587 -0.3511
vn -0.4420 -0.7756 -0.4506
vn -0.4534 -0.7896 -0.4134
vn -0.4647 -0.8011 -0.3773
vn -0.4918 -0.8076 -0.3254
vn -0.5160 -0.7739 -0.3672
vn -0.2308 -0.8484 -0.4763
vn -0.2928 -0.8595 -0.4189
vn -0.3375 -0.8659 -0.3693
vn -0.3795 -0.8692 -0.3169
vn -0.3117 -0.8217 -0.4772
vn -0.3731 -0.7947 -0.4789
vn -0.4325 -0.7632 -0.4800
vn -0.5244 -0.8484 -0.0723
vn -0.5502 -0.8217 -0.1490
vn -0.5707 -0.7947 -0.2069
vn -0.5902 -0.7632 -0.2630
vn -0.4889 -0.8595 -0.1490
vn -0.4555 -0.8659 -0.2069
vn -0.4187 -0.8692 -0.2630
vn -0.6556 -0.5859 -0.4764
vn -0.5955 -0.6463 -0.4772
vn -0.5439 -0.6891 -0.4789
vn -0.4892 -0.7282 -0.4800
vn -0.6378 -0.6463 -0.4189
vn -0.6235 -0.6891 -0.3693
vn -0.6077 -0.7282 -0.3169
vn -0.6210 -0.7769 -0.1040
vn -0.6653 -0.7418 -0.0845
vn -0.7132 -0.6975 -0.0702
vn -0.6278 -0.7601 -0.1677
vn -0.6670 -0.7309 -0.1443
vn -0.7116 -0.6917 -0.1233
vn -0.8356 -0.5433 -0.0815
vn -0.8248 -0.5479 -0.1395
vn -0.8061 -0.5553 -0.2046
vn -0.8016 -0.5939 -0.0689
vn -0.7948 -0.5941 -0.1236
vn -0.7805 -0.5969 -0.1860
vn -0.7057 -0.6076 -0.3645
vn -0.6798 -0.6561 -0.3278
vn -0.6563 -0.6997 -0.2824
vn -0.7424 -0.5875 -0.3219
vn -0.7155 -0.6340 -0.2935
vn -0.6893 -0.6778 -0.2557
vn -0.7601 -0.6467 -0.0643
vn -0.7566 -0.6438 -0.1144
vn -0.7775 -0.5687 -0.2683
vn -0.7520 -0.6109 -0.2477
vn -0.6389 -0.7345 -0.2288
vn -0.6727 -0.7112 -0.2044
vn -0.7040 -0.6864 -0.1823
vn -0.7504 -0.6405 -0.1633
vn -0.7287 -0.6463 -0.2263
vn -0.5616 -0.8260 -0.0479
vn -0.6171 -0.7860 -0.0362
vn -0.6646 -0.7466 -0.0280
vn -0.7139 -0.6999 -0.0226
vn -0.5827 -0.8027 -0.1274
vn -0.5969 -0.7797 -0.1892
vn -0.6123 -0.7507 -0.2479
vn -0.8758 -0.4818 -0.0285
vn -0.8632 -0.4961 -0.0938
vn -0.8477 -0.5071 -0.1559
vn -0.8266 -0.5180 -0.2202
vn -0.8411 -0.5402 -0.0259
vn -0.8044 -0.5937 -0.0227
vn -0.7615 -0.6478 -0.0204
vn -0.6919 -0.5654 -0.4490
vn -0.6698 -0.6284 -0.3956
vn -0.6495 -0.6746 -0.3509
vn -0.6298 -0.7159 -0.3016
vn -0.7337 -0.5529 -0.3950
vn -0.7673 -0.5414 -0.3438
vn -0.7991 -0.5295 -0.2847
vn -0.6210 -0.7769 0.1040
vn -0.6278 -0.7601 0.1677
vn -0.6389 -0.7345 0.2288
vn -0.6653 -0.7418 0.0845
vn -0.6670 -0.7309 0.1443
vn -0.6727 -0.7112 0.2044
vn -0.7057 -0.6076 0.3645
vn -0.7424 -0.5875 0.3219
vn -0.7775 -0.5687 0.2683
vn -0.6798 -0.6561 0.3278
vn -0.7155 -0.6340 0.2935
vn -0.7520 -0.6109 0.2477
vn -0.8356 -0.5433 0.0815
vn -0.8029 -0.5917 0.0721
vn -0.7611 -0.6452 0.0663
vn -0.8256 -0.5458 0.1430
vn -0.7966 -0.5905 0.1291
vn -0.7585 -0.6409 0.1183
vn -0.6563 -0.6997 0.2824
vn -0.6893 -0.6778 0.2557
vn -0.8064 -0.5540 0.2069
vn -0.7813 -0.5944 0.1905
vn -0.7132 -0.6975 0.0702
vn -0.7116 -0.6917 0.1233
vn -0.7104 -0.6830 0.1699
vn -0.7189 -0.6566 0.2281
vn -0.7543 -0.6327 0.1753
vn -0.5616 -0.8260 0.0479
vn -0.5827 -0.8027 0.1274
vn -0.5969 -0.7797 0.1892
vn -0.6123 -0.7507 0.2479
vn -0.6171 -0.7860 0.0362
vn -0.6646 -0.7466 0.0280
vn -0.7139 -0.6999 0.0226
vn -0.6919 -0.5654 0.4490
vn -0.7337 -0.5529 0.3950
vn -0.7673 -0.5414 0.3438
vn -0.7991 -0.5295 0.2847
vn -0.6698 -0.6284 0.3956
vn -0.6495 -0.6746 0.3509
vn -0.6298 -0.7159 0.3016
vn -0.8758 -0.4818 0.0285
vn -0.8411 -0.5402 0.0259
vn -0.8044 -0.5937 0.0227
vn -0.7619 -0.6474 0.0210
vn -0.8632 -0.4961 0.0938
vn -0.8477 -0.5071 0.1559
vn -0.8266 -0.5176 0.2208
vn -0.5165 -0.8357 0.1865
vn -0.4798 -0.8462 0.2317
vn -0.4410 -0.8524 0.2811
vn -0.5423 -0.8076 0.2317
vn -0.5070 -0.8204 0.2644
vn -0.4678 -0.8301 0.3035
vn -0.3370 -0.8357 0.4336
vn -0.3880 -0.8076 0.4441
vn -0.4420 -0.7756 0.4506
vn -0.3687 -0.8462 0.3847
vn -0.4082 -0.8204 0.4005
vn -0.4534 -0.7896 0.4134
vn -0.5968 -0.6752 0.4336
vn -0.5920 -0.7082 0.3847
vn -0.5819 -0.7422 0.3325
vn -0.5488 -0.7082 0.4441
vn -0.5512 -0.7320 0.4005
vn -0.5488 -0.7587 0.3511
vn -0.4036 -0.8524 0.3325
vn -0.4332 -0.8301 0.3511
vn -0.4961 -0.7422 0.4506
vn -0.5035 -0.7587 0.4134
vn -0.5652 -0.7756 0.2811
vn -0.5333 -0.7896 0.3035
vn -0.5024 -0.8011 0.3254
vn -0.4615 -0.8076 0.3672
vn -0.5087 -0.7739 0.3773
vn -0.5244 -0.8484 0.0723
vn -0.4889 -0.8595 0.1490
vn -0.4555 -0.8659 0.2069
vn -0.4187 -0.8692 0.2630
vn -0.5502 -0.8217 0.1490
vn -0.5707 -0.7947 0.2069
vn -0.5902 -0.7632 0.2630
vn -0.2308 -0.8484 0.4763
vn -0.3117 -0.8217 0.4772
vn -0.3731 -0.7947 0.4789
vn -0.4325 -0.7632 0.4800
vn -0.2928 -0.8595 0.4189
vn -0.3375 -0.8659 0.3693
vn -0.3795 -0.8692 0.3169
vn -0.6556 -0.5859 0.4764
vn -0.6378 -0.6463 0.4189
vn -0.6235 -0.6891 0.3693
vn -0.6077 -0.7282 0.3169
vn -0.5955 -0.6463 0.4772
vn -0.5439 -0.6891 0.4789
vn -0.4892 -0.7282 0.4800
vn -0.2909 -0.7769 0.5585
vn -0.2860 -0.7418 0.6066
vn -0.2871 -0.6975 0.6566
vn -0.3535 -0.7601 0.5453
vn -0.3433 -0.7309 0.5898
vn -0.3371 -0.6917 0.6386
vn -0.3358 -0.5433 0.7695
vn -0.3876 -0.5479 0.7413
vn -0.4437 -0.5553 0.7034
vn -0.3132 -0.5939 0.7411
vn -0.3632 -0.5941 0.7177
vn -0.4180 -0.5969 0.6848
vn -0.5648 -0.6076 0.5585
vn -0.5218 -0.6561 0.5453
vn -0.4714 -0.6997 0.5369
vn -0.5356 -0.5875 0.6066
vn -0.5002 -0.6340 0.5898
vn -0.4562 -0.6778 0.5766
vn -0.2960 -0.6467 0.7030
vn -0.3426 -0.6438 0.6842
vn -0.4954 -0.5687 0.6566
vn -0.4679 -0.6109 0.6386
vn -0.4150 -0.7345 0.5369
vn -0.4023 -0.7112 0.5766
vn -0.3909 -0.6864 0.6132
vn -0.3871 -0.6405 0.6632
vn -0.4404 -0.6463 0.6231
vn -0.2191 -0.8260 0.5193
vn -0.2252 -0.7860 0.5757
vn -0.2320 -0.7466 0.6235
vn -0.2421 -0.6999 0.6720
vn -0.3012 -0.8027 0.5148
vn -0.3644 -0.7797 0.5092
vn -0.4250 -0.7507 0.5057
vn -0.2978 -0.4818 0.8241
vn -0.3560 -0.4961 0.7919
vn -0.4102 -0.5071 0.7580
vn -0.4648 -0.5180 0.7181
vn -0.2845 -0.5403 0.7919
vn -0.2701 -0.5937 0.7580
vn -0.2548 -0.6478 0.7179
vn -0.6408 -0.5654 0.5193
vn -0.5832 -0.6284 0.5148
vn -0.5344 -0.6746 0.5093
vn -0.4814 -0.7159 0.5057
vn -0.6024 -0.5529 0.5757
vn -0.5641 -0.5414 0.6235
vn -0.5177 -0.5295 0.6720
vn 0.7852 -0.6076 -0.1199
vn 0.7426 -0.6561 -0.1344
vn 0.6969 -0.6997 -0.1573
vn 0.7899 -0.5875 -0.1759
vn 0.7514 -0.6340 -0.1831
vn 0.7080 -0.6778 -0.1983
vn 0.5636 -0.7769 -0.2809
vn 0.5879 -0.7418 -0.3226
vn 0.6182 -0.6975 -0.3624
vn 0.6064 -0.7601 -0.2334
vn 0.6244 -0.7309 -0.2754
vn 0.6481 -0.6917 -0.3185
vn 0.7239 -0.5433 -0.4252
vn 0.7493 -0.5479 -0.3719
vn 0.7724 -0.5553 -0.3082
vn 0.6890 -0.5939 -0.4154
vn 0.7157 -0.5941 -0.3672
vn 0.7407 -0.5969 -0.3083
vn 0.6513 -0.7345 -0.1905
vn 0.6643 -0.7112 -0.2300
vn 0.6527 -0.6467 -0.3947
vn 0.6793 -0.6438 -0.3521
vn 0.7867 -0.5687 -0.2400
vn 0.7540 -0.6109 -0.2416
vn 0.7226 -0.6463 -0.2452
vn 0.6767 -0.6864 -0.2663
vn 0.7030 -0.6405 -0.3090
vn 0.8237 -0.5654 -0.0434
vn 0.7744 -0.6284 -0.0737
vn 0.7317 -0.6746 -0.0979
vn 0.6867 -0.7159 -0.1262
vn 0.8257 -0.5529 -0.1117
vn 0.8228 -0.5414 -0.1729
vn 0.8138 -0.5295 -0.2393
vn 0.4825 -0.8260 -0.2913
vn 0.5206 -0.7860 -0.3334
vn 0.5542 -0.7466 -0.3680
vn 0.5908 -0.6999 -0.4013
vn 0.5463 -0.8027 -0.2394
vn 0.5941 -0.7797 -0.1978
vn 0.6411 -0.7507 -0.1594
vn 0.7253 -0.4818 -0.4917
vn 0.7535 -0.4961 -0.4315
vn 0.7774 -0.5071 -0.3721
vn 0.7981 -0.5180 -0.3077
vn 0.6957 -0.5403 -0.4735
vn 0.6641 -0.5937 -0.4544
vn 0.6281 -0.6478 -0.4311
vn 0.7377 -0.6752 -0.0000
vn 0.7051 -0.7082 0.0367
vn 0.6662 -0.7422 0.0730
vn 0.7051 -0.7082 -0.0367
vn 0.6814 -0.7320 -0.0000
vn 0.6503 -0.7587 0.0385
vn 0.5275 -0.8357 0.1527
vn 0.5244 -0.8462 0.0946
vn 0.5220 -0.8524 0.0318
vn 0.5749 -0.8076 0.1312
vn 0.5656 -0.8204 0.0841
vn 0.5568 -0.8301 0.0294
vn 0.5275 -0.8357 -0.1527
vn 0.5749 -0.8076 -0.1312
vn 0.6224 -0.7756 -0.1048
vn 0.5244 -0.8462 -0.0946
vn 0.5656 -0.8204 -0.0841
vn 0.6098 -0.7896 -0.0679
vn 0.6224 -0.7756 0.1048
vn 0.6098 -0.7896 0.0679
vn 0.5220 -0.8524 -0.0318
vn 0.5568 -0.8301 -0.0294
vn 0.6662 -0.7422 -0.0730
vn 0.6503 -0.7587 -0.0385
vn 0.6333 -0.7739 -0.0062
vn 0.5977 -0.8011 0.0320
vn 0.5891 -0.8076 -0.0258
vn 0.8104 -0.5859 -0.0000
vn 0.7623 -0.6463 0.0360
vn 0.7215 -0.6891 0.0677
vn 0.6779 -0.7282 0.1008
vn 0.7623 -0.6463 -0.0360
vn 0.7215 -0.6891 -0.0677
vn 0.6779 -0.7282 -0.1008
vn 0.4667 -0.8484 0.2497
vn 0.4831 -0.8595 0.1668
vn 0.4901 -0.8659 0.1004
vn 0.4933 -0.8692 0.0333
vn 0.5327 -0.8217 0.2028
vn 0.5833 -0.7947 0.1681
vn 0.6321 -0.7632 0.1341
vn 0.4667 -0.8484 -0.2497
vn 0.5327 -0.8217 -0.2028
vn 0.5833 -0.7947 -0.1681
vn 0.6321 -0.7632 -0.1341
vn 0.4831 -0.8595 -0.1668
vn 0.4901 -0.8659 -0.1004
vn 0.4933 -0.8692 -0.0333
vn 0.3986 -0.9029 0.1610
vn 0.3458 -0.9268 0.1467
vn 0.2879 -0.9498 0.1224
vn 0.4214 -0.9014 0.0989
vn 0.3724 -0.9235 0.0922
vn 0.3155 -0.9458 0.0769
vn 0.1387 -0.9903 -0.0000
vn 0.1801 -0.9828 -0.0417
vn 0.2305 -0.9693 -0.0855
vn 0.1802 -0.9826 0.0458
vn 0.2150 -0.9766 0.0034
vn 0.2588 -0.9650 -0.0418
vn 0.3986 -0.9029 -0.1610
vn 0.4214 -0.9014 -0.0989
vn 0.4348 -0.8999 -0.0332
vn 0.3458 -0.9268 -0.1467
vn 0.3724 -0.9235 -0.0922
vn 0.3914 -0.9197 -0.0317
vn 0.2307 -0.9690 0.0881
vn 0.2594 -0.9646 0.0470
vn 0.2879 -0.9498 -0.1224
vn 0.3155 -0.9458 -0.0769
vn 0.4348 -0.8999 0.0332
vn 0.3914 -0.9197 0.0317
vn 0.3491 -0.9367 0.0283
vn 0.2880 -0.9576 0.0074
vn 0.3371 -0.9408 -0.0348
vn 0.4227 -0.8717 0.2479
vn 0.3668 -0.9035 0.2217
vn 0.3162 -0.9284 0.1952
vn 0.2614 -0.9515 0.1620
vn 0.4449 -0.8801 0.1658
vn 0.4594 -0.8826 0.0999
vn 0.4674 -0.8834 0.0332
vn 0.0485 -0.9988 -0.0000
vn 0.1018 -0.9939 -0.0420
vn 0.1519 -0.9850 -0.0824
vn 0.2052 -0.9710 -0.1231
vn 0.1018 -0.9939 0.0420
vn 0.1519 -0.9850 0.0824
vn 0.2053 -0.9708 0.1239
vn 0.4227 -0.8717 -0.2479
vn 0.4449 -0.8801 -0.1658
vn 0.4594 -0.8826 -0.0999
vn 0.4674 -0.8834 -0.0332
vn 0.3668 -0.9035 -0.2217
vn 0.3162 -0.9284 -0.1952
vn 0.2614 -0.9515 -0.1620
vn -0.0930 -0.7769 0.6228
vn -0.0345 -0.7601 0.6489
vn 0.0201 -0.7345 0.6783
vn -0.1252 -0.7418 0.6588
vn -0.0689 -0.7309 0.6790
vn -0.0134 -0.7112 0.7029
vn 0.1286 -0.6076 0.7838
vn 0.0768 -0.5875 0.8056
vn 0.0149 -0.5687 0.8224
vn 0.1017 -0.6561 0.7478
vn 0.0580 -0.6340 0.7712
vn 0.0032 -0.6109 0.7917
vn -0.1806 -0.5433 0.8199
vn -0.1795 -0.5917 0.7859
vn -0.1721 -0.6452 0.7444
vn -0.1192 -0.5458 0.8294
vn -0.1234 -0.5905 0.7975
vn -0.1218 -0.6409 0.7579
vn 0.0658 -0.6997 0.7114
vn 0.0302 -0.6778 0.7346
vn -0.0524 -0.5540 0.8309
vn -0.0602 -0.5944 0.8019
vn -0.1536 -0.6975 0.6999
vn -0.1026 -0.6917 0.7148
vn -0.0579 -0.6830 0.7281
vn -0.0052 -0.6566 0.7542
vn -0.0664 -0.6327 0.7715
vn -0.1280 -0.8260 0.5489
vn -0.0589 -0.8027 0.5935
vn -0.0045 -0.7797 0.6262
vn 0.0466 -0.7507 0.6589
vn -0.1562 -0.7860 0.5981
vn -0.1788 -0.7466 0.6408
vn -0.1991 -0.6999 0.6859
vn 0.2132 -0.5654 0.7968
vn 0.1489 -0.5529 0.8198
vn 0.0899 -0.5414 0.8359
vn 0.0239 -0.5295 0.8479
vn 0.1692 -0.6284 0.7593
vn 0.1330 -0.6746 0.7261
vn 0.0922 -0.7159 0.6921
vn -0.2435 -0.4818 0.8418
vn -0.2353 -0.5403 0.8079
vn -0.2270 -0.5937 0.7720
vn -0.2154 -0.6474 0.7311
vn -0.1775 -0.4961 0.8499
vn -0.1136 -0.5071 0.8543
vn -0.0454 -0.5176 0.8544
vn 0.0178 -0.8357 0.5489
vn 0.0721 -0.8462 0.5280
vn 0.1310 -0.8524 0.5063
vn 0.0528 -0.8076 0.5873
vn 0.0948 -0.8204 0.5639
vn 0.1441 -0.8301 0.5386
vn 0.3082 -0.8357 0.4545
vn 0.3025 -0.8076 0.5062
vn 0.2920 -0.7756 0.5596
vn 0.2520 -0.8462 0.4695
vn 0.2548 -0.8204 0.5119
vn 0.2531 -0.7896 0.5590
vn 0.2280 -0.6752 0.7016
vn 0.1830 -0.7082 0.6819
vn 0.1365 -0.7422 0.6562
vn 0.2528 -0.7082 0.6592
vn 0.2106 -0.7320 0.6480
vn 0.1643 -0.7587 0.6304
vn 0.1916 -0.8524 0.4866
vn 0.2000 -0.8301 0.5205
vn 0.2753 -0.7422 0.6111
vn 0.2376 -0.7587 0.6066
vn 0.0927 -0.7756 0.6244
vn 0.1238 -0.7896 0.6010
vn 0.1542 -0.8011 0.5784
vn 0.2066 -0.8076 0.5523
vn 0.2016 -0.7739 0.6003
vn -0.0933 -0.8484 0.5210
vn -0.0094 -0.8595 0.5110
vn 0.0560 -0.8659 0.4972
vn 0.1208 -0.8692 0.4795
vn -0.0283 -0.8217 0.5693
vn 0.0204 -0.7947 0.6067
vn 0.0678 -0.7632 0.6426
vn 0.3817 -0.8484 0.3667
vn 0.3575 -0.8217 0.4439
vn 0.3401 -0.7947 0.5028
vn 0.3229 -0.7632 0.5597
vn 0.3079 -0.8595 0.4079
vn 0.2469 -0.8659 0.4351
vn 0.1841 -0.8692 0.4589
vn 0.2504 -0.5859 0.7708
vn 0.2013 -0.6463 0.7361
vn 0.1586 -0.6891 0.7071
vn 0.1136 -0.7282 0.6759
vn 0.2698 -0.6463 0.7138
vn 0.2873 -0.6891 0.6653
vn 0.3054 -0.7282 0.6136
vn 0.4413 -0.7769 0.4492
vn 0.4885 -0.7418 0.4594
vn 0.5357 -0.6975 0.4760
vn 0.4093 -0.7601 0.5046
vn 0.4549 -0.7309 0.5088
vn 0.5032 -0.6917 0.5180
vn 0.6281 -0.5433 0.5571
vn 0.5853 -0.5479 0.5977
vn 0.5318 -0.5553 0.6393
vn 0.6080 -0.5939 0.5269
vn 0.5704 -0.5941 0.5672
vn 0.5221 -0.5969 0.6092
vn 0.3566 -0.6076 0.7097
vn 0.3573 -0.6561 0.6647
vn 0.3650 -0.6997 0.6142
vn 0.4114 -0.5875 0.6968
vn 0.4064 -0.6340 0.6580
vn 0.4074 -0.6778 0.6120
vn 0.5771 -0.6467 0.4988
vn 0.5448 -0.6438 0.5373
vn 0.4713 -0.5687 0.6741
vn 0.4628 -0.6109 0.6424
vn 0.3824 -0.7345 0.5606
vn 0.4240 -0.7112 0.5607
vn 0.4624 -0.6864 0.5613
vn 0.5111 -0.6405 0.5731
vn 0.4565 -0.6463 0.6114
vn 0.4261 -0.8260 0.3688
vn 0.4780 -0.7860 0.3920
vn 0.5213 -0.7466 0.4133
vn 0.5643 -0.6999 0.4379
vn 0.3965 -0.8027 0.4455
vn 0.3717 -0.7797 0.5039
vn 0.3497 -0.7507 0.5605
vn 0.6918 -0.4818 0.5379
vn 0.6432 -0.4961 0.5833
vn 0.5941 -0.5071 0.6244
vn 0.5393 -0.5180 0.6640
vn 0.6653 -0.5403 0.5153
vn 0.6374 -0.5937 0.4911
vn 0.6041 -0.6478 0.4642
vn 0.2958 -0.5654 0.7699
vn 0.3094 -0.6284 0.7138
vn 0.3192 -0.6746 0.6656
vn 0.3322 -0.7159 0.6141
vn 0.3614 -0.5529 0.7508
vn 0.4187 -0.5414 0.7291
vn 0.4791 -0.5295 0.7000
vn 0.0422 -0.9906 0.1299
vn 0.0992 -0.9826 0.1573
vn 0.1551 -0.9690 0.1922
vn 0.0160 -0.9828 0.1841
vn 0.0697 -0.9766 0.2034
vn 0.1249 -0.9646 0.2322
vn 0.2801 -0.9015 0.3298
vn 0.2281 -0.9000 0.3715
vn 0.1679 -0.8991 0.4043
vn 0.2501 -0.9258 0.2835
vn 0.2082 -0.9220 0.3266
vn 0.1548 -0.9184 0.3640
vn -0.0327 -0.9015 0.4315
vn -0.0357 -0.9258 0.3763
vn -0.0290 -0.9495 0.3125
vn 0.0338 -0.9000 0.4346
vn 0.0236 -0.9220 0.3866
vn 0.0213 -0.9451 0.3260
vn 0.2072 -0.9495 0.2358
vn 0.1744 -0.9451 0.2763
vn 0.1018 -0.8991 0.4257
vn 0.0887 -0.9184 0.3855
vn -0.0101 -0.9693 0.2456
vn 0.0402 -0.9650 0.2591
vn 0.0960 -0.9576 0.2716
vn 0.1348 -0.9367 0.3233
vn 0.0710 -0.9408 0.3313
vn 0.0172 -0.9984 0.0529
vn 0.0714 -0.9939 0.0840
vn 0.1251 -0.9851 0.1179
vn 0.1812 -0.9708 0.1569
vn -0.0084 -0.9939 0.1099
vn -0.0319 -0.9851 0.1690
vn -0.0537 -0.9710 0.2332
vn 0.3629 -0.8732 0.3252
vn 0.2999 -0.8778 0.3735
vn 0.2405 -0.8809 0.4077
vn 0.1773 -0.8828 0.4350
vn 0.3257 -0.9030 0.2802
vn 0.2847 -0.9280 0.2402
vn 0.2354 -0.9514 0.1985
vn -0.1025 -0.8732 0.4764
vn -0.0988 -0.9030 0.4181
vn -0.0891 -0.9280 0.3617
vn -0.0738 -0.9514 0.2989
vn -0.0231 -0.8778 0.4784
vn 0.0450 -0.8809 0.4712
vn 0.1123 -0.8828 0.4561
vn 0.7240 -0.5418 0.4268
vn 0.6890 -0.5939 0.4154
vn 0.6527 -0.6467 0.3947
vn 0.7493 -0.5479 0.3719
vn 0.7157 -0.5941 0.3672
vn 0.6793 -0.6438 0.3521
vn 0.5603 -0.7792 0.2807
vn 0.6033 -0.7629 0.2326
vn 0.6497 -0.7361 0.1897
vn 0.5848 -0.7440 0.3231
vn 0.6201 -0.7346 0.2752
vn 0.6615 -0.7142 0.2291
vn 0.7866 -0.6063 0.1163
vn 0.7916 -0.5860 0.1729
vn 0.7877 -0.5679 0.2387
vn 0.7439 -0.6554 0.1304
vn 0.7537 -0.6326 0.1781
vn 0.7560 -0.6095 0.2387
vn 0.6168 -0.6985 0.3629
vn 0.6452 -0.6941 0.3192
vn 0.6975 -0.6996 0.1550
vn 0.7093 -0.6776 0.1943
vn 0.7724 -0.5553 0.3082
vn 0.7407 -0.5969 0.3083
vn 0.7030 -0.6405 0.3090
vn 0.6767 -0.6864 0.2663
vn 0.7226 -0.6463 0.2452
vn 0.7254 -0.4868 0.4866
vn 0.6957 -0.5403 0.4733
vn 0.6640 -0.5931 0.4554
vn 0.6281 -0.6478 0.4311
vn 0.7535 -0.4962 0.4314
vn 0.7776 -0.5063 0.3728
vn 0.7981 -0.5180 0.3077
vn 0.4857 -0.8241 0.2914
vn 0.5420 -0.8059 0.2382
vn 0.5911 -0.7823 0.1965
vn 0.6400 -0.7518 0.1588
vn 0.5192 -0.7868 0.3337
vn 0.5530 -0.7473 0.3684
vn 0.5904 -0.7002 0.4015
vn 0.8225 -0.5668 0.0467
vn 0.8264 -0.5522 0.1105
vn 0.8235 -0.5407 0.1719
vn 0.8141 -0.5292 0.2390
vn 0.7757 -0.6274 0.0684
vn 0.7325 -0.6742 0.0937
vn 0.6871 -0.7158 0.1246
vn -0.1105 -0.9906 0.0803
vn -0.1189 -0.9826 0.1430
vn -0.1349 -0.9690 0.2069
vn -0.1702 -0.9828 0.0721
vn -0.1719 -0.9766 0.1291
vn -0.1822 -0.9646 0.1905
vn -0.2271 -0.9015 0.3683
vn -0.2828 -0.9000 0.3318
vn -0.3326 -0.8991 0.2846
vn -0.1923 -0.9258 0.3254
vn -0.2463 -0.9220 0.2989
vn -0.2984 -0.9184 0.2597
vn -0.4204 -0.9015 0.1022
vn -0.3690 -0.9258 0.0823
vn -0.3062 -0.9495 0.0690
vn -0.4029 -0.9000 0.1664
vn -0.3604 -0.9220 0.1419
vn -0.3035 -0.9451 0.1211
vn -0.1602 -0.9495 0.2699
vn -0.2089 -0.9451 0.2512
vn -0.3734 -0.8991 0.2284
vn -0.3392 -0.9184 0.2035
vn -0.2367 -0.9693 0.0663
vn -0.2340 -0.9650 0.1183
vn -0.2286 -0.9576 0.1752
vn -0.2658 -0.9367 0.2281
vn -0.2932 -0.9408 0.1699
vn -0.0450 -0.9984 0.0327
vn -0.0578 -0.9939 0.0939
vn -0.0735 -0.9851 0.1554
vn -0.0933 -0.9708 0.2208
vn -0.1072 -0.9939 0.0260
vn -0.1705 -0.9851 0.0219
vn -0.2384 -0.9710 0.0210
vn -0.1971 -0.8732 0.4456
vn -0.2626 -0.8778 0.4006
vn -0.3134 -0.8809 0.3547
vn -0.3589 -0.8828 0.3030
vn -0.1658 -0.9030 0.3963
vn -0.1405 -0.9280 0.3450
vn -0.1160 -0.9514 0.2852
vn -0.4847 -0.8732 0.0497
vn -0.4282 -0.9030 0.0352
vn -0.3715 -0.9280 0.0270
vn -0.3071 -0.9514 0.0222
vn -0.4621 -0.8778 0.1259
vn -0.4342 -0.8809 0.1884
vn -0.3991 -0.8828 0.2477
vn -0.1105 -0.9906 -0.0803
vn -0.1727 -0.9826 -0.0689
vn -0.2385 -0.9690 -0.0643
vn -0.1212 -0.9828 -0.1395
vn -0.1759 -0.9766 -0.1236
vn -0.2375 -0.9646 -0.1144
vn -0.4205 -0.9015 -0.1022
vn -0.4029 -0.9000 -0.1664
vn -0.3734 -0.8991 -0.2284
vn -0.3690 -0.9258 -0.0823
vn -0.3604 -0.9220 -0.1419
vn -0.3392 -0.9184 -0.2035
vn -0.2271 -0.9015 -0.3683
vn -0.1923 -0.9258 -0.3255
vn -0.1602 -0.9495 -0.2699
vn -0.2828 -0.9000 -0.3318
vn -0.2463 -0.9220 -0.2989
vn -0.2089 -0.9451 -0.2512
vn -0.3062 -0.9495 -0.0690
vn -0.3035 -0.9451 -0.1211
vn -0.3326 -0.8991 -0.2846
vn -0.2984 -0.9184 -0.2597
vn -0.1362 -0.9693 -0.2046
vn -0.1848 -0.9650 -0.1860
vn -0.2373 -0.9576 -0.1633
vn -0.2991 -0.9367 -0.1823
vn -0.2522 -0.9408 -0.2263
vn -0.0450 -0.9984 -0.0327
vn -0.1072 -0.9939 -0.0260
vn -0.1706 -0.9851 -0.0219
vn -0.2389 -0.9708 -0.0205
vn -0.0578 -0.9939 -0.0939
vn -0.0735 -0.9851 -0.1554
vn -0.0937 -0.9710 -0.2202
vn -0.4847 -0.8732 -0.0497
vn -0.4621 -0.8778 -0.1259
vn -0.4342 -0.8809 -0.1884
vn -0.3991 -0.8828 -0.2477
vn -0.4282 -0.9030 -0.0352
vn -0.3715 -0.9280 -0.0270
vn -0.3071 -0.9514 -0.0222
vn -0.1971 -0.8732 -0.4456
vn -0.1658 -0.9030 -0.3963
vn -0.1405 -0.9280 -0.3450
vn -0.1160 -0.9514 -0.2852
vn -0.2626 -0.8778 -0.4006
vn -0.3134 -0.8809 -0.3547
vn -0.3589 -0.8828 -0.3030
vn 0.0422 -0.9906 -0.1299
vn 0.0122 -0.9826 -0.1856
vn -0.0125 -0.9690 -0.2467
vn 0.0953 -0.9828 -0.1584
vn 0.0632 -0.9766 -0.2055
vn 0.0354 -0.9646 -0.2612
vn -0.0327 -0.9015 -0.4315
vn 0.0338 -0.9000 -0.4346
vn 0.1018 -0.8991 -0.4257
vn -0.0357 -0.9258 -0.3763
vn 0.0236 -0.9220 -0.3866
vn 0.0887 -0.9184 -0.3855
vn 0.2801 -0.9015 -0.3298
vn 0.2501 -0.9258 -0.2835
vn 0.2072 -0.9495 -0.2358
vn 0.2281 -0.9000 -0.3715
vn 0.2082 -0.9220 -0.3266
vn 0.1744 -0.9451 -0.2763
vn -0.0290 -0.9495 -0.3125
vn 0.0214 -0.9451 -0.3260
vn 0.1679 -0.8991 -0.4043
vn 0.1548 -0.9184 -0.3640
vn 0.1525 -0.9693 -0.1928
vn 0.1197 -0.9650 -0.2333
vn 0.0819 -0.9576 -0.2761
vn 0.0810 -0.9367 -0.3408
vn 0.1373 -0.9408 -0.3098
vn 0.0172 -0.9984 -0.0529
vn -0.0084 -0.9939 -0.1099
vn -0.0319 -0.9851 -0.1690
vn -0.0544 -0.9708 -0.2335
vn 0.0714 -0.9939 -0.0840
vn 0.1251 -0.9851 -0.1179
vn 0.1805 -0.9710 -0.1571
vn -0.1025 -0.8732 -0.4764
vn -0.0231 -0.8778 -0.4784
vn 0.0450 -0.8809 -0.4712
vn 0.1123 -0.8828 -0.4561
vn -0.0988 -0.9030 -0.4181
vn -0.0891 -0.9280 -0.3617
vn -0.0738 -0.9514 -0.2989
vn 0.3629 -0.8732 -0.3252
vn 0.3257 -0.9030 -0.2802
vn 0.2847 -0.9280 -0.2402
vn 0.2354 -0.9514 -0.1985
vn 0.2999 -0.8778 -0.3735
vn 0.2405 -0.8809 -0.4077
vn 0.1773 -0.8828 -0.4350
vn 0.8084 -0.4053 0.4268
vn 0.8245 -0.4285 0.3696
vn 0.8417 -0.4446 0.3066
vn 0.8387 -0.3543 0.4136
vn 0.8504 -0.3802 0.3638
vn 0.8644 -0.3997 0.3051
vn 0.8941 -0.4324 0.1163
vn 0.9189 -0.3723 0.1304
vn 0.9377 -0.3110 0.1550
vn 0.8782 -0.4460 0.1729
vn 0.9029 -0.3912 0.1781
vn 0.9233 -0.3314 0.1943
vn 0.9476 -0.1527 0.2807
vn 0.9270 -0.1903 0.3231
vn 0.9006 -0.2393 0.3629
vn 0.9521 -0.1984 0.2326
vn 0.9344 -0.2261 0.2752
vn 0.9094 -0.2667 0.3192
vn 0.8602 -0.4506 0.2387
vn 0.8833 -0.4036 0.2387
vn 0.9490 -0.2519 0.1897
vn 0.9346 -0.2722 0.2291
vn 0.8699 -0.2971 0.3937
vn 0.8787 -0.3245 0.3501
vn 0.8849 -0.3550 0.3016
vn 0.9074 -0.3465 0.2380
vn 0.9126 -0.2979 0.2801
vn 0.7598 -0.4311 0.4866
vn 0.7808 -0.4520 0.4314
vn 0.8006 -0.4691 0.3728
vn 0.8201 -0.4828 0.3072
vn 0.7944 -0.3806 0.4733
vn 0.8274 -0.3286 0.4554
vn 0.8602 -0.2728 0.4308
vn 0.8748 -0.4822 0.0468
vn 0.9081 -0.4132 0.0684
vn 0.9307 -0.3537 0.0937
vn 0.9475 -0.2944 0.1246
vn 0.8634 -0.4922 0.1105
vn 0.8519 -0.4947 0.1719
vn 0.8375 -0.4915 0.2390
vn 0.9543 -0.0659 0.2914
vn 0.9359 -0.1126 0.3337
vn 0.9157 -0.1604 0.3684
vn 0.8903 -0.2149 0.4015
vn 0.9632 -0.1244 0.2382
vn 0.9641 -0.1788 0.1965
vn 0.9586 -0.2362 0.1588
vn -0.1561 -0.4053 0.9008
vn -0.0968 -0.4285 0.8983
vn -0.0315 -0.4446 0.8952
vn -0.1342 -0.3543 0.9255
vn -0.0832 -0.3802 0.9211
vn -0.0230 -0.3997 0.9164
vn 0.1657 -0.4324 0.8863
vn 0.1599 -0.3723 0.9142
vn 0.1423 -0.3110 0.9397
vn 0.1070 -0.4460 0.8886
vn 0.1096 -0.3912 0.9137
vn 0.1005 -0.3314 0.9381
vn 0.0258 -0.1527 0.9879
vn -0.0208 -0.1903 0.9815
vn -0.0668 -0.2393 0.9686
vn 0.0730 -0.1984 0.9774
vn 0.0270 -0.2261 0.9737
vn -0.0225 -0.2667 0.9635
vn 0.0388 -0.4506 0.8919
vn 0.0459 -0.4036 0.9138
vn 0.1128 -0.2520 0.9611
vn 0.0710 -0.2723 0.9596
vn -0.1056 -0.2971 0.9490
vn -0.0614 -0.3245 0.9439
vn -0.0134 -0.3550 0.9348
vn 0.0540 -0.3465 0.9365
vn 0.0156 -0.2979 0.9545
vn -0.2280 -0.4311 0.8730
vn -0.1690 -0.4520 0.8759
vn -0.1072 -0.4691 0.8766
vn -0.0388 -0.4828 0.8749
vn -0.2047 -0.3806 0.9018
vn -0.1774 -0.3286 0.9276
vn -0.1439 -0.2728 0.9512
vn 0.2259 -0.4822 0.8464
vn 0.2156 -0.4132 0.8848
vn 0.1984 -0.3537 0.9141
vn 0.1743 -0.2944 0.9397
vn 0.1617 -0.4922 0.8553
vn 0.0998 -0.4947 0.8633
vn 0.0315 -0.4915 0.8703
vn 0.0177 -0.0659 0.9977
vn -0.0281 -0.1126 0.9932
vn -0.0674 -0.1604 0.9847
vn -0.1067 -0.2149 0.9708
vn 0.0712 -0.1244 0.9897
vn 0.1110 -0.1788 0.9776
vn 0.1452 -0.2362 0.9608
vn -0.9049 -0.4053 0.1299
vn -0.8843 -0.4285 0.1856
vn -0.8611 -0.4446 0.2467
vn -0.9216 -0.3543 0.1584
vn -0.9018 -0.3802 0.2055
vn -0.8786 -0.3997 0.2613
vn -0.7917 -0.4324 0.4315
vn -0.8201 -0.3723 0.4346
vn -0.8497 -0.3110 0.4257
vn -0.8121 -0.4460 0.3763
vn -0.8352 -0.3912 0.3866
vn -0.8611 -0.3314 0.3855
vn -0.9316 -0.1527 0.3298
vn -0.9399 -0.1903 0.2835
vn -0.9419 -0.2393 0.2358
vn -0.9070 -0.1984 0.3715
vn -0.9177 -0.2261 0.3266
vn -0.9233 -0.2667 0.2763
vn -0.8362 -0.4506 0.3125
vn -0.8549 -0.4036 0.3260
vn -0.8792 -0.2519 0.4043
vn -0.8907 -0.2722 0.3640
vn -0.9352 -0.2971 0.1928
vn -0.9167 -0.3245 0.2333
vn -0.8932 -0.3550 0.2762
vn -0.8740 -0.3465 0.3408
vn -0.9029 -0.2979 0.3098
vn -0.9007 -0.4311 0.0529
vn -0.8852 -0.4520 0.1099
vn -0.8668 -0.4691 0.1690
vn -0.8440 -0.4828 0.2335
vn -0.9209 -0.3806 0.0840
vn -0.9371 -0.3286 0.1179
vn -0.9492 -0.2728 0.1571
vn -0.7352 -0.4822 0.4764
vn -0.7748 -0.4132 0.4784
vn -0.8080 -0.3537 0.4712
vn -0.8398 -0.2944 0.4561
vn -0.7635 -0.4922 0.4181
vn -0.7902 -0.4947 0.3617
vn -0.8180 -0.4915 0.2989
vn -0.9434 -0.0659 0.3252
vn -0.9533 -0.1126 0.2802
vn -0.9574 -0.1604 0.2402
vn -0.9562 -0.2149 0.1985
vn -0.9193 -0.1244 0.3735
vn -0.8955 -0.1788 0.4077
vn -0.8689 -0.2362 0.4350
vn -0.4031 -0.4053 -0.8205
vn -0.4497 -0.4285 -0.7836
vn -0.5007 -0.4446 -0.7427
vn -0.4354 -0.3543 -0.8276
vn -0.4741 -0.3802 -0.7941
vn -0.5200 -0.3997 -0.7549
vn -0.6550 -0.4324 -0.6197
vn -0.6668 -0.3723 -0.6456
vn -0.6675 -0.3110 -0.6766
vn -0.6089 -0.4460 -0.6560
vn -0.6257 -0.3912 -0.6748
vn -0.6327 -0.3314 -0.6999
vn -0.6016 -0.1527 -0.7841
vn -0.5600 -0.1903 -0.8063
vn -0.5153 -0.2393 -0.8229
vn -0.6336 -0.1984 -0.7478
vn -0.5942 -0.2261 -0.7719
vn -0.5481 -0.2667 -0.7927
vn -0.5556 -0.4506 -0.6987
vn -0.5743 -0.4036 -0.7123
vn -0.6562 -0.2519 -0.7113
vn -0.6214 -0.2722 -0.7346
vn -0.4723 -0.2971 -0.8298
vn -0.5051 -0.3245 -0.7997
vn -0.5386 -0.3550 -0.7641
vn -0.5941 -0.3465 -0.7259
vn -0.5737 -0.2979 -0.7630
vn -0.3287 -0.4311 -0.8403
vn -0.3781 -0.4520 -0.8079
vn -0.4286 -0.4691 -0.7722
vn -0.4829 -0.4828 -0.7306
vn -0.3645 -0.3806 -0.8499
vn -0.4017 -0.3286 -0.8548
vn -0.4427 -0.2728 -0.8541
vn -0.6803 -0.4822 -0.5520
vn -0.6944 -0.4132 -0.5891
vn -0.6978 -0.3537 -0.6229
vn -0.6933 -0.2944 -0.6577
vn -0.6336 -0.4922 -0.5969
vn -0.5881 -0.4947 -0.6398
vn -0.5371 -0.4915 -0.6856
vn -0.6008 -0.0659 -0.7967
vn -0.5611 -0.1126 -0.8201
vn -0.5243 -0.1604 -0.8363
vn -0.4842 -0.2149 -0.8481
vn -0.6393 -0.1244 -0.7588
vn -0.6644 -0.1788 -0.7257
vn -0.6822 -0.2362 -0.6919
vn 0.6558 -0.4053 -0.6369
vn 0.6063 -0.4285 -0.6699
vn 0.5517 -0.4446 -0.7057
vn 0.6525 -0.3543 -0.6698
vn 0.6088 -0.3802 -0.6963
vn 0.5573 -0.3997 -0.7278
vn 0.3869 -0.4324 -0.8144
vn 0.4080 -0.3723 -0.8336
vn 0.4372 -0.3110 -0.8439
vn 0.4358 -0.4460 -0.7818
vn 0.4484 -0.3912 -0.8036
vn 0.4701 -0.3314 -0.8180
vn 0.5598 -0.1527 -0.8144
vn 0.5938 -0.1903 -0.7818
vn 0.6234 -0.2393 -0.7444
vn 0.5154 -0.1984 -0.8336
vn 0.5505 -0.2261 -0.8036
vn 0.5846 -0.2667 -0.7663
vn 0.4928 -0.4506 -0.7444
vn 0.5000 -0.4036 -0.7663
vn 0.4737 -0.2519 -0.8439
vn 0.5066 -0.2722 -0.8180
vn 0.6433 -0.2971 -0.7057
vn 0.6045 -0.3245 -0.7275
vn 0.5603 -0.3550 -0.7484
vn 0.5068 -0.3465 -0.7894
vn 0.5484 -0.2979 -0.7814
vn 0.6976 -0.4311 -0.5723
vn 0.6515 -0.4520 -0.6093
vn 0.6020 -0.4691 -0.6462
vn 0.5456 -0.4828 -0.6850
vn 0.6957 -0.3806 -0.6093
vn 0.6888 -0.3286 -0.6462
vn 0.6755 -0.2728 -0.6850
vn 0.3148 -0.4822 -0.8175
vn 0.3457 -0.4132 -0.8425
vn 0.3768 -0.3537 -0.8561
vn 0.4113 -0.2944 -0.8626
vn 0.3719 -0.4922 -0.7870
vn 0.4267 -0.4947 -0.7571
vn 0.4861 -0.4915 -0.7226
vn 0.5721 -0.0659 -0.8175
vn 0.6066 -0.1126 -0.7870
vn 0.6333 -0.1604 -0.7571
vn 0.6570 -0.2149 -0.7226
vn 0.5242 -0.1244 -0.8425
vn 0.4848 -0.1788 -0.8561
vn 0.4473 -0.2362 -0.8626
vn 0.7662 -0.3209 0.5567
vn 0.8031 -0.2782 0.5269
vn 0.8365 -0.2270 0.4988
vn 0.7518 -0.2784 0.5977
vn 0.7865 -0.2445 0.5672
vn 0.8195 -0.1994 0.5373
vn 0.8938 -0.0452 0.4461
vn 0.8646 -0.0234 0.5019
vn 0.8289 -0.0118 0.5593
vn 0.8837 -0.1038 0.4563
vn 0.8598 -0.0770 0.5047
vn 0.8276 -0.0583 0.5583
vn 0.7005 -0.0452 0.7122
vn 0.7071 -0.1038 0.6995
vn 0.7183 -0.1668 0.6754
vn 0.7445 -0.0234 0.6672
vn 0.7457 -0.0770 0.6618
vn 0.7512 -0.1394 0.6452
vn 0.8643 -0.1668 0.4745
vn 0.8457 -0.1394 0.5150
vn 0.7881 -0.0118 0.6155
vn 0.7867 -0.0583 0.6146
vn 0.7345 -0.2273 0.6393
vn 0.7674 -0.2000 0.6092
vn 0.8015 -0.1707 0.5731
vn 0.8207 -0.1066 0.5613
vn 0.7823 -0.1193 0.6114
vn 0.7426 -0.3967 0.5395
vn 0.7808 -0.3533 0.5154
vn 0.8159 -0.3056 0.4908
vn 0.8496 -0.2506 0.4642
vn 0.7314 -0.3533 0.5833
vn 0.7189 -0.3057 0.6243
vn 0.7045 -0.2507 0.6640
vn 0.9282 -0.0136 0.3719
vn 0.8970 0.0080 0.4419
vn 0.8650 0.0193 0.5014
vn 0.8284 0.0242 0.5596
vn 0.9174 -0.0755 0.3907
vn 0.9015 -0.1320 0.4121
vn 0.8786 -0.1916 0.4374
vn 0.6405 -0.0136 0.7678
vn 0.6551 -0.0755 0.7518
vn 0.6705 -0.1320 0.7300
vn 0.6875 -0.1916 0.7004
vn 0.6975 0.0080 0.7166
vn 0.7442 0.0193 0.6677
vn 0.7882 0.0242 0.6149
vn -0.2927 -0.3209 0.9008
vn -0.2530 -0.2782 0.9266
vn -0.2159 -0.2270 0.9497
vn -0.3361 -0.2784 0.8997
vn -0.2964 -0.2445 0.9232
vn -0.2577 -0.1994 0.9454
vn -0.1481 -0.0452 0.9879
vn -0.2101 -0.0234 0.9774
vn -0.2758 -0.0118 0.9611
vn -0.1609 -0.1038 0.9815
vn -0.2143 -0.0770 0.9737
vn -0.2752 -0.0583 0.9596
vn -0.4609 -0.0452 0.8863
vn -0.4467 -0.1038 0.8886
vn -0.4204 -0.1668 0.8919
vn -0.4045 -0.0234 0.9142
vn -0.3989 -0.0770 0.9137
vn -0.3815 -0.1394 0.9138
vn -0.1841 -0.1668 0.9686
vn -0.2285 -0.1394 0.9635
vn -0.3418 -0.0118 0.9397
vn -0.3414 -0.0583 0.9381
vn -0.3811 -0.2273 0.8962
vn -0.3423 -0.2000 0.9181
vn -0.2974 -0.1707 0.9394
vn -0.2802 -0.1067 0.9540
vn -0.3398 -0.1193 0.9329
vn -0.2837 -0.3967 0.8730
vn -0.2489 -0.3533 0.9018
vn -0.2146 -0.3057 0.9276
vn -0.1789 -0.2506 0.9514
vn -0.3287 -0.3533 0.8759
vn -0.3716 -0.3057 0.8766
vn -0.4138 -0.2507 0.8752
vn -0.0669 -0.0136 0.9977
vn -0.1431 0.0080 0.9897
vn -0.2096 0.0193 0.9776
vn -0.2762 0.0242 0.9608
vn -0.0881 -0.0755 0.9932
vn -0.1134 -0.1320 0.9847
vn -0.1445 -0.1916 0.9708
vn -0.5323 -0.0136 0.8464
vn -0.5126 -0.0755 0.8553
vn -0.4871 -0.1320 0.8633
vn -0.4537 -0.1916 0.8703
vn -0.4660 0.0080 0.8848
vn -0.4051 0.0193 0.9141
vn -0.3413 0.0242 0.9397
vn -0.9471 -0.3209 -0.0000
vn -0.9594 -0.2782 0.0458
vn -0.9699 -0.2270 0.0881
vn -0.9595 -0.2784 -0.0417
vn -0.9697 -0.2445 0.0034
vn -0.9788 -0.1994 0.0470
vn -0.9854 -0.0452 0.1644
vn -0.9945 -0.0234 0.1022
vn -0.9993 -0.0118 0.0347
vn -0.9832 -0.1038 0.1503
vn -0.9923 -0.0770 0.0971
vn -0.9977 -0.0583 0.0348
vn -0.9854 -0.0452 -0.1644
vn -0.9832 -0.1038 -0.1503
vn -0.9781 -0.1668 -0.1242
vn -0.9945 -0.0234 -0.1022
vn -0.9923 -0.0770 -0.0971
vn -0.9870 -0.1394 -0.0804
vn -0.9781 -0.1668 0.1242
vn -0.9870 -0.1394 0.0804
vn -0.9993 -0.0118 -0.0347
vn -0.9977 -0.0583 -0.0348
vn -0.9701 -0.2273 -0.0855
vn -0.9789 -0.2000 -0.0418
vn -0.9853 -0.1707 0.0074
vn -0.9939 -0.1066 0.0283
vn -0.9923 -0.1193 -0.0349
vn -0.9179 -0.3967 -0.0000
vn -0.9346 -0.3533 0.0420
vn -0.9486 -0.3057 0.0826
vn -0.9601 -0.2506 0.1239
vn -0.9346 -0.3533 -0.0420
vn -0.9486 -0.3057 -0.0826
vn -0.9602 -0.2507 -0.1231
vn -0.9695 -0.0136 0.2447
vn -0.9855 0.0080 0.1698
vn -0.9945 0.0193 0.1028
vn -0.9991 0.0242 0.0342
vn -0.9719 -0.0755 0.2232
vn -0.9716 -0.1320 0.1965
vn -0.9679 -0.1916 0.1625
vn -0.9695 -0.0136 -0.2447
vn -0.9719 -0.0755 -0.2232
vn -0.9716 -0.1320 -0.1965
vn -0.9679 -0.1916 -0.1626
vn -0.9855 0.0080 -0.1698
vn -0.9945 0.0193 -0.1028
vn -0.9991 0.0242 -0.0342
vn -0.2927 -0.3209 -0.9008
vn -0.3400 -0.2782 -0.8983
vn -0.3835 -0.2270 -0.8952
vn -0.2569 -0.2784 -0.9255
vn -0.3029 -0.2445 -0.9211
vn -0.3472 -0.1994 -0.9164
vn -0.4609 -0.0452 -0.8863
vn -0.4045 -0.0234 -0.9142
vn -0.3418 -0.0118 -0.9397
vn -0.4467 -0.1038 -0.8886
vn -0.3989 -0.0770 -0.9137
vn -0.3414 -0.0583 -0.9381
vn -0.1481 -0.0452 -0.9879
vn -0.1609 -0.1038 -0.9815
vn -0.1841 -0.1668 -0.9686
vn -0.2101 -0.0234 -0.9774
vn -0.2143 -0.0770 -0.9737
vn -0.2285 -0.1394 -0.9635
vn -0.4204 -0.1668 -0.8919
vn -0.3815 -0.1394 -0.9138
vn -0.2758 -0.0118 -0.9611
vn -0.2752 -0.0583 -0.9596
vn -0.2185 -0.2273 -0.9490
vn -0.2627 -0.2000 -0.9439
vn -0.3115 -0.1707 -0.9348
vn -0.3340 -0.1066 -0.9365
vn -0.2735 -0.1193 -0.9545
vn -0.2837 -0.3967 -0.8730
vn -0.3287 -0.3533 -0.8759
vn -0.3716 -0.3057 -0.8766
vn -0.4145 -0.2506 -0.8749
vn -0.2489 -0.3533 -0.9018
vn -0.2146 -0.3057 -0.9276
vn -0.1797 -0.2507 -0.9512
vn -0.5323 -0.0136 -0.8464
vn -0.4660 0.0080 -0.8848
vn -0.4051 0.0193 -0.9141
vn -0.3413 0.0242 -0.9397
vn -0.5126 -0.0755 -0.8553
vn -0.4871 -0.1320 -0.8633
vn -0.4537 -0.1916 -0.8703
vn -0.0669 -0.0136 -0.9977
vn -0.0881 -0.0755 -0.9932
vn -0.1134 -0.1320 -0.9847
vn -0.1445 -0.1916 -0.9708
vn -0.1431 0.0080 -0.9897
vn -0.2096 0.0193 -0.9776
vn -0.2762 0.0242 -0.9608
vn 0.7662 -0.3209 -0.5567
vn 0.7493 -0.2782 -0.6010
vn 0.7329 -0.2270 -0.6414
vn 0.8008 -0.2784 -0.5303
vn 0.7825 -0.2445 -0.5727
vn 0.7642 -0.1994 -0.6134
vn 0.7005 -0.0452 -0.7122
vn 0.7445 -0.0234 -0.6672
vn 0.7881 -0.0118 -0.6155
vn 0.7071 -0.1038 -0.6995
vn 0.7457 -0.0770 -0.6618
vn 0.7867 -0.0583 -0.6146
vn 0.8938 -0.0452 -0.4461
vn 0.8837 -0.1038 -0.4563
vn 0.8643 -0.1668 -0.4745
vn 0.8646 -0.0234 -0.5019
vn 0.8598 -0.0770 -0.5047
vn 0.8457 -0.1394 -0.5150
vn 0.7183 -0.1668 -0.6754
vn 0.7512 -0.1394 -0.6452
vn 0.8289 -0.0118 -0.5593
vn 0.8276 -0.0583 -0.5583
vn 0.8350 -0.2273 -0.5010
vn 0.8165 -0.2000 -0.5416
vn 0.7928 -0.1707 -0.5851
vn 0.7874 -0.1066 -0.6071
vn 0.8232 -0.1193 -0.5550
vn 0.7426 -0.3967 -0.5395
vn 0.7314 -0.3533 -0.5833
vn 0.7189 -0.3057 -0.6243
vn 0.7040 -0.2506 -0.6646
vn 0.7808 -0.3533 -0.5154
vn 0.8159 -0.3056 -0.4908
vn 0.8492 -0.2507 -0.4648
vn 0.6405 -0.0136 -0.7678
vn 0.6975 0.0080 -0.7166
vn 0.7442 0.0193 -0.6677
vn 0.7882 0.0242 -0.6149
vn 0.6551 -0.0755 -0.7518
vn 0.6705 -0.1320 -0.7300
vn 0.6875 -0.1916 -0.7004
vn 0.9282 -0.0136 -0.3719
vn 0.9174 -0.0755 -0.3907
vn 0.9015 -0.1320 -0.4121
vn 0.8786 -0.1916 -0.4374
vn 0.8970 0.0080 -0.4419
vn 0.8650 0.0193 -0.5014
vn 0.8284 0.0242 -0.5596
vn 0.3349 0.5418 0.7709
vn 0.3911 0.5458 0.7411
vn 0.4460 0.5540 0.7030
vn 0.3167 0.5917 0.7413
vn 0.3690 0.5905 0.7177
vn 0.4226 0.5944 0.6842
vn 0.5680 0.6063 0.5565
vn 0.5252 0.6554 0.5428
vn 0.4732 0.6996 0.5354
vn 0.5388 0.5860 0.6052
vn 0.5051 0.6326 0.5871
vn 0.4596 0.6776 0.5741
vn 0.2883 0.7792 0.5565
vn 0.2832 0.7440 0.6052
vn 0.2857 0.6985 0.6561
vn 0.3513 0.7629 0.5428
vn 0.3399 0.7347 0.5871
vn 0.3344 0.6941 0.6375
vn 0.4970 0.5679 0.6561
vn 0.4713 0.6095 0.6375
vn 0.4141 0.7361 0.5354
vn 0.4005 0.7142 0.5741
vn 0.2983 0.6452 0.7034
vn 0.3469 0.6409 0.6848
vn 0.3998 0.6327 0.6632
vn 0.4391 0.6566 0.6132
vn 0.3811 0.6830 0.6231
vn 0.3009 0.4868 0.8201
vn 0.3560 0.4962 0.7919
vn 0.4100 0.5063 0.7587
vn 0.4655 0.5176 0.7179
vn 0.2846 0.5403 0.7919
vn 0.2695 0.5931 0.7587
vn 0.2554 0.6474 0.7181
vn 0.6380 0.5668 0.5213
vn 0.5873 0.6274 0.5113
vn 0.5375 0.6742 0.5064
vn 0.4826 0.7158 0.5047
vn 0.6036 0.5522 0.5752
vn 0.5652 0.5407 0.6231
vn 0.5182 0.5292 0.6719
vn 0.2217 0.8241 0.5213
vn 0.2239 0.7868 0.5752
vn 0.2309 0.7473 0.6231
vn 0.2416 0.7002 0.6719
vn 0.2985 0.8059 0.5113
vn 0.3627 0.7823 0.5064
vn 0.4244 0.7518 0.5046
vn -0.6297 0.5418 0.5567
vn -0.5839 0.5458 0.6010
vn -0.5308 0.5540 0.6414
vn -0.6072 0.5917 0.5303
vn -0.5686 0.5905 0.5727
vn -0.5201 0.5944 0.6134
vn -0.3537 0.6063 0.7122
vn -0.3539 0.6554 0.6672
vn -0.3630 0.6996 0.6155
vn -0.4090 0.5860 0.6995
vn -0.4023 0.6326 0.6618
vn -0.4040 0.6776 0.6146
vn -0.4402 0.7792 0.4461
vn -0.4880 0.7440 0.4563
vn -0.5357 0.6985 0.4745
vn -0.4076 0.7629 0.5019
vn -0.4534 0.7347 0.5047
vn -0.5029 0.6941 0.5150
vn -0.4704 0.5679 0.6754
vn -0.4606 0.6095 0.6452
vn -0.3812 0.7361 0.5593
vn -0.4222 0.7142 0.5583
vn -0.5768 0.6452 0.5010
vn -0.5441 0.6409 0.5416
vn -0.5072 0.6327 0.5851
vn -0.4476 0.6566 0.6071
vn -0.4748 0.6830 0.5550
vn -0.6870 0.4868 0.5395
vn -0.6431 0.4962 0.5833
vn -0.5949 0.5063 0.6243
vn -0.5390 0.5176 0.6646
vn -0.6652 0.5403 0.5154
vn -0.6383 0.5931 0.4907
vn -0.6040 0.6474 0.4648
vn -0.2986 0.5668 0.7678
vn -0.3047 0.6274 0.7166
vn -0.3155 0.6742 0.6677
vn -0.3308 0.7158 0.6149
vn -0.3605 0.5522 0.7518
vn -0.4180 0.5407 0.7300
vn -0.4788 0.5292 0.7004
vn -0.4273 0.8241 0.3719
vn -0.4778 0.7868 0.3907
vn -0.5213 0.7473 0.4121
vn -0.5643 0.7002 0.4374
vn -0.3940 0.8059 0.4419
vn -0.3696 0.7823 0.5014
vn -0.3488 0.7518 0.5596
vn -0.7240 0.5418 -0.4268
vn -0.7520 0.5458 -0.3696
vn -0.7740 0.5540 -0.3066
vn -0.6920 0.5917 -0.4136
vn -0.7204 0.5905 -0.3638
vn -0.7441 0.5944 -0.3051
vn -0.7866 0.6063 -0.1163
vn -0.7439 0.6554 -0.1304
vn -0.6975 0.6996 -0.1550
vn -0.7916 0.5860 -0.1729
vn -0.7537 0.6326 -0.1781
vn -0.7093 0.6776 -0.1943
vn -0.5603 0.7792 -0.2807
vn -0.5848 0.7440 -0.3231
vn -0.6168 0.6985 -0.3629
vn -0.6033 0.7629 -0.2326
vn -0.6201 0.7347 -0.2752
vn -0.6453 0.6941 -0.3192
vn -0.7877 0.5679 -0.2387
vn -0.7560 0.6095 -0.2387
vn -0.6497 0.7361 -0.1897
vn -0.6615 0.7142 -0.2291
vn -0.6547 0.6452 -0.3937
vn -0.6832 0.6409 -0.3501
vn -0.7132 0.6327 -0.3016
vn -0.7157 0.6566 -0.2380
vn -0.6746 0.6830 -0.2801
vn -0.7254 0.4868 -0.4866
vn -0.7535 0.4962 -0.4314
vn -0.7776 0.5063 -0.3728
vn -0.7986 0.5176 -0.3072
vn -0.6957 0.5403 -0.4733
vn -0.6640 0.5931 -0.4554
vn -0.6287 0.6474 -0.4308
vn -0.8225 0.5668 -0.0467
vn -0.7757 0.6274 -0.0684
vn -0.7325 0.6742 -0.0937
vn -0.6871 0.7158 -0.1246
vn -0.8264 0.5522 -0.1105
vn -0.8235 0.5407 -0.1719
vn -0.8141 0.5292 -0.2390
vn -0.4857 0.8241 -0.2914
vn -0.5192 0.7868 -0.3337
vn -0.5530 0.7473 -0.3684
vn -0.5904 0.7002 -0.4015
vn -0.5420 0.8059 -0.2382
vn -0.5911 0.7823 -0.1965
vn -0.6400 0.7518 -0.1588
vn 0.1822 0.5418 -0.8205
vn 0.1192 0.5458 -0.8294
vn 0.0524 0.5540 -0.8309
vn 0.1795 0.5917 -0.7859
vn 0.1234 0.5905 -0.7975
vn 0.0602 0.5944 -0.8019
vn -0.1325 0.6063 -0.7841
vn -0.1059 0.6554 -0.7478
vn -0.0681 0.6996 -0.7113
vn -0.0802 0.5860 -0.8063
vn -0.0635 0.6326 -0.7719
vn -0.0344 0.6776 -0.7346
vn 0.0939 0.7792 -0.6197
vn 0.1266 0.7440 -0.6560
vn 0.1545 0.6985 -0.6987
vn 0.0348 0.7629 -0.6456
vn 0.0701 0.7347 -0.6748
vn 0.1041 0.6941 -0.7123
vn -0.0164 0.5679 -0.8229
vn -0.0066 0.6095 -0.7927
vn -0.0203 0.7361 -0.6766
vn 0.0134 0.7142 -0.6999
vn 0.1721 0.6452 -0.7444
vn 0.1218 0.6409 -0.7579
vn 0.0664 0.6327 -0.7715
vn 0.0052 0.6566 -0.7542
vn 0.0579 0.6830 -0.7281
vn 0.2386 0.4868 -0.8403
vn 0.1774 0.4962 -0.8499
vn 0.1143 0.5063 -0.8548
vn 0.0454 0.5176 -0.8544
vn 0.2352 0.5403 -0.8079
vn 0.2279 0.5931 -0.7722
vn 0.2154 0.6474 -0.7311
vn -0.2097 0.5668 -0.7967
vn -0.1747 0.6274 -0.7588
vn -0.1372 0.6742 -0.7256
vn -0.0938 0.7158 -0.6919
vn -0.1502 0.5522 -0.8201
vn -0.0910 0.5407 -0.8363
vn -0.0243 0.5292 -0.8481
vn 0.1271 0.8241 -0.5520
vn 0.1569 0.7868 -0.5969
vn 0.1795 0.7473 -0.6398
vn 0.1994 0.7002 -0.6856
vn 0.0590 0.8059 -0.5891
vn 0.0043 0.7823 -0.6229
vn -0.0467 0.7518 -0.6577
vn 0.8367 0.5418 -0.0803
vn 0.8256 0.5458 -0.1430
vn 0.8064 0.5540 -0.2069
vn 0.8029 0.5917 -0.0721
vn 0.7966 0.5905 -0.1291
vn 0.7813 0.5944 -0.1905
vn 0.7048 0.6063 -0.3683
vn 0.6785 0.6554 -0.3318
vn 0.6554 0.6996 -0.2846
vn 0.7421 0.5860 -0.3255
vn 0.7145 0.6326 -0.2989
vn 0.6880 0.6776 -0.2597
vn 0.6183 0.7792 -0.1022
vn 0.6631 0.7440 -0.0823
vn 0.7123 0.6985 -0.0690
vn 0.6248 0.7629 -0.1664
vn 0.6634 0.7346 -0.1419
vn 0.7096 0.6941 -0.1211
vn 0.7776 0.5679 -0.2699
vn 0.7519 0.6095 -0.2512
vn 0.6372 0.7361 -0.2284
vn 0.6698 0.7142 -0.2035
vn 0.7611 0.6452 -0.0663
vn 0.7585 0.6409 -0.1183
vn 0.7543 0.6327 -0.1753
vn 0.7189 0.6566 -0.2281
vn 0.7104 0.6830 -0.1699
vn 0.8729 0.4868 -0.0327
vn 0.8631 0.4962 -0.0939
vn 0.8482 0.5063 -0.1555
vn 0.8266 0.5176 -0.2209
vn 0.8410 0.5403 -0.0260
vn 0.8048 0.5931 -0.0219
vn 0.7619 0.6474 -0.0210
vn 0.6929 0.5668 -0.4456
vn 0.6677 0.6274 -0.4006
vn 0.6477 0.6742 -0.3547
vn 0.6291 0.7158 -0.3030
vn 0.7335 0.5522 -0.3963
vn 0.7672 0.5407 -0.3450
vn 0.7991 0.5292 -0.2852
vn 0.5643 0.8241 -0.0497
vn 0.6162 0.7868 -0.0352
vn 0.6639 0.7473 -0.0270
vn 0.7136 0.7002 -0.0222
vn 0.5785 0.8059 -0.1259
vn 0.5937 0.7823 -0.1884
vn 0.6111 0.7518 -0.2477
vn 0.4205 0.9015 -0.1022
vn 0.4029 0.9000 -0.1664
vn 0.3734 0.8991 -0.2284
vn 0.3690 0.9258 -0.0823
vn 0.3604 0.9220 -0.1419
vn 0.3392 0.9184 -0.2035
vn 0.2271 0.9015 -0.3683
vn 0.1923 0.9258 -0.3255
vn 0.1602 0.9495 -0.2699
vn 0.2828 0.9000 -0.3318
vn 0.2463 0.9220 -0.2989
vn 0.2089 0.9451 -0.2512
vn 0.1105 0.9906 -0.0803
vn 0.1727 0.9826 -0.0689
vn 0.2385 0.9690 -0.0643
vn 0.1212 0.9828 -0.1395
vn 0.1759 0.9766 -0.1236
vn 0.2375 0.9646 -0.1144
vn 0.3326 0.8991 -0.2846
vn 0.2984 0.9184 -0.2597
vn 0.1362 0.9693 -0.2046
vn 0.1848 0.9650 -0.1860
vn 0.3062 0.9495 -0.0690
vn 0.3035 0.9451 -0.1211
vn 0.2991 0.9367 -0.1823
vn 0.2522 0.9408 -0.2263
vn 0.2373 0.9576 -0.1632
vn 0.4847 0.8732 -0.0497
vn 0.4621 0.8778 -0.1259
vn 0.4342 0.8809 -0.1884
vn 0.3991 0.8828 -0.2477
vn 0.4282 0.9030 -0.0352
vn 0.3715 0.9280 -0.0270
vn 0.3071 0.9514 -0.0222
vn 0.1971 0.8732 -0.4456
vn 0.1658 0.9030 -0.3963
vn 0.1405 0.9280 -0.3450
vn 0.1160 0.9514 -0.2852
vn 0.2626 0.8778 -0.4006
vn 0.3134 0.8809 -0.3547
vn 0.3589 0.8828 -0.3030
vn 0.0450 0.9984 -0.0327
vn 0.1072 0.9939 -0.0260
vn 0.1706 0.9851 -0.0219
vn 0.2389 0.9708 -0.0205
vn 0.0578 0.9939 -0.0939
vn 0.0735 0.9851 -0.1554
vn 0.0937 0.9710 -0.2202
vn 0.5155 0.8341 -0.1965
vn 0.5412 0.8072 -0.2357
vn 0.5651 0.7756 -0.2811
vn 0.4799 0.8451 -0.2357
vn 0.5071 0.8206 -0.2636
vn 0.5342 0.7900 -0.3009
vn 0.5912 0.6827 -0.4295
vn 0.5469 0.7111 -0.4419
vn 0.5893 0.7111 -0.3836
vn 0.5517 0.7314 -0.4008
vn 0.5048 0.7569 -0.4151
vn 0.3462 0.8341 -0.4295
vn 0.3725 0.8451 -0.3836
vn 0.4036 0.8523 -0.3325
vn 0.3914 0.8072 -0.4419
vn 0.4075 0.8206 -0.4008
vn 0.4307 0.8311 -0.3518
vn 0.5818 0.7422 -0.3325
vn 0.5507 0.7569 -0.3518
vn 0.4512 0.7900 -0.4151
vn 0.4410 0.8523 -0.2811
vn 0.4677 0.8311 -0.3009
vn 0.5024 0.8011 -0.3254
vn 0.5086 0.7739 -0.3773
vn 0.4615 0.8076 -0.3672
vn 0.5225 0.8455 -0.1100
vn 0.5467 0.8216 -0.1616
vn 0.5688 0.7947 -0.2121
vn 0.5897 0.7632 -0.2642
vn 0.4903 0.8564 -0.1616
vn 0.4564 0.8641 -0.2121
vn 0.4189 0.8688 -0.2642
vn 0.6372 0.6161 -0.4630
vn 0.5905 0.6560 -0.4700
vn 0.5420 0.6930 -0.4754
vn 0.4887 0.7290 -0.4792
vn 0.6295 0.6560 -0.4164
vn 0.6196 0.6930 -0.3685
vn 0.6068 0.7290 -0.3168
vn 0.2661 0.8455 -0.4630
vn 0.3053 0.8564 -0.4164
vn 0.3427 0.8641 -0.3685
vn 0.3807 0.8688 -0.3168
vn 0.3227 0.8216 -0.4700
vn 0.3774 0.7947 -0.4754
vn 0.4335 0.7632 -0.4792
vn 0.5680 0.6063 -0.5565
vn 0.5388 0.5860 -0.6052
vn 0.4970 0.5679 -0.6561
vn 0.5252 0.6554 -0.5428
vn 0.5051 0.6326 -0.5871
vn 0.4713 0.6095 -0.6375
vn 0.3349 0.5418 -0.7709
vn 0.3132 0.5939 -0.7411
vn 0.2960 0.6467 -0.7030
vn 0.3876 0.5479 -0.7413
vn 0.3632 0.5941 -0.7177
vn 0.3426 0.6438 -0.6842
vn 0.2883 0.7792 -0.5565
vn 0.3513 0.7629 -0.5428
vn 0.4141 0.7361 -0.5354
vn 0.2832 0.7440 -0.6052
vn 0.3399 0.7347 -0.5871
vn 0.4005 0.7142 -0.5741
vn 0.4437 0.5553 -0.7034
vn 0.4180 0.5969 -0.6848
vn 0.2857 0.6985 -0.6561
vn 0.3344 0.6941 -0.6375
vn 0.4732 0.6996 -0.5354
vn 0.4596 0.6776 -0.5741
vn 0.4404 0.6463 -0.6231
vn 0.3871 0.6405 -0.6632
vn 0.3909 0.6864 -0.6132
vn 0.6380 0.5668 -0.5213
vn 0.6036 0.5522 -0.5752
vn 0.5652 0.5407 -0.6231
vn 0.5182 0.5293 -0.6719
vn 0.5873 0.6274 -0.5113
vn 0.5375 0.6742 -0.5064
vn 0.4826 0.7158 -0.5046
vn 0.3009 0.4868 -0.8201
vn 0.2846 0.5403 -0.7919
vn 0.2695 0.5931 -0.7587
vn 0.2548 0.6478 -0.7179
vn 0.3560 0.4962 -0.7919
vn 0.4100 0.5063 -0.7587
vn 0.4648 0.5180 -0.7181
vn 0.2217 0.8241 -0.5213
vn 0.2985 0.8059 -0.5113
vn 0.3627 0.7823 -0.5064
vn 0.4244 0.7518 -0.5046
vn 0.2239 0.7868 -0.5752
vn 0.2309 0.7473 -0.6231
vn 0.2416 0.7002 -0.6719
vn 0.0327 0.9015 -0.4315
vn -0.0338 0.9000 -0.4346
vn -0.1018 0.8991 -0.4257
vn 0.0357 0.9258 -0.3763
vn -0.0236 0.9220 -0.3866
vn -0.0887 0.9184 -0.3855
vn -0.2801 0.9015 -0.3298
vn -0.2501 0.9258 -0.2835
vn -0.2072 0.9495 -0.2358
vn -0.2281 0.9000 -0.3715
vn -0.2082 0.9220 -0.3266
vn -0.1744 0.9451 -0.2763
vn -0.0422 0.9906 -0.1299
vn -0.0122 0.9826 -0.1856
vn 0.0125 0.9690 -0.2467
vn -0.0953 0.9828 -0.1584
vn -0.0632 0.9766 -0.2055
vn -0.0354 0.9646 -0.2612
vn -0.1679 0.8991 -0.4043
vn -0.1548 0.9184 -0.3640
vn -0.1525 0.9693 -0.1928
vn -0.1197 0.9650 -0.2333
vn 0.0290 0.9495 -0.3125
vn -0.0214 0.9451 -0.3260
vn -0.0810 0.9367 -0.3407
vn -0.1373 0.9408 -0.3098
vn -0.0819 0.9576 -0.2761
vn 0.1025 0.8732 -0.4764
vn 0.0231 0.8778 -0.4784
vn -0.0450 0.8809 -0.4712
vn -0.1123 0.8828 -0.4561
vn 0.0988 0.9030 -0.4181
vn 0.0891 0.9280 -0.3617
vn 0.0738 0.9514 -0.2989
vn -0.3629 0.8732 -0.3252
vn -0.3257 0.9030 -0.2802
vn -0.2847 0.9280 -0.2402
vn -0.2354 0.9514 -0.1985
vn -0.2999 0.8778 -0.3735
vn -0.2405 0.8809 -0.4077
vn -0.1773 0.8828 -0.4350
vn -0.0172 0.9984 -0.0529
vn 0.0084 0.9939 -0.1099
vn 0.0319 0.9851 -0.1690
vn 0.0544 0.9708 -0.2335
vn -0.0714 0.9939 -0.0840
vn -0.1251 0.9851 -0.1179
vn -0.1805 0.9710 -0.1571
vn -0.0276 0.8341 -0.5510
vn -0.0569 0.8072 -0.5876
vn -0.0759 0.8451 -0.5293
vn -0.0940 0.8206 -0.5638
vn -0.1211 0.7900 -0.6010
vn -0.2258 0.6827 -0.6950
vn -0.2513 0.7111 -0.6567
vn -0.2753 0.7422 -0.6110
vn -0.1827 0.7111 -0.6790
vn -0.2107 0.7314 -0.6486
vn -0.2388 0.7569 -0.6084
vn -0.3015 0.8341 -0.4620
vn -0.2497 0.8451 -0.4728
vn -0.1915 0.8523 -0.4866
vn -0.2993 0.8072 -0.5088
vn -0.2553 0.8206 -0.5114
vn -0.2015 0.8311 -0.5183
vn -0.1365 0.7422 -0.6561
vn -0.1644 0.7569 -0.6325
vn -0.2553 0.7900 -0.5574
vn -0.1311 0.8523 -0.5063
vn -0.1416 0.8311 -0.5378
vn -0.1542 0.8011 -0.5784
vn -0.2016 0.7739 -0.6003
vn -0.2066 0.8076 -0.5523
vn 0.0569 0.8455 -0.5310
vn 0.0152 0.8216 -0.5699
vn -0.0259 0.7947 -0.6065
vn -0.0690 0.7632 -0.6425
vn -0.0022 0.8564 -0.5163
vn -0.0606 0.8641 -0.4996
vn -0.1218 0.8688 -0.4800
vn -0.2434 0.6161 -0.7491
vn -0.2645 0.6560 -0.7069
vn -0.2847 0.6930 -0.6624
vn -0.3047 0.7290 -0.6129
vn -0.2015 0.6560 -0.7273
vn -0.1590 0.6930 -0.7032
vn -0.1138 0.7290 -0.6750
vn -0.3581 0.8455 -0.3961
vn -0.3017 0.8564 -0.4190
vn -0.2446 0.8641 -0.4398
vn -0.1836 0.8688 -0.4600
vn -0.3473 0.8216 -0.4521
vn -0.3355 0.7947 -0.5059
vn -0.3218 0.7632 -0.5604
vn -0.3537 0.6063 -0.7122
vn -0.4090 0.5860 -0.6995
vn -0.4704 0.5679 -0.6754
vn -0.3539 0.6554 -0.6672
vn -0.4023 0.6326 -0.6618
vn -0.4606 0.6095 -0.6452
vn -0.6297 0.5418 -0.5567
vn -0.6080 0.5939 -0.5269
vn -0.5771 0.6467 -0.4988
vn -0.5853 0.5479 -0.5977
vn -0.5704 0.5941 -0.5672
vn -0.5448 0.6438 -0.5373
vn -0.4402 0.7792 -0.4461
vn -0.4076 0.7629 -0.5019
vn -0.3812 0.7361 -0.5593
vn -0.4880 0.7440 -0.4563
vn -0.4534 0.7347 -0.5047
vn -0.4222 0.7142 -0.5583
vn -0.5318 0.5553 -0.6393
vn -0.5221 0.5969 -0.6092
vn -0.5357 0.6985 -0.4745
vn -0.5029 0.6941 -0.5150
vn -0.3630 0.6996 -0.6155
vn -0.4040 0.6776 -0.6146
vn -0.4565 0.6463 -0.6114
vn -0.5111 0.6405 -0.5731
vn -0.4624 0.6864 -0.5613
vn -0.2986 0.5668 -0.7678
vn -0.3605 0.5522 -0.7518
vn -0.4180 0.5407 -0.7300
vn -0.4788 0.5292 -0.7004
vn -0.3047 0.6274 -0.7166
vn -0.3155 0.6742 -0.6677
vn -0.3308 0.7158 -0.6149
vn -0.6870 0.4868 -0.5395
vn -0.6652 0.5403 -0.5154
vn -0.6383 0.5931 -0.4907
vn -0.6041 0.6478 -0.4642
vn -0.6431 0.4962 -0.5833
vn -0.5949 0.5063 -0.6243
vn -0.5393 0.5180 -0.6640
vn -0.4273 0.8241 -0.3719
vn -0.3940 0.8059 -0.4419
vn -0.3696 0.7823 -0.5014
vn -0.3488 0.7518 -0.5596
vn -0.4778 0.7868 -0.3907
vn -0.5213 0.7473 -0.4121
vn -0.5643 0.7002 -0.4374
vn -0.4002 0.9015 -0.1644
vn -0.4238 0.9000 -0.1022
vn -0.4364 0.8991 -0.0347
vn -0.3469 0.9258 -0.1503
vn -0.3749 0.9220 -0.0971
vn -0.3940 0.9184 -0.0348
vn -0.4002 0.9015 0.1644
vn -0.3469 0.9258 0.1503
vn -0.2882 0.9495 0.1242
vn -0.4238 0.9000 0.1022
vn -0.3749 0.9220 0.0971
vn -0.3167 0.9451 0.0804
vn -0.1365 0.9906 -0.0000
vn -0.1802 0.9826 -0.0458
vn -0.2307 0.9690 -0.0881
vn -0.1801 0.9828 0.0417
vn -0.2150 0.9766 -0.0034
vn -0.2594 0.9646 -0.0470
vn -0.4364 0.8991 0.0347
vn -0.3940 0.9184 0.0348
vn -0.2305 0.9693 0.0855
vn -0.2589 0.9650 0.0418
vn -0.2882 0.9495 -0.1242
vn -0.3167 0.9451 -0.0804
vn -0.3491 0.9367 -0.0283
vn -0.3371 0.9408 0.0348
vn -0.2879 0.9576 -0.0074
vn -0.4214 0.8732 -0.2447
vn -0.4479 0.8778 -0.1698
vn -0.4620 0.8809 -0.1028
vn -0.4685 0.8828 -0.0342
vn -0.3671 0.9030 -0.2232
vn -0.3164 0.9280 -0.1965
vn -0.2615 0.9514 -0.1625
vn -0.4214 0.8732 0.2447
vn -0.3671 0.9030 0.2232
vn -0.3164 0.9280 0.1965
vn -0.2615 0.9514 0.1625
vn -0.4479 0.8778 0.1698
vn -0.4620 0.8809 0.1028
vn -0.4685 0.8828 0.0342
vn -0.0557 0.9984 -0.0000
vn -0.1020 0.9939 -0.0420
vn -0.1508 0.9851 -0.0826
vn -0.2053 0.9708 -0.1239
vn -0.1020 0.9939 0.0420
vn -0.1508 0.9851 0.0826
vn -0.2052 0.9710 0.1231
vn -0.5325 0.8341 -0.1440
vn -0.5764 0.8072 -0.1274
vn -0.6224 0.7756 -0.1047
vn -0.5268 0.8451 -0.0914
vn -0.5652 0.8206 -0.0848
vn -0.6090 0.7900 -0.0706
vn -0.7307 0.6827 -0.0000
vn -0.7022 0.7111 0.0360
vn -0.7022 0.7111 -0.0360
vn -0.6819 0.7314 -0.0000
vn -0.6524 0.7569 0.0391
vn -0.5325 0.8341 0.1440
vn -0.5268 0.8451 0.0914
vn -0.5220 0.8523 0.0318
vn -0.5764 0.8072 0.1274
vn -0.5652 0.8206 0.0848
vn -0.5552 0.8311 0.0315
vn -0.6524 0.7569 -0.0391
vn -0.6225 0.7756 0.1047
vn -0.6090 0.7900 0.0706
vn -0.5220 0.8523 -0.0318
vn -0.5552 0.8311 -0.0315
vn -0.5977 0.8011 -0.0320
vn -0.6333 0.7739 0.0062
vn -0.5891 0.8076 0.0258
vn -0.4874 0.8455 -0.2181
vn -0.5373 0.8216 -0.1906
vn -0.5848 0.7947 -0.1628
vn -0.6324 0.7632 -0.1329
vn -0.4917 0.8564 -0.1574
vn -0.4939 0.8641 -0.0967
vn -0.4942 0.8687 -0.0325
vn -0.7877 0.6161 -0.0000
vn -0.7540 0.6560 0.0331
vn -0.7179 0.6930 0.0661
vn -0.6771 0.7290 0.1004
vn -0.7540 0.6560 -0.0331
vn -0.7179 0.6930 -0.0661
vn -0.6771 0.7290 -0.1004
vn -0.4874 0.8455 0.2181
vn -0.4917 0.8564 0.1574
vn -0.4939 0.8641 0.0967
vn -0.4942 0.8688 0.0325
vn -0.5373 0.8216 0.1906
vn -0.5848 0.7947 0.1628
vn -0.6324 0.7632 0.1329
vn -0.7866 0.6063 0.1163
vn -0.7916 0.5860 0.1729
vn -0.7877 0.5679 0.2387
vn -0.7439 0.6554 0.1304
vn -0.7537 0.6326 0.1781
vn -0.7560 0.6095 0.2387
vn -0.7240 0.5418 0.4268
vn -0.6890 0.5939 0.4154
vn -0.6527 0.6467 0.3947
vn -0.7493 0.5479 0.3719
vn -0.7157 0.5941 0.3672
vn -0.6793 0.6438 0.3521
vn -0.5603 0.7792 0.2807
vn -0.6033 0.7629 0.2326
vn -0.6497 0.7361 0.1897
vn -0.5848 0.7440 0.3231
vn -0.6201 0.7347 0.2752
vn -0.6615 0.7142 0.2291
vn -0.7724 0.5553 0.3082
vn -0.7407 0.5969 0.3083
vn -0.6168 0.6985 0.3629
vn -0.6453 0.6941 0.3192
vn -0.6975 0.6996 0.1550
vn -0.7093 0.6776 0.1943
vn -0.7226 0.6463 0.2452
vn -0.7030 0.6405 0.3090
vn -0.6767 0.6864 0.2663
vn -0.8225 0.5668 0.0468
vn -0.8264 0.5522 0.1105
vn -0.8235 0.5407 0.1719
vn -0.8141 0.5292 0.2390
vn -0.7757 0.6274 0.0684
vn -0.7325 0.6742 0.0937
vn -0.6871 0.7158 0.1246
vn -0.7254 0.4868 0.4866
vn -0.6957 0.5403 0.4733
vn -0.6640 0.5931 0.4554
vn -0.6281 0.6478 0.4311
vn -0.7535 0.4962 0.4314
vn -0.7776 0.5063 0.3728
vn -0.7981 0.5180 0.3077
vn -0.4857 0.8241 0.2914
vn -0.5420 0.8059 0.2382
vn -0.5911 0.7823 0.1965
vn -0.6400 0.7518 0.1588
vn -0.5192 0.7868 0.3337
vn -0.5530 0.7473 0.3684
vn -0.5904 0.7002 0.4015
vn -0.2801 0.9015 0.3298
vn -0.2281 0.9000 0.3715
vn -0.1679 0.8991 0.4043
vn -0.2501 0.9258 0.2835
vn -0.2082 0.9220 0.3266
vn -0.1548 0.9184 0.3640
vn 0.0327 0.9015 0.4315
vn 0.0357 0.9258 0.3763
vn 0.0290 0.9495 0.3125
vn -0.0338 0.9000 0.4346
vn -0.0236 0.9220 0.3866
vn -0.0214 0.9451 0.3260
vn -0.0422 0.9906 0.1299
vn -0.0992 0.9826 0.1573
vn -0.1551 0.9690 0.1922
vn -0.0160 0.9828 0.1841
vn -0.0697 0.9766 0.2034
vn -0.1249 0.9646 0.2322
vn -0.1018 0.8991 0.4257
vn -0.0887 0.9184 0.3855
vn 0.0101 0.9693 0.2456
vn -0.0402 0.9650 0.2591
vn -0.2072 0.9495 0.2358
vn -0.1744 0.9451 0.2763
vn -0.1348 0.9367 0.3233
vn -0.0710 0.9408 0.3313
vn -0.0960 0.9576 0.2716
vn -0.3629 0.8732 0.3252
vn -0.2999 0.8778 0.3735
vn -0.2405 0.8809 0.4077
vn -0.1773 0.8828 0.4350
vn -0.3257 0.9030 0.2802
vn -0.2847 0.9280 0.2402
vn -0.2354 0.9514 0.1985
vn 0.1025 0.8732 0.4764
vn 0.0988 0.9030 0.4181
vn 0.0891 0.9280 0.3617
vn 0.0738 0.9514 0.2989
vn 0.0231 0.8778 0.4784
vn -0.0450 0.8809 0.4712
vn -0.1123 0.8828 0.4561
vn -0.0172 0.9984 0.0529
vn -0.0714 0.9939 0.0840
vn -0.1251 0.9851 0.1179
vn -0.1812 0.9708 0.1569
vn 0.0084 0.9939 0.1099
vn 0.0319 0.9851 0.1690
vn 0.0537 0.9710 0.2332
vn -0.3015 0.8341 0.4620
vn -0.2993 0.8072 0.5088
vn -0.2497 0.8451 0.4728
vn -0.2553 0.8206 0.5114
vn -0.2553 0.7900 0.5574
vn -0.2258 0.6827 0.6950
vn -0.1827 0.7111 0.6790
vn -0.1365 0.7422 0.6561
vn -0.2513 0.7111 0.6567
vn -0.2107 0.7314 0.6486
vn -0.1644 0.7569 0.6325
vn -0.0276 0.8341 0.5510
vn -0.0759 0.8451 0.5293
vn -0.1311 0.8523 0.5063
vn -0.0569 0.8072 0.5876
vn -0.0940 0.8206 0.5638
vn -0.1416 0.8311 0.5378
vn -0.2753 0.7422 0.6110
vn -0.2388 0.7569 0.6084
vn -0.1211 0.7900 0.6010
vn -0.1915 0.8523 0.4866
vn -0.2015 0.8311 0.5183
vn -0.2152 0.8011 0.5586
vn -0.1898 0.7739 0.6042
vn -0.1575 0.8076 0.5683
vn -0.3581 0.8455 0.3961
vn -0.3473 0.8216 0.4521
vn -0.3355 0.7947 0.5059
vn -0.3218 0.7632 0.5604
vn -0.3017 0.8564 0.4190
vn -0.2446 0.8641 0.4398
vn -0.1836 0.8688 0.4600
vn -0.2434 0.6161 0.7491
vn -0.2015 0.6560 0.7273
vn -0.1590 0.6930 0.7032
vn -0.1137 0.7290 0.6750
vn -0.2645 0.6560 0.7069
vn -0.2847 0.6930 0.6624
vn -0.3047 0.7290 0.6129
vn 0.0569 0.8455 0.5310
vn -0.0022 0.8564 0.5163
vn -0.0606 0.8641 0.4996
vn -0.1218 0.8688 0.4800
vn 0.0152 0.8216 0.5699
vn -0.0259 0.7947 0.6065
vn -0.0690 0.7632 0.6425
vn -0.1325 0.6064 0.7841
vn -0.0802 0.5860 0.8063
vn -0.0164 0.5679 0.8229
vn -0.1059 0.6554 0.7478
vn -0.0635 0.6326 0.7719
vn -0.0066 0.6095 0.7927
vn 0.1822 0.5418 0.8205
vn 0.1822 0.5939 0.7836
vn 0.1737 0.6467 0.7427
vn 0.1222 0.5479 0.8276
vn 0.1280 0.5941 0.7941
vn 0.1250 0.6438 0.7549
vn 0.0938 0.7792 0.6197
vn 0.0348 0.7629 0.6456
vn -0.0203 0.7361 0.6766
vn 0.1266 0.7440 0.6560
vn 0.0701 0.7347 0.6748
vn 0.0134 0.7142 0.6999
vn 0.0545 0.5553 0.8298
vn 0.0643 0.5969 0.7997
vn 0.1545 0.6985 0.6987
vn 0.1042 0.6941 0.7123
vn -0.0681 0.6996 0.7113
vn -0.0344 0.6776 0.7346
vn 0.0099 0.6463 0.7630
vn 0.0766 0.6405 0.7641
vn 0.0442 0.6864 0.7259
vn -0.2097 0.5668 0.7967
vn -0.1502 0.5522 0.8201
vn -0.0910 0.5407 0.8363
vn -0.0243 0.5292 0.8481
vn -0.1747 0.6274 0.7588
vn -0.1372 0.6742 0.7256
vn -0.0938 0.7158 0.6919
vn 0.2386 0.4868 0.8403
vn 0.2352 0.5403 0.8079
vn 0.2279 0.5931 0.7722
vn 0.2159 0.6478 0.7306
vn 0.1774 0.4962 0.8499
vn 0.1143 0.5063 0.8548
vn 0.0460 0.5180 0.8541
vn 0.1271 0.8241 0.5520
vn 0.0590 0.8059 0.5891
vn 0.0043 0.7823 0.6229
vn -0.0468 0.7518 0.6577
vn 0.1569 0.7868 0.5969
vn 0.1795 0.7473 0.6398
vn 0.1994 0.7002 0.6856
vn 0.2271 0.9015 0.3683
vn 0.2828 0.9000 0.3318
vn 0.3326 0.8991 0.2846
vn 0.1923 0.9258 0.3255
vn 0.2463 0.9220 0.2989
vn 0.2984 0.9184 0.2597
vn 0.4204 0.9015 0.1022
vn 0.3689 0.9258 0.0823
vn 0.3062 0.9495 0.0690
vn 0.4029 0.9000 0.1664
vn 0.3604 0.9220 0.1419
vn 0.3035 0.9451 0.1211
vn 0.1105 0.9906 0.0803
vn 0.1189 0.9826 0.1430
vn 0.1349 0.9690 0.2069
vn 0.1702 0.9828 0.0721
vn 0.1719 0.9766 0.1291
vn 0.1822 0.9646 0.1905
vn 0.3734 0.8991 0.2284
vn 0.3392 0.9184 0.2035
vn 0.2367 0.9693 0.0663
vn 0.2340 0.9650 0.1183
vn 0.1602 0.9495 0.2699
vn 0.2089 0.9451 0.2512
vn 0.2658 0.9367 0.2281
vn 0.2932 0.9408 0.1699
vn 0.2286 0.9576 0.1753
vn 0.1971 0.8732 0.4456
vn 0.2626 0.8778 0.4006
vn 0.3134 0.8809 0.3547
vn 0.3589 0.8828 0.3030
vn 0.1658 0.9030 0.3963
vn 0.1405 0.9280 0.3450
vn 0.1160 0.9514 0.2852
vn 0.4847 0.8732 0.0497
vn 0.4282 0.9030 0.0352
vn 0.3715 0.9280 0.0270
vn 0.3071 0.9514 0.0222
vn 0.4621 0.8778 0.1259
vn 0.4342 0.8809 0.1884
vn 0.3991 0.8828 0.2477
vn 0.0450 0.9984 0.0327
vn 0.0578 0.9939 0.0939
vn 0.0735 0.9851 0.1554
vn 0.0933 0.9708 0.2208
vn 0.1072 0.9939 0.0260
vn 0.1706 0.9851 0.0219
vn 0.2384 0.9710 0.0210
vn 0.3462 0.8341 0.4295
vn 0.3914 0.8072 0.4419
vn 0.3725 0.8451 0.3836
vn 0.4075 0.8206 0.4008
vn 0.4512 0.7900 0.4151
vn 0.5912 0.6827 0.4295
vn 0.5893 0.7111 0.3836
vn 0.5818 0.7422 0.3325
vn 0.5469 0.7111 0.4419
vn 0.5517 0.7314 0.4008
vn 0.5507 0.7569 0.3518
vn 0.5155 0.8341 0.1965
vn 0.4799 0.8451 0.2357
vn 0.4410 0.8523 0.2811
vn 0.5412 0.8072 0.2357
vn 0.5071 0.8206 0.2636
vn 0.4677 0.8311 0.3009
vn 0.5048 0.7569 0.4151
vn 0.5651 0.7756 0.2811
vn 0.5342 0.7900 0.3009
vn 0.4036 0.8523 0.3325
vn 0.4307 0.8311 0.3518
vn 0.4647 0.8011 0.3773
vn 0.5160 0.7739 0.3672
vn 0.4918 0.8076 0.3254
vn 0.2661 0.8455 0.4630
vn 0.3227 0.8216 0.4700
vn 0.3774 0.7947 0.4754
vn 0.4335 0.7632 0.4792
vn 0.3053 0.8564 0.4164
vn 0.3427 0.8641 0.3685
vn 0.3807 0.8688 0.3168
vn 0.6372 0.6161 0.4630
vn 0.6295 0.6560 0.4164
vn 0.6196 0.6930 0.3685
vn 0.6068 0.7290 0.3168
vn 0.5905 0.6560 0.4700
vn 0.5420 0.6930 0.4754
vn 0.4888 0.7290 0.4792
vn 0.5225 0.8455 0.1100
vn 0.4903 0.8564 0.1616
vn 0.4564 0.8641 0.2121
vn 0.4189 0.8688 0.2642
vn 0.5467 0.8216 0.1616
vn 0.5688 0.7947 0.2121
vn 0.5897 0.7632 0.2642
vn 0.7048 0.6063 0.3683
vn 0.7421 0.5860 0.3255
vn 0.7776 0.5679 0.2699
vn 0.6785 0.6554 0.3318
vn 0.7145 0.6326 0.2989
vn 0.7519 0.6095 0.2512
vn 0.8367 0.5418 0.0802
vn 0.8016 0.5939 0.0689
vn 0.7601 0.6467 0.0643
vn 0.8248 0.5479 0.1395
vn 0.7948 0.5941 0.1236
vn 0.7566 0.6438 0.1144
vn 0.6183 0.7792 0.1022
vn 0.6248 0.7629 0.1664
vn 0.6372 0.7361 0.2284
vn 0.6631 0.7440 0.0823
vn 0.6634 0.7346 0.1419
vn 0.6698 0.7142 0.2035
vn 0.8061 0.5553 0.2046
vn 0.7805 0.5969 0.1860
vn 0.7123 0.6985 0.0690
vn 0.7096 0.6941 0.1211
vn 0.6554 0.6996 0.2846
vn 0.6880 0.6776 0.2597
vn 0.7287 0.6463 0.2263
vn 0.7504 0.6405 0.1633
vn 0.7040 0.6864 0.1823
vn 0.6929 0.5668 0.4456
vn 0.7335 0.5522 0.3963
vn 0.7672 0.5407 0.3450
vn 0.7991 0.5292 0.2852
vn 0.6677 0.6274 0.4006
vn 0.6477 0.6742 0.3547
vn 0.6291 0.7158 0.3030
vn 0.8729 0.4868 0.0327
vn 0.8410 0.5403 0.0260
vn 0.8048 0.5931 0.0219
vn 0.7615 0.6478 0.0204
vn 0.8631 0.4962 0.0939
vn 0.8482 0.5063 0.1554
vn 0.8266 0.5180 0.2202
vn 0.5643 0.8241 0.0497
vn 0.5785 0.8059 0.1259
vn 0.5937 0.7823 0.1884
vn 0.6111 0.7518 0.2477
vn 0.6162 0.7868 0.0352
vn 0.6639 0.7473 0.0270
vn 0.7136 0.7002 0.0222
vn 0.9316 0.1527 -0.3298
vn 0.9070 0.1984 -0.3715
vn 0.8792 0.2519 -0.4043
vn 0.9399 0.1903 -0.2835
vn 0.9177 0.2261 -0.3266
vn 0.8907 0.2722 -0.3640
vn 0.7917 0.4324 -0.4315
vn 0.8121 0.4460 -0.3763
vn 0.8362 0.4506 -0.3125
vn 0.8201 0.3723 -0.4346
vn 0.8352 0.3912 -0.3866
vn 0.8549 0.4036 -0.3260
vn 0.9049 0.4053 -0.1299
vn 0.9232 0.3507 -0.1573
vn 0.9361 0.2946 -0.1922
vn 0.8862 0.4252 -0.1841
vn 0.9047 0.3745 -0.2034
vn 0.9186 0.3197 -0.2322
vn 0.8497 0.3110 -0.4257
vn 0.8611 0.3314 -0.3855
vn 0.8625 0.4425 -0.2456
vn 0.8811 0.3956 -0.2591
vn 0.9419 0.2393 -0.2358
vn 0.9233 0.2667 -0.2763
vn 0.8980 0.2983 -0.3233
vn 0.8733 0.3572 -0.3314
vn 0.8995 0.3424 -0.2716
vn 0.9434 0.0659 -0.3252
vn 0.9193 0.1244 -0.3735
vn 0.8955 0.1788 -0.4077
vn 0.8689 0.2362 -0.4350
vn 0.9533 0.1126 -0.2802
vn 0.9574 0.1604 -0.2402
vn 0.9562 0.2149 -0.1985
vn 0.7352 0.4822 -0.4764
vn 0.7635 0.4922 -0.4181
vn 0.7902 0.4947 -0.3617
vn 0.8180 0.4915 -0.2989
vn 0.7748 0.4132 -0.4784
vn 0.8080 0.3537 -0.4712
vn 0.8398 0.2944 -0.4561
vn 0.9007 0.4311 -0.0529
vn 0.9209 0.3806 -0.0840
vn 0.9371 0.3286 -0.1179
vn 0.9494 0.2721 -0.1569
vn 0.8852 0.4520 -0.1099
vn 0.8668 0.4691 -0.1690
vn 0.8445 0.4822 -0.2332
vn 0.8808 0.1033 -0.4620
vn 0.8558 0.0933 -0.5088
vn 0.8675 0.1546 -0.4728
vn 0.8481 0.1386 -0.5114
vn 0.8208 0.1249 -0.5574
vn 0.7116 0.1033 -0.6950
vn 0.7177 0.1546 -0.6790
vn 0.7249 0.2099 -0.6561
vn 0.7484 0.0933 -0.6567
vn 0.7484 0.1386 -0.6486
vn 0.7505 0.1914 -0.6325
vn 0.7584 0.3483 -0.5510
vn 0.7898 0.3101 -0.5293
vn 0.8210 0.2639 -0.5063
vn 0.7474 0.3101 -0.5876
vn 0.7760 0.2829 -0.5638
vn 0.8067 0.2450 -0.5378
vn 0.7870 0.0857 -0.6110
vn 0.7838 0.1249 -0.6084
vn 0.7352 0.2639 -0.6244
vn 0.7608 0.2450 -0.6010
vn 0.8335 0.1914 -0.5183
vn 0.8127 0.1658 -0.5586
vn 0.7771 0.1764 -0.6042
vn 0.7928 0.2203 -0.5683
vn 0.9164 0.0578 -0.3961
vn 0.8901 0.0568 -0.4521
vn 0.8608 0.0553 -0.5059
vn 0.8265 0.0535 -0.5604
vn 0.9009 0.1132 -0.4190
vn 0.8823 0.1677 -0.4398
vn 0.8591 0.2243 -0.4600
vn 0.6599 0.0578 -0.7491
vn 0.6769 0.1132 -0.7273
vn 0.6909 0.1677 -0.7032
vn 0.7029 0.2243 -0.6750
vn 0.7051 0.0568 -0.7069
vn 0.7471 0.0553 -0.6624
vn 0.7883 0.0535 -0.6129
vn 0.7308 0.4290 -0.5310
vn 0.7670 0.3810 -0.5163
vn 0.8000 0.3322 -0.4996
vn 0.8315 0.2796 -0.4800
vn 0.7280 0.3810 -0.5699
vn 0.7224 0.3322 -0.6065
vn 0.7135 0.2796 -0.6425
vn 0.6016 0.1527 -0.7841
vn 0.5600 0.1903 -0.8063
vn 0.5153 0.2393 -0.8229
vn 0.6336 0.1984 -0.7478
vn 0.5942 0.2261 -0.7719
vn 0.5481 0.2667 -0.7927
vn 0.4031 0.4053 -0.8205
vn 0.4497 0.4285 -0.7836
vn 0.5007 0.4446 -0.7427
vn 0.4354 0.3543 -0.8276
vn 0.4741 0.3802 -0.7941
vn 0.5200 0.3997 -0.7549
vn 0.6550 0.4324 -0.6197
vn 0.6668 0.3723 -0.6456
vn 0.6675 0.3110 -0.6766
vn 0.6089 0.4460 -0.6560
vn 0.6257 0.3912 -0.6748
vn 0.6327 0.3314 -0.6999
vn 0.4723 0.2971 -0.8298
vn 0.5051 0.3245 -0.7997
vn 0.5556 0.4506 -0.6987
vn 0.5742 0.4036 -0.7123
vn 0.6562 0.2519 -0.7113
vn 0.6214 0.2723 -0.7346
vn 0.5737 0.2979 -0.7630
vn 0.5386 0.3550 -0.7641
vn 0.5941 0.3465 -0.7259
vn 0.6008 0.0659 -0.7967
vn 0.5611 0.1126 -0.8201
vn 0.5243 0.1604 -0.8363
vn 0.4842 0.2149 -0.8481
vn 0.6393 0.1244 -0.7588
vn 0.6644 0.1788 -0.7257
vn 0.6822 0.2362 -0.6919
vn 0.3287 0.4311 -0.8403
vn 0.3781 0.4520 -0.8079
vn 0.4286 0.4691 -0.7722
vn 0.4829 0.4828 -0.7306
vn 0.3645 0.3806 -0.8499
vn 0.4017 0.3286 -0.8548
vn 0.4427 0.2728 -0.8541
vn 0.6803 0.4822 -0.5520
vn 0.6944 0.4132 -0.5891
vn 0.6978 0.3537 -0.6229
vn 0.6933 0.2944 -0.6577
vn 0.6336 0.4922 -0.5969
vn 0.5881 0.4947 -0.6398
vn 0.5371 0.4915 -0.6856
vn -0.0258 0.1527 -0.9879
vn -0.0730 0.1984 -0.9774
vn -0.1128 0.2519 -0.9611
vn 0.0208 0.1903 -0.9815
vn -0.0270 0.2261 -0.9737
vn -0.0710 0.2722 -0.9596
vn -0.1657 0.4324 -0.8863
vn -0.1070 0.4460 -0.8886
vn -0.0388 0.4506 -0.8919
vn -0.1599 0.3723 -0.9142
vn -0.1096 0.3912 -0.9137
vn -0.0459 0.4036 -0.9138
vn 0.1561 0.4053 -0.9008
vn 0.1357 0.3507 -0.9266
vn 0.1065 0.2946 -0.9497
vn 0.0987 0.4252 -0.8997
vn 0.0861 0.3745 -0.9232
vn 0.0631 0.3197 -0.9454
vn -0.1423 0.3110 -0.9397
vn -0.1005 0.3314 -0.9381
vn 0.0329 0.4425 -0.8962
vn 0.0258 0.3956 -0.9181
vn 0.0668 0.2393 -0.9686
vn 0.0225 0.2667 -0.9635
vn -0.0299 0.2983 -0.9540
vn -0.0453 0.3572 -0.9329
vn 0.0197 0.3424 -0.9394
vn -0.0177 0.0659 -0.9977
vn -0.0712 0.1244 -0.9897
vn -0.1110 0.1788 -0.9776
vn -0.1452 0.2362 -0.9608
vn 0.0281 0.1125 -0.9932
vn 0.0674 0.1604 -0.9847
vn 0.1067 0.2149 -0.9708
vn -0.2259 0.4822 -0.8464
vn -0.1617 0.4922 -0.8553
vn -0.0998 0.4947 -0.8633
vn -0.0315 0.4915 -0.8703
vn -0.2156 0.4132 -0.8848
vn -0.1984 0.3537 -0.9141
vn -0.1743 0.2944 -0.9397
vn 0.2280 0.4311 -0.8730
vn 0.2047 0.3806 -0.9018
vn 0.1774 0.3286 -0.9276
vn 0.1441 0.2721 -0.9514
vn 0.1690 0.4520 -0.8759
vn 0.1072 0.4691 -0.8766
vn 0.0392 0.4822 -0.8752
vn -0.1672 0.1033 -0.9805
vn -0.2195 0.0933 -0.9712
vn -0.1816 0.1546 -0.9712
vn -0.2243 0.1386 -0.9646
vn -0.2765 0.1249 -0.9529
vn -0.4411 0.1033 -0.8915
vn -0.4239 0.1546 -0.8924
vn -0.4000 0.2099 -0.8922
vn -0.3933 0.0933 -0.9147
vn -0.3855 0.1386 -0.9122
vn -0.3696 0.1914 -0.9092
vn -0.2897 0.3483 -0.8915
vn -0.2593 0.3101 -0.9147
vn -0.2278 0.2639 -0.9373
vn -0.3278 0.3101 -0.8924
vn -0.2964 0.2829 -0.9122
vn -0.2622 0.2450 -0.9334
vn -0.3379 0.0857 -0.9373
vn -0.3364 0.1249 -0.9334
vn -0.3666 0.2639 -0.8922
vn -0.3365 0.2450 -0.9092
vn -0.2008 0.2099 -0.9569
vn -0.2354 0.1914 -0.9529
vn -0.2801 0.1658 -0.9456
vn -0.3345 0.1764 -0.9257
vn -0.2955 0.2203 -0.9296
vn -0.0936 0.0578 -0.9939
vn -0.1549 0.0568 -0.9863
vn -0.2151 0.0553 -0.9750
vn -0.2775 0.0535 -0.9592
vn -0.1201 0.1132 -0.9863
vn -0.1457 0.1677 -0.9750
vn -0.1720 0.2243 -0.9592
vn -0.5085 0.0578 -0.8591
vn -0.4826 0.1132 -0.8685
vn -0.4553 0.1677 -0.8744
vn -0.4247 0.2243 -0.8771
vn -0.4544 0.0568 -0.8890
vn -0.3991 0.0553 -0.9153
vn -0.3393 0.0535 -0.9392
vn -0.2791 0.4290 -0.8591
vn -0.2540 0.3810 -0.8890
vn -0.2279 0.3322 -0.9153
vn -0.1996 0.2796 -0.9392
vn -0.3170 0.3810 -0.8685
vn -0.3536 0.3322 -0.8744
vn -0.3905 0.2796 -0.8771
vn -0.5598 0.1527 -0.8144
vn -0.5938 0.1903 -0.7818
vn -0.6234 0.2393 -0.7444
vn -0.5154 0.1984 -0.8336
vn -0.5505 0.2261 -0.8036
vn -0.5846 0.2667 -0.7663
vn -0.6558 0.4053 -0.6369
vn -0.6063 0.4285 -0.6699
vn -0.5517 0.4446 -0.7057
vn -0.6525 0.3543 -0.6698
vn -0.6088 0.3802 -0.6963
vn -0.5573 0.3997 -0.7278
vn -0.3869 0.4324 -0.8144
vn -0.4080 0.3723 -0.8336
vn -0.4372 0.3110 -0.8439
vn -0.4358 0.4460 -0.7818
vn -0.4484 0.3912 -0.8036
vn -0.4701 0.3314 -0.8180
vn -0.6433 0.2971 -0.7057
vn -0.6045 0.3245 -0.7275
vn -0.4928 0.4506 -0.7444
vn -0.5000 0.4036 -0.7663
vn -0.4737 0.2519 -0.8439
vn -0.5066 0.2722 -0.8180
vn -0.5484 0.2979 -0.7814
vn -0.5603 0.3550 -0.7484
vn -0.5068 0.3465 -0.7894
vn -0.5721 0.0659 -0.8175
vn -0.6066 0.1126 -0.7870
vn -0.6333 0.1604 -0.7571
vn -0.6570 0.2149 -0.7226
vn -0.5242 0.1244 -0.8425
vn -0.4848 0.1788 -0.8561
vn -0.4473 0.2362 -0.8626
vn -0.6976 0.4311 -0.5723
vn -0.6515 0.4520 -0.6093
vn -0.6020 0.4691 -0.6462
vn -0.5456 0.4828 -0.6850
vn -0.6957 0.3806 -0.6093
vn -0.6888 0.3286 -0.6462
vn -0.6755 0.2728 -0.6850
vn -0.3148 0.4822 -0.8175
vn -0.3457 0.4132 -0.8425
vn -0.3767 0.3537 -0.8561
vn -0.4113 0.2944 -0.8626
vn -0.3719 0.4922 -0.7870
vn -0.4267 0.4947 -0.7571
vn -0.4861 0.4915 -0.7226
vn -0.9476 0.1527 -0.2807
vn -0.9521 0.1984 -0.2326
vn -0.9490 0.2519 -0.1897
vn -0.9270 0.1903 -0.3231
vn -0.9344 0.2261 -0.2752
vn -0.9346 0.2722 -0.2291
vn -0.8941 0.4324 -0.1163
vn -0.8782 0.4460 -0.1729
vn -0.8602 0.4506 -0.2387
vn -0.9189 0.3723 -0.1304
vn -0.9029 0.3912 -0.1781
vn -0.8833 0.4036 -0.2387
vn -0.8084 0.4053 -0.4268
vn -0.8393 0.3507 -0.4154
vn -0.8703 0.2946 -0.3947
vn -0.8252 0.4252 -0.3719
vn -0.8515 0.3745 -0.3672
vn -0.8797 0.3197 -0.3521
vn -0.9377 0.3110 -0.1550
vn -0.9233 0.3314 -0.1943
vn -0.8421 0.4425 -0.3082
vn -0.8651 0.3956 -0.3083
vn -0.9006 0.2393 -0.3629
vn -0.9094 0.2667 -0.3192
vn -0.9165 0.2983 -0.2663
vn -0.9012 0.3572 -0.2452
vn -0.8873 0.3424 -0.3090
vn -0.9543 0.0659 -0.2914
vn -0.9632 0.1244 -0.2382
vn -0.9641 0.1788 -0.1965
vn -0.9586 0.2362 -0.1588
vn -0.9359 0.1126 -0.3337
vn -0.9157 0.1604 -0.3684
vn -0.8903 0.2149 -0.4015
vn -0.8748 0.4822 -0.0467
vn -0.8634 0.4922 -0.1105
vn -0.8519 0.4947 -0.1719
vn -0.8375 0.4915 -0.2390
vn -0.9081 0.4132 -0.0684
vn -0.9307 0.3537 -0.0937
vn -0.9475 0.2944 -0.1246
vn -0.7598 0.4311 -0.4866
vn -0.7944 0.3806 -0.4733
vn -0.8274 0.3286 -0.4554
vn -0.8603 0.2721 -0.4311
vn -0.7808 0.4520 -0.4314
vn -0.8006 0.4691 -0.3728
vn -0.8202 0.4822 -0.3077
vn -0.9842 0.1033 -0.1440
vn -0.9914 0.0933 -0.0914
vn -0.9797 0.1546 -0.1274
vn -0.9867 0.1386 -0.0848
vn -0.9917 0.1249 -0.0315
vn -0.9842 0.1033 0.1440
vn -0.9797 0.1546 0.1274
vn -0.9721 0.2099 0.1047
vn -0.9914 0.0933 0.0914
vn -0.9867 0.1386 0.0848
vn -0.9790 0.1914 0.0706
vn -0.9374 0.3483 -0.0000
vn -0.9500 0.3101 -0.0360
vn -0.9618 0.2639 -0.0730
vn -0.9500 0.3101 0.0360
vn -0.9592 0.2829 -0.0000
vn -0.9687 0.2450 -0.0391
vn -0.9917 0.1249 0.0315
vn -0.9618 0.2639 0.0730
vn -0.9687 0.2450 0.0391
vn -0.9721 0.2099 -0.1047
vn -0.9790 0.1914 -0.0706
vn -0.9858 0.1658 -0.0258
vn -0.9838 0.1764 0.0320
vn -0.9754 0.2203 -0.0062
vn -0.9742 0.0578 -0.2181
vn -0.9859 0.0568 -0.1574
vn -0.9938 0.0553 -0.0967
vn -0.9980 0.0535 -0.0325
vn -0.9751 0.1132 -0.1906
vn -0.9723 0.1677 -0.1628
vn -0.9654 0.2243 -0.1329
vn -0.9742 0.0578 0.2181
vn -0.9751 0.1132 0.1906
vn -0.9723 0.1677 0.1628
vn -0.9654 0.2243 0.1329
vn -0.9859 0.0568 0.1574
vn -0.9938 0.0553 0.0967
vn -0.9980 0.0535 0.0325
vn -0.9033 0.4290 -0.0000
vn -0.9240 0.3810 -0.0331
vn -0.9409 0.3322 -0.0661
vn -0.9549 0.2796 -0.1004
vn -0.9240 0.3810 0.0331
vn -0.9409 0.3322 0.0661
vn -0.9549 0.2796 0.1004
vn -0.9476 0.1527 0.2807
vn -0.9270 0.1903 0.3231
vn -0.9006 0.2393 0.3629
vn -0.9521 0.1984 0.2326
vn -0.9344 0.2261 0.2752
vn -0.9094 0.2667 0.3192
vn -0.8084 0.4053 0.4268
vn -0.8245 0.4285 0.3696
vn -0.8417 0.4446 0.3066
vn -0.8387 0.3543 0.4136
vn -0.8504 0.3802 0.3638
vn -0.8644 0.3997 0.3051
vn -0.8941 0.4324 0.1163
vn -0.9189 0.3723 0.1304
vn -0.9377 0.3110 0.1550
vn -0.8782 0.4460 0.1729
vn -0.9029 0.3912 0.1781
vn -0.9233 0.3314 0.1943
vn -0.8699 0.2971 0.3937
vn -0.8787 0.3245 0.3501
vn -0.8602 0.4506 0.2387
vn -0.8833 0.4036 0.2387
vn -0.9490 0.2519 0.1897
vn -0.9346 0.2722 0.2291
vn -0.9126 0.2979 0.2801
vn -0.8849 0.3550 0.3016
vn -0.9074 0.3465 0.2380
vn -0.9543 0.0659 0.2914
vn -0.9359 0.1126 0.3337
vn -0.9157 0.1604 0.3684
vn -0.8903 0.2149 0.4015
vn -0.9632 0.1244 0.2382
vn -0.9641 0.1788 0.1965
vn -0.9586 0.2362 0.1588
vn -0.7598 0.4311 0.4866
vn -0.7808 0.4520 0.4314
vn -0.8006 0.4691 0.3728
vn -0.8201 0.4828 0.3072
vn -0.7944 0.3806 0.4733
vn -0.8274 0.3286 0.4554
vn -0.8602 0.2728 0.4308
vn -0.8748 0.4822 0.0467
vn -0.9081 0.4132 0.0684
vn -0.9307 0.3537 0.0937
vn -0.9475 0.2944 0.1246
vn -0.8634 0.4922 0.1105
vn -0.8519 0.4947 0.1719
vn -0.8375 0.4915 0.2390
vn -0.5598 0.1527 0.8144
vn -0.5154 0.1984 0.8336
vn -0.4737 0.2519 0.8439
vn -0.5938 0.1903 0.7818
vn -0.5505 0.2261 0.8036
vn -0.5066 0.2722 0.8180
vn -0.3869 0.4324 0.8144
vn -0.4358 0.4460 0.7818
vn -0.4928 0.4506 0.7444
vn -0.4080 0.3723 0.8336
vn -0.4484 0.3912 0.8036
vn -0.5000 0.4036 0.7663
vn -0.6558 0.4053 0.6369
vn -0.6544 0.3507 0.6699
vn -0.6443 0.2946 0.7057
vn -0.6087 0.4252 0.6698
vn -0.6123 0.3745 0.6963
vn -0.6067 0.3197 0.7278
vn -0.4372 0.3110 0.8439
vn -0.4701 0.3314 0.8180
vn -0.5534 0.4425 0.7057
vn -0.5605 0.3956 0.7275
vn -0.6234 0.2393 0.7444
vn -0.5846 0.2667 0.7663
vn -0.5365 0.2983 0.7894
vn -0.5117 0.3572 0.7814
vn -0.5681 0.3424 0.7484
vn -0.5721 0.0659 0.8175
vn -0.5242 0.1244 0.8425
vn -0.4848 0.1788 0.8561
vn -0.4473 0.2362 0.8626
vn -0.6066 0.1126 0.7870
vn -0.6333 0.1604 0.7571
vn -0.6570 0.2149 0.7226
vn -0.3148 0.4822 0.8175
vn -0.3719 0.4922 0.7870
vn -0.4267 0.4947 0.7571
vn -0.4861 0.4915 0.7226
vn -0.3457 0.4132 0.8425
vn -0.3767 0.3537 0.8561
vn -0.4113 0.2944 0.8626
vn -0.6976 0.4311 0.5723
vn -0.6957 0.3806 0.6093
vn -0.6888 0.3286 0.6462
vn -0.6758 0.2721 0.6850
vn -0.6515 0.4520 0.6093
vn -0.6020 0.4691 0.6462
vn -0.5461 0.4822 0.6850
vn -0.4411 0.1033 0.8915
vn -0.3933 0.0933 0.9147
vn -0.3379 0.0857 0.9373
vn -0.4239 0.1546 0.8924
vn -0.3855 0.1386 0.9122
vn -0.3364 0.1249 0.9334
vn -0.1672 0.1033 0.9805
vn -0.1816 0.1546 0.9712
vn -0.2008 0.2099 0.9569
vn -0.2195 0.0933 0.9712
vn -0.2243 0.1386 0.9646
vn -0.2354 0.1914 0.9529
vn -0.2897 0.3483 0.8915
vn -0.3278 0.3101 0.8924
vn -0.3666 0.2639 0.8922
vn -0.2593 0.3101 0.9147
vn -0.2964 0.2829 0.9122
vn -0.3365 0.2450 0.9092
vn -0.2765 0.1249 0.9529
vn -0.2278 0.2639 0.9373
vn -0.2622 0.2450 0.9334
vn -0.4000 0.2099 0.8922
vn -0.3696 0.1914 0.9092
vn -0.3292 0.1658 0.9296
vn -0.2735 0.1764 0.9456
vn -0.3073 0.2203 0.9257
vn -0.5085 0.0578 0.8591
vn -0.4544 0.0568 0.8890
vn -0.3991 0.0553 0.9153
vn -0.3393 0.0535 0.9392
vn -0.4826 0.1132 0.8685
vn -0.4553 0.1677 0.8744
vn -0.4247 0.2243 0.8771
vn -0.0936 0.0578 0.9939
vn -0.1201 0.1132 0.9863
vn -0.1457 0.1677 0.9750
vn -0.1720 0.2243 0.9592
vn -0.1549 0.0568 0.9863
vn -0.2151 0.0553 0.9750
vn -0.2775 0.0535 0.9592
vn -0.2791 0.4290 0.8591
vn -0.3170 0.3810 0.8685
vn -0.3536 0.3322 0.8744
vn -0.3906 0.2796 0.8771
vn -0.2540 0.3810 0.8890
vn -0.2279 0.3322 0.9152
vn -0.1996 0.2796 0.9392
vn -0.0258 0.1527 0.9879
vn 0.0209 0.1903 0.9815
vn 0.0668 0.2393 0.9686
vn -0.0730 0.1984 0.9774
vn -0.0270 0.2261 0.9737
vn 0.0225 0.2667 0.9635
vn 0.1561 0.4053 0.9008
vn 0.0968 0.4285 0.8983
vn 0.0315 0.4446 0.8952
vn 0.1342 0.3543 0.9255
vn 0.0832 0.3802 0.9211
vn 0.0230 0.3997 0.9164
vn -0.1657 0.4324 0.8863
vn -0.1599 0.3723 0.9142
vn -0.1423 0.3110 0.9397
vn -0.1070 0.4460 0.8886
vn -0.1096 0.3912 0.9137
vn -0.1005 0.3314 0.9381
vn 0.1056 0.2971 0.9490
vn 0.0614 0.3245 0.9439
vn -0.0388 0.4506 0.8919
vn -0.0459 0.4036 0.9138
vn -0.1128 0.2520 0.9611
vn -0.0710 0.2723 0.9596
vn -0.0156 0.2979 0.9545
vn 0.0134 0.3550 0.9348
vn -0.0540 0.3465 0.9365
vn -0.0177 0.0659 0.9977
vn 0.0281 0.1126 0.9932
vn 0.0674 0.1604 0.9847
vn 0.1067 0.2149 0.9708
vn -0.0712 0.1244 0.9897
vn -0.1110 0.1788 0.9776
vn -0.1452 0.2362 0.9608
vn 0.2280 0.4311 0.8730
vn 0.1690 0.4520 0.8759
vn 0.1072 0.4691 0.8766
vn 0.0388 0.4828 0.8749
vn 0.2047 0.3806 0.9018
vn 0.1774 0.3286 0.9276
vn 0.1439 0.2728 0.9512
vn -0.2259 0.4822 0.8464
vn -0.2156 0.4132 0.8848
vn -0.1984 0.3537 0.9141
vn -0.1743 0.2944 0.9397
vn -0.1617 0.4922 0.8553
vn -0.0998 0.4947 0.8633
vn -0.0315 0.4915 0.8703
vn 0.6016 0.1527 0.7841
vn 0.6336 0.1984 0.7478
vn 0.6562 0.2519 0.7113
vn 0.5600 0.1903 0.8063
vn 0.5942 0.2261 0.7719
vn 0.6214 0.2722 0.7346
vn 0.6550 0.4324 0.6197
vn 0.6089 0.4460 0.6560
vn 0.5556 0.4506 0.6987
vn 0.6668 0.3723 0.6456
vn 0.6257 0.3912 0.6748
vn 0.5743 0.4036 0.7123
vn 0.4031 0.4053 0.8205
vn 0.4349 0.3507 0.8294
vn 0.4721 0.2946 0.8309
vn 0.4490 0.4252 0.7859
vn 0.4730 0.3745 0.7975
vn 0.5047 0.3197 0.8019
vn 0.6675 0.3110 0.6766
vn 0.6327 0.3314 0.6999
vn 0.5001 0.4425 0.7444
vn 0.5187 0.3956 0.7579
vn 0.5153 0.2393 0.8229
vn 0.5481 0.2667 0.7927
vn 0.5850 0.2983 0.7542
vn 0.5850 0.3572 0.7281
vn 0.5362 0.3424 0.7715
vn 0.6008 0.0659 0.7967
vn 0.6393 0.1244 0.7588
vn 0.6644 0.1788 0.7257
vn 0.6822 0.2362 0.6919
vn 0.5611 0.1126 0.8201
vn 0.5243 0.1604 0.8363
vn 0.4842 0.2149 0.8481
vn 0.6803 0.4822 0.5520
vn 0.6336 0.4922 0.5969
vn 0.5881 0.4947 0.6398
vn 0.5371 0.4915 0.6856
vn 0.6944 0.4132 0.5891
vn 0.6978 0.3537 0.6229
vn 0.6933 0.2944 0.6577
vn 0.3287 0.4311 0.8403
vn 0.3645 0.3806 0.8499
vn 0.4017 0.3286 0.8548
vn 0.4426 0.2721 0.8544
vn 0.3781 0.4520 0.8079
vn 0.4286 0.4691 0.7722
vn 0.4827 0.4822 0.7311
vn 0.7116 0.1033 0.6950
vn 0.7484 0.0933 0.6567
vn 0.7870 0.0857 0.6110
vn 0.7177 0.1546 0.6790
vn 0.7484 0.1386 0.6486
vn 0.7838 0.1249 0.6084
vn 0.8808 0.1033 0.4620
vn 0.8675 0.1546 0.4728
vn 0.8558 0.0933 0.5088
vn 0.8481 0.1386 0.5114
vn 0.8335 0.1914 0.5183
vn 0.7584 0.3483 0.5510
vn 0.7474 0.3101 0.5876
vn 0.7352 0.2639 0.6244
vn 0.7898 0.3101 0.5293
vn 0.7760 0.2829 0.5638
vn 0.7608 0.2450 0.6010
vn 0.8208 0.1249 0.5574
vn 0.8210 0.2639 0.5063
vn 0.8067 0.2450 0.5378
vn 0.7249 0.2099 0.6561
vn 0.7505 0.1914 0.6325
vn 0.7824 0.1658 0.6003
vn 0.8147 0.1764 0.5523
vn 0.7855 0.2203 0.5784
vn 0.6599 0.0578 0.7491
vn 0.7051 0.0568 0.7069
vn 0.7471 0.0553 0.6624
vn 0.7883 0.0535 0.6129
vn 0.6769 0.1132 0.7273
vn 0.6909 0.1677 0.7032
vn 0.7029 0.2243 0.6750
vn 0.9164 0.0578 0.3961
vn 0.9009 0.1132 0.4190
vn 0.8823 0.1677 0.4398
vn 0.8591 0.2243 0.4600
vn 0.8901 0.0568 0.4521
vn 0.8608 0.0553 0.5059
vn 0.8265 0.0535 0.5604
vn 0.7308 0.4290 0.5310
vn 0.7280 0.3810 0.5699
vn 0.7224 0.3322 0.6065
vn 0.7135 0.2796 0.6425
vn 0.7670 0.3810 0.5163
vn 0.8000 0.3322 0.4996
vn 0.8315 0.2796 0.4800
vn 0.9316 0.1527 0.3298
vn 0.9399 0.1903 0.2835
vn 0.9419 0.2393 0.2358
vn 0.9070 0.1984 0.3715
vn 0.9177 0.2261 0.3266
vn 0.9233 0.2667 0.2763
vn 0.9049 0.4053 0.1299
vn 0.8843 0.4285 0.1856
vn 0.8611 0.4446 0.2467
vn 0.9216 0.3543 0.1584
vn 0.9018 0.3802 0.2055
vn 0.8786 0.3997 0.2613
vn 0.7917 0.4324 0.4315
vn 0.8201 0.3723 0.4346
vn 0.8497 0.3110 0.4257
vn 0.8121 0.4460 0.3763
vn 0.8352 0.3912 0.3866
vn 0.8611 0.3314 0.3855
vn 0.9352 0.2971 0.1928
vn 0.9167 0.3245 0.2333
vn 0.8362 0.4506 0.3125
vn 0.8549 0.4036 0.3260
vn 0.8792 0.2519 0.4043
vn 0.8907 0.2722 0.3640
vn 0.9029 0.2979 0.3098
vn 0.8932 0.3550 0.2761
vn 0.8740 0.3465 0.3408
vn 0.9434 0.0659 0.3252
vn 0.9533 0.1126 0.2802
vn 0.9574 0.1604 0.2402
vn 0.9562 0.2149 0.1985
vn 0.9193 0.1244 0.3735
vn 0.8955 0.1788 0.4077
vn 0.8689 0.2362 0.4350
vn 0.9007 0.4311 0.0529
vn 0.8852 0.4520 0.1099
vn 0.8668 0.4691 0.1690
vn 0.8440 0.4828 0.2335
vn 0.9209 0.3806 0.0840
vn 0.9371 0.3286 0.1179
vn 0.9492 0.2728 0.1571
vn 0.7352 0.4822 0.4764
vn 0.7748 0.4132 0.4784
vn 0.8080 0.3537 0.4712
vn 0.8398 0.2944 0.4561
vn 0.7635 0.4922 0.4181
vn 0.7902 0.4947 0.3617
vn 0.8180 0.4915 0.2989
vn 0.4609 0.0452 -0.8863
vn 0.4045 0.0234 -0.9142
vn 0.3418 0.0118 -0.9397
vn 0.4467 0.1038 -0.8886
vn 0.3989 0.0770 -0.9137
vn 0.3414 0.0583 -0.9381
vn 0.1481 0.0452 -0.9879
vn 0.1609 0.1038 -0.9815
vn 0.1841 0.1668 -0.9686
vn 0.2101 0.0234 -0.9774
vn 0.2143 0.0770 -0.9737
vn 0.2285 0.1394 -0.9635
vn 0.2927 0.3209 -0.9008
vn 0.3400 0.2782 -0.8983
vn 0.3836 0.2270 -0.8952
vn 0.2569 0.2784 -0.9255
vn 0.3029 0.2445 -0.9211
vn 0.3472 0.1994 -0.9164
vn 0.2758 0.0118 -0.9611
vn 0.2752 0.0583 -0.9596
vn 0.2185 0.2273 -0.9490
vn 0.2627 0.2000 -0.9439
vn 0.4204 0.1668 -0.8919
vn 0.3815 0.1394 -0.9138
vn 0.3340 0.1067 -0.9365
vn 0.2735 0.1193 -0.9545
vn 0.3115 0.1707 -0.9348
vn 0.5323 0.0136 -0.8464
vn 0.4660 -0.0080 -0.8848
vn 0.4051 -0.0193 -0.9141
vn 0.3413 -0.0242 -0.9397
vn 0.5126 0.0755 -0.8553
vn 0.4871 0.1320 -0.8633
vn 0.4537 0.1916 -0.8703
vn 0.0669 0.0136 -0.9977
vn 0.0881 0.0755 -0.9932
vn 0.1134 0.1320 -0.9847
vn 0.1445 0.1916 -0.9708
vn 0.1431 -0.0080 -0.9897
vn 0.2096 -0.0193 -0.9776
vn 0.2762 -0.0242 -0.9608
vn 0.2837 0.3967 -0.8730
vn 0.3287 0.3533 -0.8759
vn 0.3716 0.3057 -0.8766
vn 0.4145 0.2506 -0.8749
vn 0.2489 0.3533 -0.9018
vn 0.2146 0.3057 -0.9276
vn 0.1797 0.2507 -0.9512
vn 0.4411 -0.1033 -0.8915
vn 0.4239 -0.1546 -0.8924
vn 0.4000 -0.2099 -0.8922
vn 0.3933 -0.0933 -0.9147
vn 0.3855 -0.1386 -0.9122
vn 0.3696 -0.1914 -0.9092
vn 0.2897 -0.3483 -0.8915
vn 0.2593 -0.3101 -0.9147
vn 0.2278 -0.2639 -0.9373
vn 0.3278 -0.3101 -0.8924
vn 0.2964 -0.2829 -0.9122
vn 0.2622 -0.2450 -0.9334
vn 0.1672 -0.1033 -0.9805
vn 0.2195 -0.0933 -0.9712
vn 0.1816 -0.1546 -0.9712
vn 0.2243 -0.1386 -0.9646
vn 0.2765 -0.1249 -0.9529
vn 0.3666 -0.2639 -0.8922
vn 0.3365 -0.2450 -0.9092
vn 0.2008 -0.2099 -0.9569
vn 0.2354 -0.1914 -0.9529
vn 0.3379 -0.0857 -0.9373
vn 0.3364 -0.1249 -0.9334
vn 0.3345 -0.1764 -0.9257
vn 0.2955 -0.2203 -0.9296
vn 0.2801 -0.1658 -0.9456
vn 0.5085 -0.0578 -0.8591
vn 0.4826 -0.1132 -0.8685
vn 0.4553 -0.1677 -0.8744
vn 0.4247 -0.2243 -0.8771
vn 0.4544 -0.0568 -0.8890
vn 0.3991 -0.0553 -0.9153
vn 0.3393 -0.0535 -0.9392
vn 0.2791 -0.4290 -0.8591
vn 0.2540 -0.3810 -0.8890
vn 0.2279 -0.3322 -0.9153
vn 0.1996 -0.2796 -0.9392
vn 0.3170 -0.3810 -0.8685
vn 0.3536 -0.3322 -0.8744
vn 0.3905 -0.2796 -0.8771
vn 0.0936 -0.0578 -0.9939
vn 0.1549 -0.0568 -0.9863
vn 0.2151 -0.0553 -0.9750
vn 0.2775 -0.0535 -0.9592
vn 0.1201 -0.1132 -0.9863
vn 0.1457 -0.1677 -0.9750
vn 0.1720 -0.2243 -0.9592
vn 0.1657 -0.4324 -0.8863
vn 0.1070 -0.4460 -0.8886
vn 0.0388 -0.4506 -0.8919
vn 0.1599 -0.3723 -0.9142
vn 0.1096 -0.3912 -0.9137
vn 0.0459 -0.4036 -0.9138
vn -0.1561 -0.4053 -0.9008
vn -0.1357 -0.3507 -0.9266
vn -0.1065 -0.2946 -0.9497
vn -0.0987 -0.4252 -0.8997
vn -0.0861 -0.3745 -0.9232
vn -0.0631 -0.3197 -0.9454
vn 0.0258 -0.1527 -0.9879
vn 0.0730 -0.1984 -0.9774
vn 0.1128 -0.2519 -0.9611
vn -0.0208 -0.1903 -0.9815
vn 0.0270 -0.2261 -0.9737
vn 0.0710 -0.2723 -0.9596
vn -0.0329 -0.4425 -0.8962
vn -0.0259 -0.3956 -0.9181
vn -0.0668 -0.2393 -0.9686
vn -0.0225 -0.2667 -0.9635
vn 0.1423 -0.3110 -0.9397
vn 0.1005 -0.3314 -0.9381
vn 0.0453 -0.3572 -0.9329
vn -0.0197 -0.3424 -0.9394
vn 0.0299 -0.2983 -0.9540
vn 0.2259 -0.4822 -0.8464
vn 0.1617 -0.4922 -0.8553
vn 0.0998 -0.4947 -0.8633
vn 0.0315 -0.4915 -0.8703
vn 0.2156 -0.4132 -0.8848
vn 0.1984 -0.3537 -0.9141
vn 0.1743 -0.2944 -0.9397
vn -0.2280 -0.4311 -0.8730
vn -0.2047 -0.3806 -0.9018
vn -0.1774 -0.3286 -0.9276
vn -0.1441 -0.2721 -0.9514
vn -0.1690 -0.4520 -0.8759
vn -0.1072 -0.4691 -0.8766
vn -0.0392 -0.4822 -0.8752
vn 0.0177 -0.0659 -0.9977
vn 0.0712 -0.1244 -0.9897
vn 0.1110 -0.1788 -0.9776
vn 0.1452 -0.2362 -0.9608
vn -0.0281 -0.1126 -0.9932
vn -0.0674 -0.1604 -0.9847
vn -0.1067 -0.2149 -0.9708
vn -0.7005 0.0452 -0.7122
vn -0.7445 0.0234 -0.6672
vn -0.7881 0.0118 -0.6155
vn -0.7071 0.1038 -0.6995
vn -0.7457 0.0770 -0.6618
vn -0.7867 0.0583 -0.6146
vn -0.8938 0.0452 -0.4461
vn -0.8837 0.1038 -0.4563
vn -0.8643 0.1668 -0.4745
vn -0.8646 0.0234 -0.5019
vn -0.8598 0.0770 -0.5047
vn -0.8457 0.1394 -0.5150
vn -0.7662 0.3209 -0.5567
vn -0.7493 0.2782 -0.6010
vn -0.7329 0.2270 -0.6414
vn -0.8008 0.2784 -0.5303
vn -0.7825 0.2445 -0.5727
vn -0.7642 0.1994 -0.6134
vn -0.8289 0.0118 -0.5593
vn -0.8276 0.0583 -0.5583
vn -0.8350 0.2273 -0.5010
vn -0.8165 0.2000 -0.5416
vn -0.7183 0.1668 -0.6754
vn -0.7512 0.1394 -0.6452
vn -0.7875 0.1067 -0.6071
vn -0.8232 0.1193 -0.5550
vn -0.7928 0.1707 -0.5851
vn -0.6405 0.0136 -0.7678
vn -0.6975 -0.0080 -0.7166
vn -0.7442 -0.0193 -0.6677
vn -0.7882 -0.0242 -0.6149
vn -0.6551 0.0755 -0.7518
vn -0.6705 0.1320 -0.7300
vn -0.6875 0.1916 -0.7004
vn -0.9282 0.0136 -0.3719
vn -0.9174 0.0755 -0.3907
vn -0.9015 0.1320 -0.4121
vn -0.8786 0.1916 -0.4374
vn -0.8970 -0.0080 -0.4419
vn -0.8650 -0.0193 -0.5014
vn -0.8284 -0.0242 -0.5596
vn -0.7426 0.3967 -0.5395
vn -0.7314 0.3533 -0.5833
vn -0.7189 0.3057 -0.6243
vn -0.7040 0.2506 -0.6646
vn -0.7808 0.3533 -0.5154
vn -0.8159 0.3056 -0.4907
vn -0.8492 0.2507 -0.4648
vn -0.7116 -0.1033 -0.6950
vn -0.7177 -0.1546 -0.6790
vn -0.7249 -0.2099 -0.6561
vn -0.7484 -0.0933 -0.6567
vn -0.7484 -0.1386 -0.6486
vn -0.7505 -0.1914 -0.6325
vn -0.7584 -0.3483 -0.5510
vn -0.7898 -0.3101 -0.5293
vn -0.8210 -0.2639 -0.5063
vn -0.7474 -0.3101 -0.5876
vn -0.7760 -0.2829 -0.5638
vn -0.8067 -0.2450 -0.5378
vn -0.8808 -0.1033 -0.4620
vn -0.8558 -0.0933 -0.5088
vn -0.8675 -0.1546 -0.4728
vn -0.8481 -0.1386 -0.5114
vn -0.8208 -0.1249 -0.5574
vn -0.7352 -0.2639 -0.6244
vn -0.7608 -0.2450 -0.6010
vn -0.8335 -0.1914 -0.5183
vn -0.7870 -0.0857 -0.6110
vn -0.7838 -0.1249 -0.6084
vn -0.7771 -0.1764 -0.6042
vn -0.7928 -0.2203 -0.5683
vn -0.8127 -0.1658 -0.5586
vn -0.6599 -0.0578 -0.7491
vn -0.6769 -0.1132 -0.7273
vn -0.6909 -0.1677 -0.7032
vn -0.7029 -0.2243 -0.6750
vn -0.7051 -0.0568 -0.7069
vn -0.7471 -0.0553 -0.6624
vn -0.7883 -0.0535 -0.6129
vn -0.7308 -0.4290 -0.5310
vn -0.7670 -0.3810 -0.5163
vn -0.8000 -0.3322 -0.4996
vn -0.8315 -0.2796 -0.4800
vn -0.7280 -0.3810 -0.5699
vn -0.7224 -0.3322 -0.6065
vn -0.7135 -0.2796 -0.6425
vn -0.9164 -0.0578 -0.3961
vn -0.8901 -0.0568 -0.4521
vn -0.8608 -0.0553 -0.5059
vn -0.8265 -0.0535 -0.5604
vn -0.9009 -0.1132 -0.4190
vn -0.8823 -0.1677 -0.4398
vn -0.8591 -0.2243 -0.4600
vn -0.7917 -0.4324 -0.4315
vn -0.8121 -0.4460 -0.3763
vn -0.8362 -0.4506 -0.3125
vn -0.8201 -0.3723 -0.4346
vn -0.8352 -0.3912 -0.3866
vn -0.8549 -0.4036 -0.3260
vn -0.9049 -0.4053 -0.1299
vn -0.9232 -0.3507 -0.1573
vn -0.9361 -0.2946 -0.1922
vn -0.8862 -0.4252 -0.1841
vn -0.9047 -0.3745 -0.2034
vn -0.9186 -0.3197 -0.2322
vn -0.9316 -0.1527 -0.3298
vn -0.9070 -0.1984 -0.3715
vn -0.8792 -0.2519 -0.4043
vn -0.9399 -0.1903 -0.2835
vn -0.9177 -0.2261 -0.3266
vn -0.8907 -0.2722 -0.3640
vn -0.8625 -0.4425 -0.2456
vn -0.8811 -0.3956 -0.2591
vn -0.9419 -0.2393 -0.2358
vn -0.9233 -0.2667 -0.2763
vn -0.8497 -0.3110 -0.4257
vn -0.8611 -0.3314 -0.3855
vn -0.8733 -0.3572 -0.3313
vn -0.8995 -0.3424 -0.2716
vn -0.8981 -0.2983 -0.3233
vn -0.7352 -0.4822 -0.4764
vn -0.7635 -0.4922 -0.4181
vn -0.7902 -0.4947 -0.3617
vn -0.8180 -0.4915 -0.2989
vn -0.7748 -0.4132 -0.4784
vn -0.8080 -0.3537 -0.4712
vn -0.8398 -0.2944 -0.4561
vn -0.9007 -0.4311 -0.0529
vn -0.9209 -0.3806 -0.0840
vn -0.9371 -0.3286 -0.1179
vn -0.9494 -0.2721 -0.1569
vn -0.8852 -0.4520 -0.1099
vn -0.8668 -0.4691 -0.1690
vn -0.8445 -0.4822 -0.2332
vn -0.9434 -0.0659 -0.3252
vn -0.9193 -0.1244 -0.3735
vn -0.8955 -0.1788 -0.4077
vn -0.8689 -0.2362 -0.4350
vn -0.9533 -0.1126 -0.2802
vn -0.9574 -0.1604 -0.2402
vn -0.9562 -0.2149 -0.1985
vn -0.8938 0.0452 0.4461
vn -0.8646 0.0234 0.5019
vn -0.8289 0.0118 0.5593
vn -0.8837 0.1038 0.4563
vn -0.8598 0.0770 0.5047
vn -0.8276 0.0583 0.5583
vn -0.7005 0.0452 0.7122
vn -0.7071 0.1038 0.6995
vn -0.7183 0.1668 0.6754
vn -0.7445 0.0234 0.6672
vn -0.7457 0.0770 0.6618
vn -0.7512 0.1394 0.6452
vn -0.7662 0.3209 0.5567
vn -0.8031 0.2782 0.5269
vn -0.8365 0.2270 0.4988
vn -0.7518 0.2784 0.5977
vn -0.7865 0.2445 0.5672
vn -0.8195 0.1994 0.5373
vn -0.7881 0.0118 0.6155
vn -0.7867 0.0583 0.6146
vn -0.7345 0.2273 0.6393
vn -0.7674 0.2000 0.6092
vn -0.8643 0.1668 0.4745
vn -0.8457 0.1394 0.5150
vn -0.8207 0.1066 0.5613
vn -0.7823 0.1193 0.6114
vn -0.8015 0.1707 0.5731
vn -0.9282 0.0136 0.3719
vn -0.8970 -0.0080 0.4419
vn -0.8650 -0.0193 0.5014
vn -0.8284 -0.0242 0.5596
vn -0.9174 0.0755 0.3907
vn -0.9015 0.1320 0.4121
vn -0.8786 0.1916 0.4374
vn -0.6405 0.0136 0.7678
vn -0.6551 0.0755 0.7518
vn -0.6705 0.1320 0.7300
vn -0.6875 0.1916 0.7004
vn -0.6975 -0.0080 0.7166
vn -0.7442 -0.0193 0.6677
vn -0.7882 -0.0242 0.6149
vn -0.7426 0.3967 0.5395
vn -0.7808 0.3533 0.5154
vn -0.8159 0.3056 0.4908
vn -0.8496 0.2506 0.4642
vn -0.7314 0.3533 0.5833
vn -0.7189 0.3057 0.6243
vn -0.7045 0.2507 0.6640
vn -0.8808 -0.1033 0.4620
vn -0.8675 -0.1546 0.4728
vn -0.8558 -0.0933 0.5088
vn -0.8481 -0.1386 0.5114
vn -0.8335 -0.1914 0.5183
vn -0.7584 -0.3483 0.5510
vn -0.7474 -0.3101 0.5876
vn -0.7352 -0.2639 0.6244
vn -0.7898 -0.3101 0.5293
vn -0.7760 -0.2829 0.5638
vn -0.7608 -0.2450 0.6010
vn -0.7116 -0.1033 0.6950
vn -0.7484 -0.0933 0.6567
vn -0.7870 -0.0857 0.6110
vn -0.7177 -0.1546 0.6790
vn -0.7484 -0.1386 0.6486
vn -0.7838 -0.1249 0.6084
vn -0.8210 -0.2639 0.5063
vn -0.8067 -0.2450 0.5378
vn -0.7249 -0.2099 0.6561
vn -0.7505 -0.1914 0.6325
vn -0.8208 -0.1249 0.5574
vn -0.8147 -0.1764 0.5523
vn -0.7855 -0.2203 0.5784
vn -0.7824 -0.1658 0.6003
vn -0.9164 -0.0578 0.3961
vn -0.9009 -0.1132 0.4190
vn -0.8823 -0.1677 0.4398
vn -0.8591 -0.2243 0.4600
vn -0.8901 -0.0568 0.4521
vn -0.8608 -0.0553 0.5059
vn -0.8265 -0.0535 0.5604
vn -0.7308 -0.4290 0.5310
vn -0.7280 -0.3810 0.5699
vn -0.7224 -0.3322 0.6065
vn -0.7135 -0.2796 0.6425
vn -0.7670 -0.3810 0.5163
vn -0.8000 -0.3322 0.4996
vn -0.8315 -0.2796 0.4800
vn -0.6599 -0.0578 0.7491
vn -0.7051 -0.0568 0.7069
vn -0.7471 -0.0553 0.6624
vn -0.7883 -0.0535 0.6129
vn -0.6769 -0.1132 0.7273
vn -0.6909 -0.1677 0.7032
vn -0.7029 -0.2243 0.6750
vn -0.6550 -0.4324 0.6197
vn -0.6089 -0.4460 0.6560
vn -0.5556 -0.4506 0.6987
vn -0.6668 -0.3723 0.6456
vn -0.6257 -0.3912 0.6748
vn -0.5743 -0.4036 0.7123
vn -0.4031 -0.4053 0.8205
vn -0.4349 -0.3507 0.8294
vn -0.4721 -0.2946 0.8309
vn -0.4490 -0.4252 0.7859
vn -0.4730 -0.3745 0.7975
vn -0.5047 -0.3197 0.8019
vn -0.6016 -0.1527 0.7841
vn -0.6336 -0.1984 0.7478
vn -0.6562 -0.2520 0.7113
vn -0.5600 -0.1903 0.8063
vn -0.5942 -0.2261 0.7719
vn -0.6214 -0.2723 0.7346
vn -0.5001 -0.4425 0.7444
vn -0.5187 -0.3956 0.7579
vn -0.5153 -0.2393 0.8229
vn -0.5481 -0.2667 0.7927
vn -0.6675 -0.3110 0.6766
vn -0.6327 -0.3314 0.6999
vn -0.5850 -0.3572 0.7281
vn -0.5362 -0.3424 0.7715
vn -0.5850 -0.2983 0.7542
vn -0.6803 -0.4822 0.5520
vn -0.6336 -0.4922 0.5969
vn -0.5881 -0.4947 0.6398
vn -0.5371 -0.4915 0.6856
vn -0.6944 -0.4132 0.5891
vn -0.6978 -0.3537 0.6229
vn -0.6933 -0.2944 0.6577
vn -0.3287 -0.4311 0.8403
vn -0.3645 -0.3806 0.8499
vn -0.4017 -0.3286 0.8548
vn -0.4426 -0.2721 0.8544
vn -0.3781 -0.4520 0.8079
vn -0.4286 -0.4691 0.7722
vn -0.4827 -0.4822 0.7311
vn -0.6008 -0.0659 0.7967
vn -0.6393 -0.1244 0.7588
vn -0.6644 -0.1788 0.7257
vn -0.6822 -0.2362 0.6919
vn -0.5611 -0.1126 0.8201
vn -0.5243 -0.1604 0.8363
vn -0.4842 -0.2149 0.8481
vn 0.1481 0.0452 0.9879
vn 0.2101 0.0234 0.9774
vn 0.2758 0.0118 0.9611
vn 0.1609 0.1038 0.9815
vn 0.2143 0.0770 0.9737
vn 0.2752 0.0583 0.9596
vn 0.4609 0.0452 0.8863
vn 0.4467 0.1038 0.8886
vn 0.4204 0.1668 0.8919
vn 0.4045 0.0234 0.9142
vn 0.3989 0.0770 0.9137
vn 0.3815 0.1394 0.9138
vn 0.2927 0.3209 0.9008
vn 0.2530 0.2782 0.9266
vn 0.2159 0.2270 0.9497
vn 0.3361 0.2784 0.8997
vn 0.2964 0.2445 0.9232
vn 0.2577 0.1994 0.9454
vn 0.3418 0.0118 0.9397
vn 0.3414 0.0583 0.9381
vn 0.3811 0.2273 0.8962
vn 0.3423 0.2000 0.9181
vn 0.1841 0.1668 0.9686
vn 0.2285 0.1394 0.9635
vn 0.2802 0.1067 0.9540
vn 0.3398 0.1193 0.9329
vn 0.2974 0.1707 0.9394
vn 0.0669 0.0136 0.9977
vn 0.1431 -0.0080 0.9897
vn 0.2096 -0.0193 0.9776
vn 0.2762 -0.0242 0.9608
vn 0.0881 0.0755 0.9932
vn 0.1134 0.1320 0.9847
vn 0.1445 0.1916 0.9708
vn 0.5323 0.0136 0.8464
vn 0.5126 0.0755 0.8553
vn 0.4871 0.1320 0.8633
vn 0.4537 0.1916 0.8703
vn 0.4660 -0.0080 0.8848
vn 0.4051 -0.0193 0.9141
vn 0.3413 -0.0242 0.9397
vn 0.2837 0.3967 0.8730
vn 0.2489 0.3533 0.9018
vn 0.2146 0.3057 0.9276
vn 0.1789 0.2506 0.9514
vn 0.3287 0.3533 0.8759
vn 0.3716 0.3057 0.8766
vn 0.4138 0.2507 0.8752
vn 0.1672 -0.1033 0.9805
vn 0.1816 -0.1546 0.9712
vn 0.2008 -0.2099 0.9569
vn 0.2195 -0.0933 0.9712
vn 0.2243 -0.1386 0.9646
vn 0.2354 -0.1914 0.9529
vn 0.2897 -0.3483 0.8915
vn 0.3278 -0.3101 0.8924
vn 0.3666 -0.2639 0.8922
vn 0.2593 -0.3101 0.9147
vn 0.2964 -0.2829 0.9122
vn 0.3365 -0.2450 0.9092
vn 0.4411 -0.1033 0.8915
vn 0.3933 -0.0933 0.9147
vn 0.3379 -0.0857 0.9373
vn 0.4239 -0.1546 0.8924
vn 0.3855 -0.1386 0.9122
vn 0.3364 -0.1249 0.9334
vn 0.2278 -0.2639 0.9373
vn 0.2622 -0.2450 0.9334
vn 0.4000 -0.2099 0.8922
vn 0.3696 -0.1914 0.9092
vn 0.2765 -0.1249 0.9529
vn 0.2735 -0.1764 0.9456
vn 0.3073 -0.2203 0.9257
vn 0.3292 -0.1658 0.9296
vn 0.0936 -0.0578 0.9939
vn 0.1201 -0.1132 0.9863
vn 0.1457 -0.1677 0.9750
vn 0.1720 -0.2243 0.9592
vn 0.1549 -0.0568 0.9863
vn 0.2151 -0.0553 0.9750
vn 0.2775 -0.0535 0.9592
vn 0.2791 -0.4290 0.8591
vn 0.3170 -0.3810 0.8685
vn 0.3536 -0.3322 0.8744
vn 0.3906 -0.2796 0.8771
vn 0.2540 -0.3810 0.8890
vn 0.2279 -0.3322 0.9153
vn 0.1996 -0.2796 0.9392
vn 0.5085 -0.0578 0.8591
vn 0.4544 -0.0568 0.8890
vn 0.3991 -0.0553 0.9153
vn 0.3393 -0.0535 0.9392
vn 0.4826 -0.1132 0.8685
vn 0.4553 -0.1677 0.8744
vn 0.4247 -0.2243 0.8771
vn 0.3869 -0.4324 0.8144
vn 0.4358 -0.4460 0.7818
vn 0.4928 -0.4506 0.7444
vn 0.4080 -0.3723 0.8336
vn 0.4484 -0.3912 0.8036
vn 0.5000 -0.4036 0.7663
vn 0.6558 -0.4053 0.6369
vn 0.6544 -0.3507 0.6699
vn 0.6443 -0.2946 0.7057
vn 0.6087 -0.4252 0.6698
vn 0.6123 -0.3745 0.6963
vn 0.6067 -0.3197 0.7278
vn 0.5598 -0.1527 0.8144
vn 0.5154 -0.1984 0.8336
vn 0.4737 -0.2519 0.8439
vn 0.5938 -0.1903 0.7818
vn 0.5505 -0.2261 0.8036
vn 0.5066 -0.2723 0.8180
vn 0.5534 -0.4425 0.7057
vn 0.5605 -0.3956 0.7275
vn 0.6234 -0.2393 0.7444
vn 0.5846 -0.2667 0.7663
vn 0.4372 -0.3110 0.8439
vn 0.4701 -0.3314 0.8180
vn 0.5117 -0.3572 0.7814
vn 0.5681 -0.3424 0.7484
vn 0.5365 -0.2983 0.7894
vn 0.3148 -0.4822 0.8175
vn 0.3719 -0.4922 0.7870
vn 0.4267 -0.4947 0.7571
vn 0.4861 -0.4915 0.7226
vn 0.3457 -0.4132 0.8425
vn 0.3767 -0.3537 0.8561
vn 0.4113 -0.2944 0.8626
vn 0.6976 -0.4311 0.5723
vn 0.6957 -0.3806 0.6093
vn 0.6888 -0.3286 0.6462
vn 0.6758 -0.2721 0.6850
vn 0.6515 -0.4520 0.6093
vn 0.6020 -0.4691 0.6462
vn 0.5461 -0.4822 0.6850
vn 0.5721 -0.0659 0.8175
vn 0.5242 -0.1244 0.8425
vn 0.4848 -0.1788 0.8561
vn 0.4473 -0.2362 0.8626
vn 0.6066 -0.1126 0.7870
vn 0.6333 -0.1604 0.7571
vn 0.6570 -0.2149 0.7226
vn 0.9854 0.0452 0.1644
vn 0.9945 0.0234 0.1022
vn 0.9993 0.0118 0.0347
vn 0.9832 0.1038 0.1503
vn 0.9923 0.0770 0.0971
vn 0.9977 0.0583 0.0348
vn 0.9854 0.0452 -0.1644
vn 0.9832 0.1038 -0.1503
vn 0.9781 0.1668 -0.1242
vn 0.9945 0.0234 -0.1022
vn 0.9923 0.0770 -0.0971
vn 0.9870 0.1394 -0.0804
vn 0.9471 0.3209 -0.0000
vn 0.9594 0.2782 0.0458
vn 0.9699 0.2270 0.0882
vn 0.9595 0.2784 -0.0417
vn 0.9697 0.2445 0.0034
vn 0.9788 0.1994 0.0470
vn 0.9993 0.0118 -0.0347
vn 0.9977 0.0583 -0.0348
vn 0.9701 0.2273 -0.0855
vn 0.9789 0.2000 -0.0418
vn 0.9781 0.1668 0.1242
vn 0.9870 0.1394 0.0804
vn 0.9939 0.1067 0.0283
vn 0.9923 0.1193 -0.0348
vn 0.9853 0.1707 0.0074
vn 0.9695 0.0136 0.2447
vn 0.9855 -0.0080 0.1698
vn 0.9945 -0.0193 0.1028
vn 0.9991 -0.0242 0.0342
vn 0.9719 0.0755 0.2232
vn 0.9716 0.1320 0.1965
vn 0.9679 0.1916 0.1625
vn 0.9695 0.0136 -0.2447
vn 0.9719 0.0755 -0.2232
vn 0.9716 0.1320 -0.1965
vn 0.9679 0.1916 -0.1626
vn 0.9855 -0.0080 -0.1698
vn 0.9945 -0.0193 -0.1028
vn 0.9991 -0.0242 -0.0342
vn 0.9179 0.3967 -0.0000
vn 0.9346 0.3533 0.0420
vn 0.9486 0.3057 0.0826
vn 0.9601 0.2506 0.1239
vn 0.9346 0.3533 -0.0420
vn 0.9486 0.3057 -0.0826
vn 0.9602 0.2507 -0.1231
vn 0.9842 -0.1033 0.1440
vn 0.9797 -0.1546 0.1274
vn 0.9721 -0.2099 0.1047
vn 0.9914 -0.0933 0.0914
vn 0.9867 -0.1386 0.0848
vn 0.9790 -0.1914 0.0706
vn 0.9374 -0.3483 -0.0000
vn 0.9500 -0.3101 -0.0360
vn 0.9618 -0.2639 -0.0730
vn 0.9500 -0.3101 0.0360
vn 0.9592 -0.2829 -0.0000
vn 0.9687 -0.2450 -0.0391
vn 0.9842 -0.1033 -0.1440
vn 0.9914 -0.0933 -0.0914
vn 0.9797 -0.1546 -0.1274
vn 0.9867 -0.1386 -0.0848
vn 0.9917 -0.1249 -0.0315
vn 0.9618 -0.2639 0.0730
vn 0.9687 -0.2450 0.0391
vn 0.9721 -0.2099 -0.1047
vn 0.9790 -0.1914 -0.0706
vn 0.9917 -0.1249 0.0315
vn 0.9838 -0.1764 0.0320
vn 0.9754 -0.2203 -0.0062
vn 0.9858 -0.1658 -0.0258
vn 0.9742 -0.0578 0.2182
vn 0.9751 -0.1132 0.1906
vn 0.9723 -0.1677 0.1628
vn 0.9654 -0.2243 0.1329
vn 0.9859 -0.0568 0.1574
vn 0.9938 -0.0553 0.0967
vn 0.9980 -0.0535 0.0325
vn 0.9033 -0.4290 -0.0000
vn 0.9240 -0.3810 -0.0331
vn 0.9409 -0.3322 -0.0661
vn 0.9549 -0.2796 -0.1004
vn 0.9240 -0.3810 0.0331
vn 0.9409 -0.3322 0.0661
vn 0.9549 -0.2796 0.1004
vn 0.9742 -0.0578 -0.2181
vn 0.9859 -0.0568 -0.1574
vn 0.9938 -0.0553 -0.0967
vn 0.9980 -0.0535 -0.0325
vn 0.9751 -0.1132 -0.1906
vn 0.9723 -0.1677 -0.1628
vn 0.9654 -0.2243 -0.1329
vn 0.8941 -0.4324 -0.1163
vn 0.8782 -0.4460 -0.1729
vn 0.8602 -0.4506 -0.2387
vn 0.9189 -0.3723 -0.1304
vn 0.9029 -0.3912 -0.1781
vn 0.8833 -0.4036 -0.2387
vn 0.8084 -0.4053 -0.4268
vn 0.8393 -0.3507 -0.4154
vn 0.8703 -0.2946 -0.3947
vn 0.8252 -0.4252 -0.3719
vn 0.8515 -0.3745 -0.3672
vn 0.8797 -0.3197 -0.3521
vn 0.9476 -0.1527 -0.2807
vn 0.9521 -0.1984 -0.2326
vn 0.9490 -0.2519 -0.1897
vn 0.9270 -0.1903 -0.3231
vn 0.9344 -0.2261 -0.2752
vn 0.9346 -0.2722 -0.2291
vn 0.8421 -0.4425 -0.3082
vn 0.8651 -0.3956 -0.3083
vn 0.9006 -0.2393 -0.3629
vn 0.9094 -0.2667 -0.3192
vn 0.9377 -0.3110 -0.1550
vn 0.9233 -0.3314 -0.1943
vn 0.9012 -0.3572 -0.2452
vn 0.8873 -0.3424 -0.3090
vn 0.9165 -0.2983 -0.2663
vn 0.8748 -0.4822 -0.0468
vn 0.8634 -0.4922 -0.1105
vn 0.8519 -0.4947 -0.1719
vn 0.8375 -0.4915 -0.2390
vn 0.9081 -0.4132 -0.0684
vn 0.9307 -0.3537 -0.0937
vn 0.9475 -0.2944 -0.1246
vn 0.7598 -0.4311 -0.4866
vn 0.7944 -0.3806 -0.4733
vn 0.8274 -0.3286 -0.4554
vn 0.8603 -0.2721 -0.4311
vn 0.7808 -0.4520 -0.4314
vn 0.8006 -0.4691 -0.3728
vn 0.8202 -0.4822 -0.3077
vn 0.9543 -0.0659 -0.2914
vn 0.9632 -0.1244 -0.2382
vn 0.9641 -0.1788 -0.1965
vn 0.9586 -0.2362 -0.1588
vn 0.9359 -0.1126 -0.3337
vn 0.9157 -0.1604 -0.3684
vn 0.8903 -0.2149 -0.4015
vn 0.4402 -0.7792 -0.4461
vn 0.4076 -0.7629 -0.5019
vn 0.3812 -0.7361 -0.5593
vn 0.4880 -0.7440 -0.4563
vn 0.4534 -0.7347 -0.5047
vn 0.4222 -0.7142 -0.5583
vn 0.3537 -0.6063 -0.7122
vn 0.4090 -0.5860 -0.6995
vn 0.4704 -0.5679 -0.6754
vn 0.3539 -0.6554 -0.6672
vn 0.4023 -0.6326 -0.6618
vn 0.4606 -0.6095 -0.6452
vn 0.6297 -0.5418 -0.5567
vn 0.6080 -0.5939 -0.5269
vn 0.5771 -0.6467 -0.4988
vn 0.5853 -0.5479 -0.5977
vn 0.5704 -0.5941 -0.5672
vn 0.5448 -0.6438 -0.5373
vn 0.3630 -0.6996 -0.6155
vn 0.4040 -0.6776 -0.6146
vn 0.5318 -0.5553 -0.6393
vn 0.5221 -0.5969 -0.6092
vn 0.5357 -0.6985 -0.4745
vn 0.5029 -0.6941 -0.5150
vn 0.4624 -0.6864 -0.5613
vn 0.4565 -0.6463 -0.6114
vn 0.5111 -0.6405 -0.5731
vn 0.4273 -0.8241 -0.3719
vn 0.3940 -0.8059 -0.4419
vn 0.3696 -0.7823 -0.5014
vn 0.3488 -0.7518 -0.5596
vn 0.4778 -0.7868 -0.3907
vn 0.5213 -0.7473 -0.4121
vn 0.5643 -0.7002 -0.4374
vn 0.2986 -0.5668 -0.7678
vn 0.3605 -0.5522 -0.7518
vn 0.4180 -0.5407 -0.7300
vn 0.4788 -0.5292 -0.7004
vn 0.3047 -0.6274 -0.7166
vn 0.3155 -0.6742 -0.6677
vn 0.3308 -0.7158 -0.6149
vn 0.6870 -0.4868 -0.5395
vn 0.6652 -0.5403 -0.5154
vn 0.6383 -0.5931 -0.4907
vn 0.6041 -0.6478 -0.4642
vn 0.6431 -0.4962 -0.5833
vn 0.5949 -0.5063 -0.6243
vn 0.5393 -0.5180 -0.6640
vn 0.3015 -0.8341 -0.4620
vn 0.2497 -0.8451 -0.4728
vn 0.1915 -0.8523 -0.4866
vn 0.2993 -0.8072 -0.5088
vn 0.2553 -0.8206 -0.5114
vn 0.2015 -0.8311 -0.5183
vn 0.0276 -0.8341 -0.5510
vn 0.0569 -0.8072 -0.5876
vn 0.0759 -0.8451 -0.5293
vn 0.0940 -0.8206 -0.5638
vn 0.1211 -0.7900 -0.6010
vn 0.2258 -0.6827 -0.6950
vn 0.2513 -0.7111 -0.6567
vn 0.2753 -0.7422 -0.6110
vn 0.1827 -0.7111 -0.6790
vn 0.2107 -0.7314 -0.6486
vn 0.2388 -0.7569 -0.6084
vn 0.1311 -0.8523 -0.5063
vn 0.1416 -0.8311 -0.5378
vn 0.1365 -0.7422 -0.6561
vn 0.1644 -0.7569 -0.6325
vn 0.2553 -0.7900 -0.5574
vn 0.2066 -0.8076 -0.5523
vn 0.1542 -0.8011 -0.5784
vn 0.2016 -0.7739 -0.6003
vn 0.3581 -0.8455 -0.3961
vn 0.3017 -0.8564 -0.4190
vn 0.2446 -0.8641 -0.4398
vn 0.1836 -0.8688 -0.4600
vn 0.3473 -0.8216 -0.4521
vn 0.3355 -0.7947 -0.5059
vn 0.3218 -0.7632 -0.5603
vn -0.0569 -0.8455 -0.5310
vn -0.0152 -0.8216 -0.5699
vn 0.0259 -0.7947 -0.6065
vn 0.0690 -0.7632 -0.6425
vn 0.0022 -0.8564 -0.5163
vn 0.0606 -0.8641 -0.4996
vn 0.1218 -0.8687 -0.4800
vn 0.2434 -0.6161 -0.7491
vn 0.2645 -0.6560 -0.7069
vn 0.2847 -0.6930 -0.6624
vn 0.3047 -0.7290 -0.6129
vn 0.2015 -0.6560 -0.7273
vn 0.1590 -0.6930 -0.7032
vn 0.1137 -0.7290 -0.6750
vn -0.0939 -0.7792 -0.6197
vn -0.1266 -0.7440 -0.6560
vn -0.1545 -0.6985 -0.6987
vn -0.0348 -0.7629 -0.6456
vn -0.0701 -0.7347 -0.6748
vn -0.1042 -0.6941 -0.7123
vn -0.1822 -0.5418 -0.8205
vn -0.1192 -0.5458 -0.8294
vn -0.0524 -0.5540 -0.8309
vn -0.1795 -0.5917 -0.7859
vn -0.1234 -0.5905 -0.7975
vn -0.0602 -0.5944 -0.8019
vn 0.1325 -0.6064 -0.7841
vn 0.1059 -0.6554 -0.7478
vn 0.0681 -0.6996 -0.7113
vn 0.0802 -0.5860 -0.8063
vn 0.0635 -0.6326 -0.7719
vn 0.0344 -0.6776 -0.7346
vn -0.1721 -0.6452 -0.7444
vn -0.1218 -0.6409 -0.7579
vn 0.0164 -0.5679 -0.8229
vn 0.0066 -0.6095 -0.7927
vn 0.0203 -0.7361 -0.6766
vn -0.0134 -0.7142 -0.6999
vn -0.0579 -0.6830 -0.7281
vn -0.0664 -0.6327 -0.7715
vn -0.0052 -0.6566 -0.7542
vn -0.1271 -0.8241 -0.5520
vn -0.1569 -0.7868 -0.5969
vn -0.1795 -0.7473 -0.6398
vn -0.1994 -0.7002 -0.6856
vn -0.0590 -0.8059 -0.5891
vn -0.0043 -0.7823 -0.6229
vn 0.0467 -0.7518 -0.6577
vn -0.2386 -0.4868 -0.8403
vn -0.1774 -0.4962 -0.8499
vn -0.1143 -0.5063 -0.8548
vn -0.0454 -0.5176 -0.8544
vn -0.2352 -0.5403 -0.8079
vn -0.2279 -0.5931 -0.7722
vn -0.2154 -0.6474 -0.7311
vn 0.2097 -0.5668 -0.7967
vn 0.1747 -0.6274 -0.7588
vn 0.1372 -0.6742 -0.7256
vn 0.0938 -0.7158 -0.6919
vn 0.1502 -0.5522 -0.8201
vn 0.0910 -0.5407 -0.8363
vn 0.0243 -0.5293 -0.8481
vn -0.2883 -0.7792 -0.5565
vn -0.3513 -0.7629 -0.5428
vn -0.4141 -0.7361 -0.5354
vn -0.2832 -0.7440 -0.6052
vn -0.3399 -0.7347 -0.5871
vn -0.4005 -0.7142 -0.5741
vn -0.5680 -0.6063 -0.5565
vn -0.5388 -0.5860 -0.6052
vn -0.4970 -0.5679 -0.6561
vn -0.5252 -0.6554 -0.5428
vn -0.5051 -0.6326 -0.5871
vn -0.4713 -0.6095 -0.6375
vn -0.3349 -0.5418 -0.7709
vn -0.3132 -0.5939 -0.7411
vn -0.2960 -0.6467 -0.7030
vn -0.3876 -0.5479 -0.7413
vn -0.3632 -0.5941 -0.7177
vn -0.3426 -0.6438 -0.6842
vn -0.4732 -0.6996 -0.5354
vn -0.4596 -0.6776 -0.5741
vn -0.4437 -0.5553 -0.7034
vn -0.4180 -0.5969 -0.6848
vn -0.2857 -0.6985 -0.6561
vn -0.3344 -0.6941 -0.6375
vn -0.3909 -0.6864 -0.6132
vn -0.4404 -0.6463 -0.6231
vn -0.3871 -0.6405 -0.6632
vn -0.2217 -0.8241 -0.5213
vn -0.2985 -0.8059 -0.5113
vn -0.3627 -0.7823 -0.5064
vn -0.4244 -0.7518 -0.5046
vn -0.2239 -0.7868 -0.5752
vn -0.2309 -0.7473 -0.6231
vn -0.2416 -0.7002 -0.6719
vn -0.6380 -0.5668 -0.5213
vn -0.6036 -0.5522 -0.5752
vn -0.5652 -0.5407 -0.6231
vn -0.5182 -0.5292 -0.6719
vn -0.5873 -0.6274 -0.5113
vn -0.5375 -0.6742 -0.5064
vn -0.4826 -0.7158 -0.5047
vn -0.3009 -0.4868 -0.8201
vn -0.2846 -0.5403 -0.7919
vn -0.2695 -0.5931 -0.7587
vn -0.2548 -0.6478 -0.7179
vn -0.3560 -0.4962 -0.7919
vn -0.4100 -0.5063 -0.7587
vn -0.4648 -0.5180 -0.7181
vn -0.3462 -0.8341 -0.4295
vn -0.3725 -0.8451 -0.3836
vn -0.4036 -0.8523 -0.3325
vn -0.3914 -0.8072 -0.4419
vn -0.4075 -0.8206 -0.4008
vn -0.4307 -0.8311 -0.3518
vn -0.5155 -0.8341 -0.1965
vn -0.5412 -0.8072 -0.2357
vn -0.5651 -0.7756 -0.2811
vn -0.4799 -0.8451 -0.2357
vn -0.5071 -0.8206 -0.2636
vn -0.5342 -0.7900 -0.3009
vn -0.5912 -0.6827 -0.4295
vn -0.5469 -0.7111 -0.4419
vn -0.5893 -0.7111 -0.3836
vn -0.5517 -0.7314 -0.4008
vn -0.5048 -0.7569 -0.4151
vn -0.4410 -0.8523 -0.2811
vn -0.4677 -0.8311 -0.3009
vn -0.5818 -0.7422 -0.3325
vn -0.5507 -0.7569 -0.3518
vn -0.4512 -0.7900 -0.4151
vn -0.4615 -0.8076 -0.3672
vn -0.5024 -0.8011 -0.3254
vn -0.5087 -0.7739 -0.3773
vn -0.2661 -0.8455 -0.4630
vn -0.3053 -0.8564 -0.4164
vn -0.3427 -0.8641 -0.3685
vn -0.3807 -0.8688 -0.3168
vn -0.3227 -0.8216 -0.4700
vn -0.3774 -0.7947 -0.4754
vn -0.4335 -0.7632 -0.4792
vn -0.5225 -0.8455 -0.1100
vn -0.5467 -0.8216 -0.1616
vn -0.5688 -0.7947 -0.2121
vn -0.5897 -0.7632 -0.2642
vn -0.4903 -0.8564 -0.1616
vn -0.4564 -0.8641 -0.2121
vn -0.4189 -0.8688 -0.2642
vn -0.6372 -0.6161 -0.4630
vn -0.5905 -0.6560 -0.4700
vn -0.5420 -0.6930 -0.4754
vn -0.4887 -0.7290 -0.4792
vn -0.6295 -0.6560 -0.4164
vn -0.6196 -0.6930 -0.3685
vn -0.6068 -0.7290 -0.3168
vn -0.6183 -0.7792 -0.1022
vn -0.6631 -0.7440 -0.0823
vn -0.7123 -0.6985 -0.0690
vn -0.6248 -0.7629 -0.1664
vn -0.6634 -0.7347 -0.1419
vn -0.7096 -0.6941 -0.1211
vn -0.8367 -0.5418 -0.0803
vn -0.8256 -0.5458 -0.1430
vn -0.8064 -0.5540 -0.2069
vn -0.8029 -0.5917 -0.0721
vn -0.7966 -0.5905 -0.1291
vn -0.7813 -0.5944 -0.1905
vn -0.7048 -0.6063 -0.3683
vn -0.6785 -0.6554 -0.3318
vn -0.6554 -0.6996 -0.2846
vn -0.7421 -0.5860 -0.3255
vn -0.7145 -0.6326 -0.2989
vn -0.6880 -0.6776 -0.2597
vn -0.7611 -0.6452 -0.0663
vn -0.7585 -0.6409 -0.1183
vn -0.7776 -0.5679 -0.2699
vn -0.7519 -0.6095 -0.2512
vn -0.6372 -0.7361 -0.2284
vn -0.6698 -0.7142 -0.2035
vn -0.7104 -0.6830 -0.1699
vn -0.7543 -0.6327 -0.1752
vn -0.7189 -0.6566 -0.2281
vn -0.5643 -0.8241 -0.0497
vn -0.6162 -0.7868 -0.0352
vn -0.6639 -0.7473 -0.0270
vn -0.7136 -0.7002 -0.0222
vn -0.5785 -0.8059 -0.1259
vn -0.5937 -0.7823 -0.1884
vn -0.6111 -0.7518 -0.2477
vn -0.8729 -0.4868 -0.0327
vn -0.8631 -0.4962 -0.0939
vn -0.8482 -0.5063 -0.1554
vn -0.8266 -0.5176 -0.2208
vn -0.8410 -0.5403 -0.0260
vn -0.8048 -0.5931 -0.0219
vn -0.7619 -0.6474 -0.0210
vn -0.6929 -0.5668 -0.4456
vn -0.6677 -0.6274 -0.4006
vn -0.6477 -0.6742 -0.3547
vn -0.6291 -0.7158 -0.3030
vn -0.7335 -0.5522 -0.3963
vn -0.7672 -0.5407 -0.3450
vn -0.7991 -0.5292 -0.2852
vn -0.6183 -0.7792 0.1022
vn -0.6248 -0.7629 0.1664
vn -0.6372 -0.7361 0.2284
vn -0.6631 -0.7440 0.0823
vn -0.6634 -0.7347 0.1419
vn -0.6698 -0.7142 0.2035
vn -0.7048 -0.6063 0.3683
vn -0.7421 -0.5860 0.3255
vn -0.7776 -0.5679 0.2699
vn -0.6785 -0.6554 0.3318
vn -0.7145 -0.6326 0.2989
vn -0.7519 -0.6095 0.2512
vn -0.8367 -0.5418 0.0803
vn -0.8016 -0.5939 0.0689
vn -0.7601 -0.6467 0.0643
vn -0.8248 -0.5479 0.1395
vn -0.7948 -0.5941 0.1236
vn -0.7566 -0.6438 0.1144
vn -0.6554 -0.6996 0.2846
vn -0.6880 -0.6776 0.2597
vn -0.8061 -0.5553 0.2046
vn -0.7805 -0.5969 0.1860
vn -0.7123 -0.6985 0.0690
vn -0.7096 -0.6941 0.1211
vn -0.7040 -0.6864 0.1823
vn -0.7287 -0.6463 0.2263
vn -0.7504 -0.6405 0.1632
vn -0.5643 -0.8241 0.0497
vn -0.5785 -0.8059 0.1259
vn -0.5937 -0.7823 0.1884
vn -0.6111 -0.7518 0.2477
vn -0.6162 -0.7868 0.0352
vn -0.6639 -0.7473 0.0270
vn -0.7136 -0.7002 0.0222
vn -0.6929 -0.5668 0.4456
vn -0.7335 -0.5522 0.3963
vn -0.7672 -0.5407 0.3450
vn -0.7991 -0.5292 0.2852
vn -0.6677 -0.6274 0.4006
vn -0.6477 -0.6742 0.3547
vn -0.6291 -0.7158 0.3030
vn -0.8729 -0.4868 0.0327
vn -0.8410 -0.5403 0.0260
vn -0.8048 -0.5931 0.0219
vn -0.7615 -0.6478 0.0204
vn -0.8631 -0.4962 0.0939
vn -0.8482 -0.5063 0.1555
vn -0.8266 -0.5180 0.2202
vn -0.5155 -0.8341 0.1965
vn -0.4799 -0.8451 0.2357
vn -0.4410 -0.8523 0.2811
vn -0.5412 -0.8072 0.2357
vn -0.5071 -0.8206 0.2636
vn -0.4677 -0.8311 0.3009
vn -0.3462 -0.8341 0.4295
vn -0.3914 -0.8072 0.4419
vn -0.3725 -0.8451 0.3836
vn -0.4075 -0.8206 0.4008
vn -0.4512 -0.7900 0.4151
vn -0.5912 -0.6827 0.4295
vn -0.5893 -0.7111 0.3836
vn -0.5818 -0.7422 0.3325
vn -0.5469 -0.7111 0.4419
vn -0.5517 -0.7314 0.4008
vn -0.5507 -0.7569 0.3518
vn -0.4036 -0.8523 0.3325
vn -0.4307 -0.8311 0.3518
vn -0.5048 -0.7569 0.4151
vn -0.5651 -0.7756 0.2811
vn -0.5342 -0.7900 0.3009
vn -0.4918 -0.8076 0.3254
vn -0.4647 -0.8011 0.3773
vn -0.5160 -0.7739 0.3672
vn -0.5225 -0.8455 0.1100
vn -0.4903 -0.8564 0.1616
vn -0.4564 -0.8641 0.2121
vn -0.4189 -0.8688 0.2642
vn -0.5467 -0.8216 0.1616
vn -0.5688 -0.7947 0.2121
vn -0.5897 -0.7632 0.2642
vn -0.2661 -0.8455 0.4630
vn -0.3227 -0.8216 0.4700
vn -0.3774 -0.7947 0.4754
vn -0.4335 -0.7632 0.4792
vn -0.3053 -0.8564 0.4164
vn -0.3427 -0.8641 0.3685
vn -0.3807 -0.8688 0.3168
vn -0.6372 -0.6161 0.4630
vn -0.6295 -0.6560 0.4164
vn -0.6196 -0.6930 0.3685
vn -0.6068 -0.7290 0.3168
vn -0.5905 -0.6560 0.4700
vn -0.5420 -0.6930 0.4754
vn -0.4887 -0.7290 0.4792
vn -0.2883 -0.7792 0.5565
vn -0.2832 -0.7440 0.6052
vn -0.2857 -0.6985 0.6561
vn -0.3513 -0.7629 0.5428
vn -0.3399 -0.7347 0.5871
vn -0.3344 -0.6941 0.6375
vn -0.3349 -0.5418 0.7709
vn -0.3911 -0.5458 0.7411
vn -0.4460 -0.5540 0.7030
vn -0.3167 -0.5917 0.7413
vn -0.3690 -0.5905 0.7177
vn -0.4226 -0.5944 0.6842
vn -0.5680 -0.6063 0.5565
vn -0.5252 -0.6554 0.5428
vn -0.4732 -0.6996 0.5354
vn -0.5388 -0.5860 0.6052
vn -0.5051 -0.6326 0.5871
vn -0.4596 -0.6776 0.5741
vn -0.2983 -0.6452 0.7034
vn -0.3469 -0.6409 0.6848
vn -0.4970 -0.5679 0.6561
vn -0.4713 -0.6095 0.6375
vn -0.4141 -0.7361 0.5354
vn -0.4005 -0.7142 0.5741
vn -0.3811 -0.6830 0.6231
vn -0.3998 -0.6327 0.6632
vn -0.4391 -0.6566 0.6132
vn -0.2217 -0.8241 0.5213
vn -0.2239 -0.7868 0.5752
vn -0.2309 -0.7473 0.6231
vn -0.2416 -0.7002 0.6719
vn -0.2985 -0.8059 0.5113
vn -0.3627 -0.7823 0.5064
vn -0.4244 -0.7518 0.5046
vn -0.3009 -0.4868 0.8201
vn -0.3560 -0.4962 0.7919
vn -0.4100 -0.5063 0.7587
vn -0.4655 -0.5176 0.7179
vn -0.2846 -0.5403 0.7919
vn -0.2695 -0.5931 0.7587
vn -0.2554 -0.6474 0.7181
vn -0.6380 -0.5668 0.5213
vn -0.5873 -0.6274 0.5113
vn -0.5375 -0.6742 0.5064
vn -0.4826 -0.7158 0.5046
vn -0.6036 -0.5522 0.5752
vn -0.5652 -0.5407 0.6231
vn -0.5182 -0.5292 0.6719
vn 0.7866 -0.6063 -0.1163
vn 0.7439 -0.6554 -0.1304
vn 0.6975 -0.6996 -0.1550
vn 0.7916 -0.5860 -0.1729
vn 0.7537 -0.6326 -0.1781
vn 0.7093 -0.6776 -0.1943
vn 0.5603 -0.7792 -0.2807
vn 0.5848 -0.7440 -0.3231
vn 0.6168 -0.6985 -0.3629
vn 0.6033 -0.7629 -0.2326
vn 0.6201 -0.7346 -0.2752
vn 0.6453 -0.6941 -0.3192
vn 0.7240 -0.5418 -0.4268
vn 0.7520 -0.5458 -0.3696
vn 0.7740 -0.5540 -0.3066
vn 0.6920 -0.5917 -0.4136
vn 0.7204 -0.5905 -0.3638
vn 0.7441 -0.5944 -0.3051
vn 0.6497 -0.7361 -0.1897
vn 0.6615 -0.7142 -0.2291
vn 0.6547 -0.6452 -0.3937
vn 0.6832 -0.6409 -0.3501
vn 0.7877 -0.5679 -0.2387
vn 0.7560 -0.6095 -0.2387
vn 0.7157 -0.6566 -0.2380
vn 0.6746 -0.6830 -0.2801
vn 0.7132 -0.6327 -0.3016
vn 0.8225 -0.5668 -0.0467
vn 0.7757 -0.6274 -0.0684
vn 0.7325 -0.6742 -0.0937
vn 0.6871 -0.7158 -0.1246
vn 0.8264 -0.5522 -0.1105
vn 0.8235 -0.5407 -0.1719
vn 0.8141 -0.5292 -0.2390
vn 0.4857 -0.8241 -0.2914
vn 0.5192 -0.7868 -0.3337
vn 0.5530 -0.7473 -0.3684
vn 0.5904 -0.7002 -0.4015
vn 0.5420 -0.8059 -0.2382
vn 0.5911 -0.7823 -0.1965
vn 0.6400 -0.7518 -0.1588
vn 0.7254 -0.4868 -0.4866
vn 0.7535 -0.4962 -0.4314
vn 0.7776 -0.5063 -0.3728
vn 0.7986 -0.5176 -0.3072
vn 0.6957 -0.5403 -0.4733
vn 0.6640 -0.5931 -0.4554
vn 0.6287 -0.6474 -0.4308
vn 0.7307 -0.6827 -0.0000
vn 0.7022 -0.7111 0.0360
vn 0.7022 -0.7111 -0.0360
vn 0.6819 -0.7314 -0.0000
vn 0.6524 -0.7569 0.0391
vn 0.5325 -0.8341 0.1440
vn 0.5268 -0.8451 0.0914
vn 0.5220 -0.8523 0.0318
vn 0.5764 -0.8072 0.1274
vn 0.5652 -0.8206 0.0848
vn 0.5552 -0.8311 0.0315
vn 0.5325 -0.8341 -0.1440
vn 0.5764 -0.8072 -0.1274
vn 0.6224 -0.7756 -0.1047
vn 0.5268 -0.8451 -0.0914
vn 0.5652 -0.8206 -0.0848
vn 0.6090 -0.7900 -0.0706
vn 0.6224 -0.7756 0.1047
vn 0.6090 -0.7900 0.0706
vn 0.5220 -0.8523 -0.0318
vn 0.5552 -0.8311 -0.0315
vn 0.6524 -0.7569 -0.0391
vn 0.6333 -0.7739 0.0062
vn 0.5892 -0.8076 0.0258
vn 0.5977 -0.8011 -0.0320
vn 0.7877 -0.6161 -0.0000
vn 0.7540 -0.6560 0.0331
vn 0.7179 -0.6930 0.0661
vn 0.6771 -0.7290 0.1004
vn 0.7540 -0.6560 -0.0331
vn 0.7179 -0.6930 -0.0661
vn 0.6771 -0.7290 -0.1004
vn 0.4874 -0.8455 0.2181
vn 0.4917 -0.8564 0.1574
vn 0.4939 -0.8641 0.0967
vn 0.4942 -0.8687 0.0325
vn 0.5373 -0.8216 0.1906
vn 0.5848 -0.7947 0.1628
vn 0.6324 -0.7632 0.1329
vn 0.4874 -0.8455 -0.2181
vn 0.5373 -0.8216 -0.1906
vn 0.5848 -0.7947 -0.1628
vn 0.6324 -0.7632 -0.1329
vn 0.4917 -0.8564 -0.1574
vn 0.4939 -0.8641 -0.0967
vn 0.4942 -0.8688 -0.0325
vn 0.4002 -0.9015 0.1644
vn 0.3469 -0.9258 0.1503
vn 0.2882 -0.9495 0.1242
vn 0.4238 -0.9000 0.1022
vn 0.3749 -0.9220 0.0971
vn 0.3167 -0.9451 0.0804
vn 0.1365 -0.9906 -0.0000
vn 0.1802 -0.9826 -0.0458
vn 0.2307 -0.9690 -0.0881
vn 0.1801 -0.9828 0.0417
vn 0.2150 -0.9766 -0.0034
vn 0.2594 -0.9646 -0.0470
vn 0.4002 -0.9015 -0.1644
vn 0.4238 -0.9000 -0.1022
vn 0.4364 -0.8991 -0.0347
vn 0.3469 -0.9258 -0.1503
vn 0.3749 -0.9220 -0.0971
vn 0.3940 -0.9184 -0.0348
vn 0.2305 -0.9693 0.0855
vn 0.2589 -0.9650 0.0418
vn 0.2882 -0.9495 -0.1242
vn 0.3167 -0.9451 -0.0804
vn 0.4364 -0.8991 0.0347
vn 0.3940 -0.9184 0.0348
vn 0.3371 -0.9408 0.0348
vn 0.2880 -0.9576 -0.0074
vn 0.3491 -0.9367 -0.0283
vn 0.4214 -0.8732 0.2447
vn 0.3671 -0.9030 0.2232
vn 0.3164 -0.9280 0.1965
vn 0.2615 -0.9514 0.1625
vn 0.4479 -0.8778 0.1698
vn 0.4620 -0.8809 0.1028
vn 0.4685 -0.8828 0.0342
vn 0.0557 -0.9984 -0.0000
vn 0.1020 -0.9939 -0.0420
vn 0.1508 -0.9851 -0.0826
vn 0.2053 -0.9708 -0.1238
vn 0.1020 -0.9939 0.0420
vn 0.1508 -0.9851 0.0826
vn 0.2052 -0.9710 0.1231
vn 0.4214 -0.8732 -0.2447
vn 0.4479 -0.8778 -0.1698
vn 0.4620 -0.8809 -0.1028
vn 0.4685 -0.8828 -0.0342
vn 0.3671 -0.9030 -0.2232
vn 0.3164 -0.9280 -0.1965
vn 0.2615 -0.9514 -0.1625
vn -0.0938 -0.7792 0.6197
vn -0.0348 -0.7629 0.6456
vn 0.0203 -0.7361 0.6766
vn -0.1266 -0.7440 0.6560
vn -0.0701 -0.7347 0.6748
vn -0.0134 -0.7142 0.6999
vn 0.1325 -0.6063 0.7841
vn 0.0802 -0.5860 0.8063
vn 0.0164 -0.5679 0.8229
vn 0.1059 -0.6554 0.7478
vn 0.0635 -0.6326 0.7719
vn 0.0066 -0.6095 0.7927
vn -0.1822 -0.5418 0.8205
vn -0.1822 -0.5939 0.7836
vn -0.1737 -0.6467 0.7427
vn -0.1222 -0.5479 0.8276
vn -0.1280 -0.5941 0.7941
vn -0.1250 -0.6438 0.7549
vn 0.0681 -0.6996 0.7113
vn 0.0344 -0.6776 0.7346
vn -0.0545 -0.5553 0.8298
vn -0.0643 -0.5969 0.7997
vn -0.1545 -0.6985 0.6987
vn -0.1042 -0.6941 0.7123
vn -0.0442 -0.6864 0.7259
vn -0.0099 -0.6463 0.7630
vn -0.0766 -0.6405 0.7641
vn -0.1271 -0.8241 0.5520
vn -0.0590 -0.8059 0.5891
vn -0.0043 -0.7823 0.6229
vn 0.0468 -0.7518 0.6577
vn -0.1569 -0.7868 0.5969
vn -0.1795 -0.7473 0.6398
vn -0.1994 -0.7002 0.6856
vn 0.2097 -0.5668 0.7967
vn 0.1502 -0.5522 0.8201
vn 0.0910 -0.5407 0.8363
vn 0.0243 -0.5292 0.8481
vn 0.1747 -0.6274 0.7588
vn 0.1372 -0.6742 0.7256
vn 0.0938 -0.7158 0.6919
vn -0.2386 -0.4868 0.8403
vn -0.2352 -0.5403 0.8079
vn -0.2279 -0.5931 0.7722
vn -0.2159 -0.6478 0.7306
vn -0.1774 -0.4962 0.8499
vn -0.1143 -0.5063 0.8548
vn -0.0460 -0.5180 0.8541
vn 0.0276 -0.8341 0.5510
vn 0.0759 -0.8451 0.5293
vn 0.1311 -0.8523 0.5063
vn 0.0569 -0.8072 0.5876
vn 0.0940 -0.8206 0.5638
vn 0.1416 -0.8311 0.5378
vn 0.3015 -0.8341 0.4620
vn 0.2993 -0.8072 0.5088
vn 0.2497 -0.8451 0.4728
vn 0.2553 -0.8206 0.5114
vn 0.2553 -0.7900 0.5574
vn 0.2258 -0.6827 0.6950
vn 0.1827 -0.7111 0.6790
vn 0.1365 -0.7422 0.6561
vn 0.2513 -0.7111 0.6567
vn 0.2107 -0.7314 0.6486
vn 0.1644 -0.7569 0.6325
vn 0.1915 -0.8523 0.4866
vn 0.2015 -0.8311 0.5183
vn 0.2753 -0.7422 0.6110
vn 0.2388 -0.7569 0.6084
vn 0.1211 -0.7900 0.6010
vn 0.1575 -0.8076 0.5683
vn 0.2152 -0.8011 0.5586
vn 0.1898 -0.7739 0.6042
vn -0.0569 -0.8455 0.5310
vn 0.0022 -0.8564 0.5163
vn 0.0606 -0.8641 0.4996
vn 0.1218 -0.8688 0.4800
vn -0.0152 -0.8216 0.5699
vn 0.0259 -0.7947 0.6065
vn 0.0690 -0.7632 0.6425
vn 0.3581 -0.8455 0.3961
vn 0.3473 -0.8216 0.4521
vn 0.3355 -0.7947 0.5059
vn 0.3218 -0.7632 0.5604
vn 0.3017 -0.8564 0.4190
vn 0.2446 -0.8641 0.4398
vn 0.1836 -0.8688 0.4600
vn 0.2434 -0.6161 0.7491
vn 0.2015 -0.6560 0.7273
vn 0.1590 -0.6930 0.7032
vn 0.1138 -0.7290 0.6750
vn 0.2645 -0.6560 0.7069
vn 0.2847 -0.6930 0.6624
vn 0.3047 -0.7290 0.6129
vn 0.4402 -0.7792 0.4461
vn 0.4880 -0.7440 0.4563
vn 0.5357 -0.6985 0.4745
vn 0.4076 -0.7629 0.5019
vn 0.4534 -0.7347 0.5047
vn 0.5029 -0.6941 0.5150
vn 0.6297 -0.5418 0.5567
vn 0.5839 -0.5458 0.6010
vn 0.5308 -0.5540 0.6414
vn 0.6072 -0.5917 0.5303
vn 0.5686 -0.5905 0.5727
vn 0.5201 -0.5944 0.6134
vn 0.3537 -0.6063 0.7122
vn 0.3539 -0.6554 0.6672
vn 0.3630 -0.6996 0.6155
vn 0.4090 -0.5860 0.6995
vn 0.4023 -0.6326 0.6618
vn 0.4040 -0.6776 0.6146
vn 0.5768 -0.6452 0.5010
vn 0.5441 -0.6409 0.5416
vn 0.4704 -0.5679 0.6754
vn 0.4606 -0.6095 0.6452
vn 0.3812 -0.7361 0.5593
vn 0.4222 -0.7142 0.5583
vn 0.4748 -0.6830 0.5550
vn 0.5072 -0.6327 0.5851
vn 0.4476 -0.6566 0.6071
vn 0.4273 -0.8241 0.3719
vn 0.4778 -0.7868 0.3907
vn 0.5213 -0.7473 0.4121
vn 0.5643 -0.7002 0.4374
vn 0.3940 -0.8059 0.4419
vn 0.3696 -0.7823 0.5014
vn 0.3488 -0.7518 0.5596
vn 0.6870 -0.4868 0.5395
vn 0.6431 -0.4962 0.5833
vn 0.5949 -0.5063 0.6243
vn 0.5390 -0.5176 0.6646
vn 0.6652 -0.5403 0.5154
vn 0.6383 -0.5931 0.4907
vn 0.6040 -0.6474 0.4648
vn 0.2986 -0.5668 0.7678
vn 0.3047 -0.6274 0.7166
vn 0.3155 -0.6742 0.6677
vn 0.3308 -0.7158 0.6149
vn 0.3605 -0.5522 0.7518
vn 0.4180 -0.5407 0.7300
vn 0.4788 -0.5292 0.7004
vt 0.187412 0.026318
vt 0.176226 0.026318
vt 0.181819 0.018058
vt 0.187042 0.039755
vt 0.181819 0.032987
vt 0.192826 0.034666
vt 0.191644 0.046815
vt 0.176596 0.039755
vt 0.170812 0.034666
vt 0.181819 0.044793
vt 0.185930 0.050114
vt 0.200536 0.070424
vt 0.207062 0.060728
vt 0.210724 0.069720
vt 0.191006 0.070931
vt 0.198391 0.062237
vt 0.181819 0.071127
vt 0.190016 0.063376
vt 0.202728 0.051865
vt 0.195417 0.054329
vt 0.181819 0.063832
vt 0.188455 0.056334
vt 0.156576 0.060728
vt 0.163102 0.070424
vt 0.152914 0.069720
vt 0.160910 0.051865
vt 0.165247 0.062237
vt 0.165676 0.043167
vt 0.168221 0.054329
vt 0.172632 0.070931
vt 0.173622 0.063376
vt 0.171994 0.046815
vt 0.175183 0.056334
vt 0.197962 0.043167
vt 0.181819 0.071127
vt 0.181819 0.063832
vt 0.165676 0.043167
vt 0.177708 0.050114
vt 0.181819 0.052487
vt 0.181819 0.057234
vt 0.187501 0.009841
vt 0.176137 0.009841
vt 0.181819 0.000000
vt 0.193183 0.019683
vt 0.198864 0.029524
vt 0.197962 0.043167
vt 0.170455 0.019683
vt 0.164774 0.029524
vt 0.159092 0.039365
vt 0.212383 0.078953
vt 0.221592 0.068889
vt 0.227273 0.078731
vt 0.201350 0.078799
vt 0.191363 0.078739
vt 0.181819 0.078731
vt 0.215910 0.059048
vt 0.210228 0.049207
vt 0.204546 0.039365
vt 0.142046 0.068889
vt 0.151255 0.078953
vt 0.136365 0.078731
vt 0.147728 0.059048
vt 0.153410 0.049207
vt 0.162288 0.078799
vt 0.172275 0.078739
vt 0.181819 0.078730
vt 0.292940 0.139458
vt 0.299465 0.149155
vt 0.289277 0.148450
vt 0.304585 0.133060
vt 0.301611 0.140968
vt 0.297273 0.130596
vt 0.308358 0.125545
vt 0.309985 0.142107
vt 0.308996 0.149661
vt 0.311547 0.135064
vt 0.314072 0.128844
vt 0.324358 0.106039
vt 0.312698 0.105236
vt 0.318654 0.097568
vt 0.329562 0.114040
vt 0.318340 0.111991
vt 0.334325 0.121897
vt 0.323514 0.118674
vt 0.307189 0.113420
vt 0.312979 0.118520
vt 0.328007 0.125545
vt 0.318196 0.123547
vt 0.336787 0.148958
vt 0.342848 0.138459
vt 0.346617 0.147634
vt 0.327355 0.149637
vt 0.334597 0.140694
vt 0.318182 0.149858
vt 0.326360 0.142073
vt 0.338720 0.129952
vt 0.331672 0.132872
vt 0.318183 0.142562
vt 0.324804 0.135041
vt 0.302040 0.121897
vt 0.308358 0.125545
vt 0.334325 0.121897
vt 0.318183 0.142562
vt 0.318183 0.149858
vt 0.318182 0.135964
vt 0.318182 0.131218
vt 0.322293 0.128844
vt 0.278410 0.147620
vt 0.287616 0.157687
vt 0.272728 0.157461
vt 0.284092 0.137778
vt 0.289773 0.127937
vt 0.302040 0.121897
vt 0.298651 0.157529
vt 0.308639 0.157470
vt 0.318182 0.157461
vt 0.325820 0.091515
vt 0.312501 0.088572
vt 0.318182 0.078731
vt 0.331203 0.101147
vt 0.336145 0.109826
vt 0.340910 0.118096
vt 0.306819 0.098413
vt 0.301137 0.108254
vt 0.295455 0.118096
vt 0.348619 0.157461
vt 0.356128 0.144455
vt 0.363637 0.157461
vt 0.337674 0.157461
vt 0.327721 0.157461
vt 0.350656 0.134976
vt 0.345679 0.126357
vt 0.340910 0.118096
vt 0.914684 0.026318
vt 0.903498 0.026318
vt 0.909091 0.018058
vt 0.914314 0.039755
vt 0.909091 0.032987
vt 0.920098 0.034666
vt 0.918916 0.046815
vt 0.903868 0.039755
vt 0.898084 0.034666
vt 0.909091 0.044793
vt 0.913202 0.050114
vt 0.927809 0.070424
vt 0.934334 0.060728
vt 0.937997 0.069720
vt 0.918278 0.070931
vt 0.925663 0.062237
vt 0.909091 0.071127
vt 0.917288 0.063376
vt 0.930000 0.051865
vt 0.922689 0.054329
vt 0.909091 0.063832
vt 0.915727 0.056334
vt 0.883848 0.060728
vt 0.890374 0.070424
vt 0.880186 0.069720
vt 0.888182 0.051865
vt 0.892519 0.062237
vt 0.892948 0.043167
vt 0.895493 0.054329
vt 0.899904 0.070931
vt 0.900894 0.063376
vt 0.899266 0.046815
vt 0.902455 0.056334
vt 0.925234 0.043167
vt 0.918916 0.046815
vt 0.909091 0.071127
vt 0.909091 0.063832
vt 0.892948 0.043167
vt 0.904980 0.050114
vt 0.909091 0.052487
vt 0.909091 0.057234
vt 0.914773 0.009841
vt 0.903409 0.009841
vt 0.909091 0.000000
vt 0.920455 0.019683
vt 0.926136 0.029524
vt 0.925234 0.043167
vt 0.897727 0.019683
vt 0.892046 0.029524
vt 0.886364 0.039365
vt 0.939655 0.078953
vt 0.948864 0.068889
vt 0.954545 0.078731
vt 0.928622 0.078799
vt 0.918635 0.078739
vt 0.909091 0.078731
vt 0.943182 0.059048
vt 0.937500 0.049207
vt 0.931818 0.039365
vt 0.869318 0.068889
vt 0.878527 0.078953
vt 0.863636 0.078731
vt 0.875000 0.059048
vt 0.880682 0.049207
vt 0.889560 0.078799
vt 0.899547 0.078739
vt 0.909091 0.078730
vt 0.732866 0.026318
vt 0.721680 0.026318
vt 0.727273 0.018058
vt 0.732496 0.039755
vt 0.727273 0.032987
vt 0.738280 0.034666
vt 0.737098 0.046815
vt 0.722050 0.039755
vt 0.716266 0.034666
vt 0.727273 0.044793
vt 0.731384 0.050114
vt 0.745991 0.070424
vt 0.752516 0.060728
vt 0.756178 0.069720
vt 0.736460 0.070931
vt 0.743845 0.062237
vt 0.727273 0.071127
vt 0.735470 0.063376
vt 0.748182 0.051865
vt 0.740871 0.054329
vt 0.727273 0.063832
vt 0.733909 0.056334
vt 0.702030 0.060728
vt 0.708556 0.070424
vt 0.698368 0.069720
vt 0.706364 0.051865
vt 0.710701 0.062237
vt 0.711130 0.043167
vt 0.713675 0.054329
vt 0.718086 0.070931
vt 0.719076 0.063376
vt 0.717448 0.046815
vt 0.720637 0.056334
vt 0.743416 0.043167
vt 0.727273 0.071127
vt 0.727273 0.063832
vt 0.711130 0.043167
vt 0.723162 0.050114
vt 0.727273 0.052487
vt 0.727273 0.057234
vt 0.732955 0.009841
vt 0.721591 0.009841
vt 0.727273 0.000000
vt 0.738637 0.019683
vt 0.744318 0.029524
vt 0.743416 0.043167
vt 0.715909 0.019683
vt 0.710228 0.029524
vt 0.704546 0.039365
vt 0.757837 0.078953
vt 0.767046 0.068889
vt 0.772727 0.078731
vt 0.746804 0.078799
vt 0.736817 0.078739
vt 0.727273 0.078731
vt 0.761364 0.059048
vt 0.755682 0.049207
vt 0.750000 0.039365
vt 0.687500 0.068889
vt 0.696709 0.078953
vt 0.681818 0.078731
vt 0.693182 0.059048
vt 0.698864 0.049207
vt 0.707742 0.078799
vt 0.717729 0.078739
vt 0.727273 0.078730
vt 0.551048 0.026318
vt 0.539862 0.026318
vt 0.545455 0.018058
vt 0.550678 0.039755
vt 0.545455 0.032987
vt 0.556462 0.034666
vt 0.555280 0.046815
vt 0.540232 0.039755
vt 0.534448 0.034666
vt 0.545455 0.044793
vt 0.549566 0.050114
vt 0.564172 0.070424
vt 0.570698 0.060728
vt 0.574360 0.069720
vt 0.554642 0.070931
vt 0.562027 0.062237
vt 0.545455 0.071127
vt 0.553652 0.063376
vt 0.566364 0.051865
vt 0.559053 0.054329
vt 0.545455 0.063832
vt 0.552091 0.056334
vt 0.520212 0.060728
vt 0.526738 0.070424
vt 0.516550 0.069720
vt 0.524546 0.051865
vt 0.528883 0.062237
vt 0.529312 0.043167
vt 0.531857 0.054329
vt 0.536268 0.070931
vt 0.537258 0.063376
vt 0.535630 0.046815
vt 0.538819 0.056334
vt 0.561598 0.043167
vt 0.555280 0.046815
vt 0.545455 0.071127
vt 0.545455 0.063832
vt 0.535630 0.046815
vt 0.529312 0.043167
vt 0.541344 0.050114
vt 0.545455 0.052487
vt 0.545455 0.057234
vt 0.551137 0.009841
vt 0.539773 0.009841
vt 0.545455 0.000000
vt 0.556819 0.019683
vt 0.562500 0.029524
vt 0.561598 0.043167
vt 0.534091 0.019683
vt 0.528410 0.029524
vt 0.522728 0.039365
vt 0.576020 0.078953
vt 0.585228 0.068889
vt 0.590909 0.078731
vt 0.564986 0.078799
vt 0.554999 0.078739
vt 0.545455 0.078731
vt 0.579546 0.059048
vt 0.573864 0.049207
vt 0.568182 0.039365
vt 0.505682 0.068889
vt 0.514891 0.078953
vt 0.500000 0.078731
vt 0.511364 0.059048
vt 0.517046 0.049207
vt 0.525924 0.078799
vt 0.535911 0.078739
vt 0.545455 0.078730
vt 0.299574 0.165972
vt 0.293517 0.176463
vt 0.289738 0.167306
vt 0.310005 0.172849
vt 0.301768 0.174228
vt 0.309009 0.165287
vt 0.318183 0.172360
vt 0.304693 0.182050
vt 0.297645 0.184970
vt 0.311560 0.179881
vt 0.318182 0.178957
vt 0.342848 0.176463
vt 0.336787 0.165964
vt 0.346617 0.167288
vt 0.338720 0.184970
vt 0.334597 0.174228
vt 0.334325 0.193025
vt 0.331672 0.182050
vt 0.327355 0.165285
vt 0.326360 0.172849
vt 0.328007 0.189377
vt 0.324805 0.179881
vt 0.312121 0.208686
vt 0.324244 0.208686
vt 0.318183 0.216538
vt 0.306818 0.200858
vt 0.318183 0.202658
vt 0.302040 0.193025
vt 0.312871 0.196214
vt 0.329547 0.200857
vt 0.323494 0.196214
vt 0.308358 0.189377
vt 0.318183 0.191351
vt 0.318183 0.165064
vt 0.318183 0.172360
vt 0.334325 0.193025
vt 0.308358 0.189377
vt 0.302040 0.193025
vt 0.314072 0.186078
vt 0.318182 0.183704
vt 0.322293 0.186078
vt 0.287616 0.157687
vt 0.280235 0.170472
vt 0.298651 0.157529
vt 0.285709 0.179946
vt 0.290686 0.188565
vt 0.295455 0.196826
vt 0.356128 0.170467
vt 0.348619 0.157461
vt 0.350656 0.179946
vt 0.345679 0.188565
vt 0.340910 0.196826
vt 0.327721 0.157461
vt 0.318182 0.157461
vt 0.310673 0.223185
vt 0.325692 0.223185
vt 0.318183 0.236191
vt 0.305201 0.213707
vt 0.300225 0.205087
vt 0.331164 0.213706
vt 0.336140 0.205087
vt 0.340910 0.196826
vt 0.117756 0.165972
vt 0.111704 0.176454
vt 0.107930 0.167288
vt 0.128187 0.172849
vt 0.119950 0.174228
vt 0.127191 0.165287
vt 0.136365 0.172360
vt 0.122875 0.182050
vt 0.115828 0.184969
vt 0.129742 0.179881
vt 0.136364 0.178957
vt 0.161030 0.176463
vt 0.154969 0.165964
vt 0.164799 0.167288
vt 0.156902 0.184970
vt 0.152779 0.174228
vt 0.152507 0.193025
vt 0.149854 0.182050
vt 0.145537 0.165285
vt 0.144542 0.172849
vt 0.146189 0.189377
vt 0.142987 0.179881
vt 0.130303 0.208686
vt 0.142426 0.208686
vt 0.136364 0.216538
vt 0.125000 0.200858
vt 0.136364 0.202658
vt 0.120222 0.193025
vt 0.131053 0.196214
vt 0.147729 0.200857
vt 0.141676 0.196214
vt 0.126540 0.189377
vt 0.136364 0.191351
vt 0.136365 0.165064
vt 0.152507 0.193025
vt 0.120222 0.193025
vt 0.132254 0.186078
vt 0.136365 0.183704
vt 0.140475 0.186078
vt 0.105800 0.157683
vt 0.098547 0.170245
vt 0.090910 0.157461
vt 0.116833 0.157529
vt 0.126821 0.157470
vt 0.103931 0.179877
vt 0.108873 0.188557
vt 0.113637 0.196826
vt 0.174310 0.170467
vt 0.166801 0.157461
vt 0.181819 0.157461
vt 0.168838 0.179946
vt 0.163861 0.188565
vt 0.159092 0.196826
vt 0.155856 0.157461
vt 0.145903 0.157461
vt 0.136365 0.157461
vt 0.128855 0.223185
vt 0.143874 0.223185
vt 0.136364 0.236191
vt 0.123383 0.213707
vt 0.118407 0.205087
vt 0.113637 0.196826
vt 0.149346 0.213706
vt 0.154322 0.205087
vt 0.159092 0.196826
vt 0.845028 0.165972
vt 0.838971 0.176463
vt 0.835192 0.167306
vt 0.855459 0.172849
vt 0.847223 0.174228
vt 0.854463 0.165287
vt 0.863636 0.172360
vt 0.850147 0.182050
vt 0.843099 0.184970
vt 0.857015 0.179881
vt 0.863637 0.178957
vt 0.888302 0.176463
vt 0.882241 0.165964
vt 0.892071 0.167288
vt 0.884174 0.184970
vt 0.880051 0.174228
vt 0.879779 0.193025
vt 0.877126 0.182050
vt 0.872809 0.165285
vt 0.871814 0.172849
vt 0.873461 0.189377
vt 0.870259 0.179881
vt 0.857575 0.208686
vt 0.869698 0.208686
vt 0.863637 0.216538
vt 0.852272 0.200858
vt 0.863637 0.202658
vt 0.847494 0.193025
vt 0.858325 0.196214
vt 0.875001 0.200857
vt 0.868948 0.196214
vt 0.853812 0.189377
vt 0.863637 0.191351
vt 0.863637 0.165064
vt 0.863637 0.172360
vt 0.879779 0.193025
vt 0.853812 0.189377
vt 0.847494 0.193025
vt 0.859526 0.186078
vt 0.863636 0.183704
vt 0.867747 0.186078
vt 0.833070 0.157687
vt 0.825689 0.170472
vt 0.818182 0.157461
vt 0.844105 0.157529
vt 0.854093 0.157470
vt 0.863637 0.165064
vt 0.831163 0.179946
vt 0.836140 0.188565
vt 0.840909 0.196826
vt 0.901582 0.170467
vt 0.894073 0.157461
vt 0.909091 0.157461
vt 0.896110 0.179946
vt 0.891133 0.188565
vt 0.886364 0.196826
vt 0.883128 0.157461
vt 0.873175 0.157461
vt 0.863636 0.157461
vt 0.856128 0.223185
vt 0.871146 0.223185
vt 0.863637 0.236191
vt 0.850655 0.213707
vt 0.845679 0.205087
vt 0.876618 0.213706
vt 0.881594 0.205087
vt 0.663210 0.165972
vt 0.657153 0.176463
vt 0.653374 0.167306
vt 0.673641 0.172849
vt 0.665404 0.174228
vt 0.672645 0.165287
vt 0.681819 0.172360
vt 0.668329 0.182050
vt 0.661281 0.184970
vt 0.675196 0.179881
vt 0.681818 0.178957
vt 0.706484 0.176463
vt 0.700423 0.165964
vt 0.710253 0.167288
vt 0.702356 0.184970
vt 0.698233 0.174228
vt 0.697962 0.193025
vt 0.695308 0.182050
vt 0.690991 0.165285
vt 0.689996 0.172849
vt 0.691643 0.189377
vt 0.688441 0.179881
vt 0.675757 0.208686
vt 0.687880 0.208686
vt 0.681819 0.216538
vt 0.670454 0.200858
vt 0.681819 0.202658
vt 0.665676 0.193025
vt 0.676507 0.196214
vt 0.693183 0.200857
vt 0.687131 0.196214
vt 0.671994 0.189377
vt 0.681819 0.191351
vt 0.681819 0.165064
vt 0.681819 0.172360
vt 0.697961 0.193025
vt 0.671994 0.189377
vt 0.665676 0.193025
vt 0.677708 0.186078
vt 0.681818 0.183704
vt 0.685929 0.186078
vt 0.651252 0.157687
vt 0.643871 0.170472
vt 0.636364 0.157461
vt 0.662287 0.157529
vt 0.672275 0.157470
vt 0.649345 0.179946
vt 0.654322 0.188565
vt 0.659091 0.196826
vt 0.719764 0.170467
vt 0.712255 0.157461
vt 0.727273 0.157461
vt 0.714292 0.179946
vt 0.709315 0.188565
vt 0.704546 0.196826
vt 0.701310 0.157461
vt 0.691357 0.157461
vt 0.681819 0.157461
vt 0.674309 0.223185
vt 0.689328 0.223185
vt 0.681819 0.236191
vt 0.668837 0.213707
vt 0.663861 0.205087
vt 0.659091 0.196826
vt 0.694800 0.213706
vt 0.699776 0.205087
vt 0.704546 0.196826
vt 0.481392 0.165972
vt 0.475335 0.176463
vt 0.471556 0.167306
vt 0.491823 0.172849
vt 0.483586 0.174228
vt 0.490827 0.165287
vt 0.500001 0.172360
vt 0.486511 0.182050
vt 0.479463 0.184970
vt 0.493379 0.179881
vt 0.500000 0.178957
vt 0.524666 0.176463
vt 0.518605 0.165964
vt 0.528435 0.167288
vt 0.520538 0.184970
vt 0.516415 0.174228
vt 0.516143 0.193025
vt 0.513490 0.182050
vt 0.509173 0.165285
vt 0.508178 0.172849
vt 0.509825 0.189377
vt 0.506622 0.179881
vt 0.493939 0.208686
vt 0.506062 0.208686
vt 0.500001 0.216538
vt 0.488636 0.200858
vt 0.500001 0.202658
vt 0.483858 0.193025
vt 0.494689 0.196214
vt 0.511365 0.200857
vt 0.505312 0.196214
vt 0.490176 0.189377
vt 0.500000 0.191351
vt 0.500001 0.165064
vt 0.516143 0.193025
vt 0.490176 0.189377
vt 0.483858 0.193025
vt 0.495890 0.186078
vt 0.500001 0.183704
vt 0.504111 0.186078
vt 0.469434 0.157687
vt 0.462053 0.170472
vt 0.454546 0.157461
vt 0.480469 0.157529
vt 0.490457 0.157470
vt 0.500001 0.165064
vt 0.467527 0.179946
vt 0.472504 0.188565
vt 0.477273 0.196826
vt 0.537946 0.170467
vt 0.530437 0.157461
vt 0.545455 0.157461
vt 0.532474 0.179946
vt 0.527497 0.188565
vt 0.522728 0.196826
vt 0.519492 0.157461
vt 0.509539 0.157461
vt 0.500001 0.157461
vt 0.492491 0.223185
vt 0.507510 0.223185
vt 0.500001 0.236191
vt 0.487019 0.213707
vt 0.482043 0.205087
vt 0.512982 0.213706
vt 0.517958 0.205087
vt 0.278790 0.184966
vt 0.266666 0.184966
vt 0.272728 0.177114
vt 0.278040 0.197438
vt 0.272728 0.190994
vt 0.284093 0.192795
vt 0.282553 0.204275
vt 0.267416 0.197438
vt 0.261363 0.192795
vt 0.272728 0.202301
vt 0.276839 0.207574
vt 0.291332 0.227688
vt 0.297394 0.217189
vt 0.301162 0.226364
vt 0.281901 0.228367
vt 0.289142 0.219424
vt 0.272728 0.228588
vt 0.280906 0.220803
vt 0.293265 0.208682
vt 0.286217 0.211602
vt 0.272728 0.221292
vt 0.279350 0.213771
vt 0.248062 0.217189
vt 0.254124 0.227688
vt 0.244294 0.226364
vt 0.252191 0.208682
vt 0.256314 0.219424
vt 0.256585 0.200628
vt 0.259239 0.211602
vt 0.263556 0.228367
vt 0.264551 0.220803
vt 0.262903 0.204275
vt 0.266106 0.213771
vt 0.288871 0.200628
vt 0.282553 0.204275
vt 0.272728 0.228588
vt 0.272728 0.221292
vt 0.256585 0.200628
vt 0.268617 0.207574
vt 0.272728 0.209948
vt 0.272728 0.214695
vt 0.280235 0.170472
vt 0.265221 0.170472
vt 0.285709 0.179946
vt 0.288871 0.200628
vt 0.259747 0.179946
vt 0.254770 0.188565
vt 0.250001 0.196826
vt 0.303164 0.236191
vt 0.310673 0.223185
vt 0.292220 0.236191
vt 0.282267 0.236191
vt 0.272728 0.236191
vt 0.305201 0.213706
vt 0.300225 0.205087
vt 0.234783 0.223185
vt 0.242292 0.236191
vt 0.227274 0.236191
vt 0.240255 0.213707
vt 0.245231 0.205087
vt 0.250001 0.196826
vt 0.253236 0.236191
vt 0.263189 0.236191
vt 0.272728 0.236191
vt 0.097085 0.184769
vt 0.085425 0.183966
vt 0.091381 0.176298
vt 0.096242 0.197404
vt 0.091068 0.190721
vt 0.102289 0.192770
vt 0.100735 0.204275
vt 0.085706 0.197250
vt 0.079917 0.192151
vt 0.090923 0.202278
vt 0.095021 0.207574
vt 0.109514 0.227688
vt 0.115576 0.217189
vt 0.119344 0.226364
vt 0.100082 0.228367
vt 0.107324 0.219424
vt 0.090910 0.228588
vt 0.099087 0.220803
vt 0.111447 0.208682
vt 0.104399 0.211602
vt 0.090910 0.221292
vt 0.097532 0.213771
vt 0.065667 0.218189
vt 0.072192 0.227885
vt 0.062004 0.227180
vt 0.070001 0.209326
vt 0.074338 0.219698
vt 0.074767 0.200628
vt 0.077312 0.211790
vt 0.081723 0.228391
vt 0.082713 0.220837
vt 0.081085 0.204275
vt 0.084274 0.213794
vt 0.107053 0.200628
vt 0.100735 0.204275
vt 0.090910 0.228588
vt 0.090910 0.221292
vt 0.081085 0.204275
vt 0.086799 0.207574
vt 0.090910 0.209948
vt 0.090910 0.214695
vt 0.098547 0.170245
vt 0.085228 0.167302
vt 0.103931 0.179877
vt 0.108873 0.188557
vt 0.107053 0.200628
vt 0.079546 0.177144
vt 0.073864 0.186985
vt 0.068183 0.196826
vt 0.121346 0.236191
vt 0.110402 0.236191
vt 0.100449 0.236191
vt 0.090910 0.236191
vt 0.123383 0.213706
vt 0.118407 0.205087
vt 0.051137 0.226350
vt 0.060345 0.236413
vt 0.045455 0.236191
vt 0.056819 0.216509
vt 0.062501 0.206667
vt 0.071378 0.236259
vt 0.081366 0.236200
vt 0.824244 0.184966
vt 0.812121 0.184966
vt 0.818182 0.177114
vt 0.823494 0.197438
vt 0.818182 0.190994
vt 0.829547 0.192795
vt 0.828007 0.204275
vt 0.812870 0.197438
vt 0.806817 0.192795
vt 0.818182 0.202301
vt 0.822293 0.207574
vt 0.836786 0.227688
vt 0.842848 0.217189
vt 0.846616 0.226364
vt 0.827355 0.228367
vt 0.834596 0.219424
vt 0.818182 0.228588
vt 0.826360 0.220803
vt 0.838720 0.208682
vt 0.831672 0.211602
vt 0.818182 0.221292
vt 0.824804 0.213771
vt 0.793517 0.217189
vt 0.799578 0.227688
vt 0.789748 0.226364
vt 0.797645 0.208682
vt 0.801768 0.219424
vt 0.802039 0.200628
vt 0.804693 0.211602
vt 0.809010 0.228367
vt 0.810005 0.220803
vt 0.808357 0.204275
vt 0.811560 0.213771
vt 0.834325 0.200628
vt 0.828007 0.204275
vt 0.818182 0.228588
vt 0.818182 0.221292
vt 0.802039 0.200628
vt 0.814071 0.207574
vt 0.818182 0.209948
vt 0.818182 0.214695
vt 0.825689 0.170472
vt 0.810675 0.170472
vt 0.831163 0.179946
vt 0.834325 0.200628
vt 0.805201 0.179946
vt 0.800224 0.188565
vt 0.795455 0.196826
vt 0.848618 0.236191
vt 0.856127 0.223185
vt 0.837674 0.236191
vt 0.827721 0.236191
vt 0.818182 0.236191
vt 0.850655 0.213706
vt 0.845679 0.205087
vt 0.840909 0.196826
vt 0.780237 0.223185
vt 0.787746 0.236191
vt 0.772728 0.236191
vt 0.785709 0.213707
vt 0.790686 0.205087
vt 0.795455 0.196826
vt 0.798690 0.236191
vt 0.808643 0.236191
vt 0.818182 0.236191
vt 0.642426 0.184966
vt 0.630302 0.184966
vt 0.636364 0.177114
vt 0.641676 0.197438
vt 0.636364 0.190994
vt 0.647729 0.192795
vt 0.646189 0.204275
vt 0.631052 0.197438
vt 0.624999 0.192795
vt 0.636364 0.202301
vt 0.640475 0.207574
vt 0.654968 0.227688
vt 0.661030 0.217189
vt 0.664798 0.226364
vt 0.645537 0.228367
vt 0.652778 0.219424
vt 0.636364 0.228588
vt 0.644542 0.220803
vt 0.656902 0.208682
vt 0.649853 0.211602
vt 0.636364 0.221292
vt 0.642986 0.213771
vt 0.611699 0.217189
vt 0.617760 0.227688
vt 0.607930 0.226364
vt 0.615827 0.208682
vt 0.619950 0.219424
vt 0.620221 0.200628
vt 0.622875 0.211602
vt 0.627192 0.228367
vt 0.628187 0.220803
vt 0.626539 0.204275
vt 0.629742 0.213771
vt 0.652507 0.200628
vt 0.646189 0.204275
vt 0.636364 0.228588
vt 0.620221 0.200628
vt 0.632253 0.207574
vt 0.636364 0.209948
vt 0.636364 0.214695
vt 0.643871 0.170472
vt 0.628857 0.170472
vt 0.649345 0.179946
vt 0.652507 0.200628
vt 0.623383 0.179946
vt 0.618406 0.188565
vt 0.613637 0.196826
vt 0.666800 0.236191
vt 0.655856 0.236191
vt 0.645903 0.236191
vt 0.636364 0.236191
vt 0.668837 0.213706
vt 0.663861 0.205087
vt 0.598419 0.223185
vt 0.605928 0.236191
vt 0.590910 0.236191
vt 0.603891 0.213707
vt 0.608867 0.205087
vt 0.613637 0.196826
vt 0.616872 0.236191
vt 0.626825 0.236191
vt 0.636364 0.236191
vt 0.460608 0.184966
vt 0.448484 0.184966
vt 0.454546 0.177114
vt 0.459858 0.197438
vt 0.454546 0.190994
vt 0.465911 0.192795
vt 0.464371 0.204275
vt 0.449234 0.197438
vt 0.443181 0.192795
vt 0.454546 0.202301
vt 0.458657 0.207574
vt 0.473150 0.227688
vt 0.479212 0.217189
vt 0.482980 0.226364
vt 0.463719 0.228367
vt 0.470960 0.219424
vt 0.454546 0.228588
vt 0.462724 0.220803
vt 0.475084 0.208682
vt 0.468035 0.211602
vt 0.454546 0.221292
vt 0.461168 0.213771
vt 0.429880 0.217189
vt 0.435942 0.227688
vt 0.426112 0.226364
vt 0.434009 0.208682
vt 0.438132 0.219424
vt 0.438403 0.200628
vt 0.441057 0.211602
vt 0.445374 0.228367
vt 0.446369 0.220803
vt 0.444721 0.204275
vt 0.447924 0.213771
vt 0.470689 0.200628
vt 0.464371 0.204275
vt 0.454546 0.228588
vt 0.454546 0.221292
vt 0.444721 0.204275
vt 0.438403 0.200628
vt 0.450435 0.207574
vt 0.454546 0.209948
vt 0.454546 0.214695
vt 0.462053 0.170472
vt 0.447039 0.170472
vt 0.467527 0.179946
vt 0.470689 0.200628
vt 0.441565 0.179946
vt 0.436588 0.188565
vt 0.431819 0.196826
vt 0.484982 0.236191
vt 0.474038 0.236191
vt 0.464085 0.236191
vt 0.454546 0.236191
vt 0.487019 0.213706
vt 0.482043 0.205087
vt 0.477273 0.196826
vt 0.416601 0.223185
vt 0.424110 0.236191
vt 0.409092 0.236191
vt 0.422073 0.213707
vt 0.427049 0.205087
vt 0.431819 0.196826
vt 0.435054 0.236191
vt 0.445007 0.236191
vt 0.454546 0.236191
vt 0.208556 0.323228
vt 0.202031 0.332924
vt 0.198368 0.323932
vt 0.219076 0.330275
vt 0.210702 0.331414
vt 0.218087 0.322721
vt 0.227274 0.329820
vt 0.213676 0.339322
vt 0.206364 0.341786
vt 0.220638 0.337318
vt 0.227274 0.336418
vt 0.251939 0.333923
vt 0.245878 0.323424
vt 0.255708 0.324748
vt 0.247811 0.342430
vt 0.243688 0.331688
vt 0.243416 0.350485
vt 0.240763 0.339510
vt 0.236446 0.322746
vt 0.235451 0.330309
vt 0.237098 0.346837
vt 0.233895 0.337341
vt 0.221789 0.367146
vt 0.233449 0.366343
vt 0.227745 0.374814
vt 0.216280 0.358962
vt 0.227431 0.360392
vt 0.211131 0.350485
vt 0.222070 0.353862
vt 0.238653 0.358342
vt 0.232605 0.353708
vt 0.217449 0.346837
vt 0.227287 0.348835
vt 0.227274 0.322524
vt 0.227274 0.329820
vt 0.243416 0.350485
vt 0.237098 0.346837
vt 0.211131 0.350485
vt 0.223163 0.343538
vt 0.227274 0.341165
vt 0.231384 0.343538
vt 0.196707 0.314695
vt 0.187501 0.324762
vt 0.181819 0.314921
vt 0.207742 0.314853
vt 0.217730 0.314913
vt 0.227274 0.322524
vt 0.193183 0.334604
vt 0.198864 0.344445
vt 0.204546 0.354286
vt 0.265219 0.327928
vt 0.257710 0.314921
vt 0.272728 0.314921
vt 0.259747 0.337406
vt 0.254770 0.346025
vt 0.250001 0.354286
vt 0.246765 0.314921
vt 0.236812 0.314921
vt 0.227274 0.314921
vt 0.221592 0.383810
vt 0.234911 0.380867
vt 0.227273 0.393651
vt 0.215910 0.373969
vt 0.210228 0.364128
vt 0.204546 0.354286
vt 0.240294 0.371235
vt 0.245236 0.362556
vt 0.250001 0.354286
vt 0.026732 0.323236
vt 0.020212 0.332924
vt 0.016539 0.323950
vt 0.037258 0.330275
vt 0.028883 0.331414
vt 0.036267 0.322722
vt 0.045455 0.329820
vt 0.031857 0.339322
vt 0.024546 0.341786
vt 0.038819 0.337318
vt 0.045455 0.336418
vt 0.070121 0.333923
vt 0.064059 0.323424
vt 0.073889 0.324748
vt 0.065992 0.342430
vt 0.061869 0.331688
vt 0.061598 0.350485
vt 0.058944 0.339510
vt 0.054627 0.322746
vt 0.053632 0.330310
vt 0.055280 0.346837
vt 0.052077 0.337341
vt 0.039970 0.367146
vt 0.051630 0.366343
vt 0.045926 0.374814
vt 0.034462 0.358962
vt 0.045613 0.360392
vt 0.029312 0.350485
vt 0.040251 0.353862
vt 0.056834 0.358342
vt 0.050787 0.353708
vt 0.035630 0.346837
vt 0.045468 0.348835
vt 0.045455 0.322524
vt 0.045455 0.329820
vt 0.061598 0.350485
vt 0.055280 0.346837
vt 0.029312 0.350485
vt 0.041344 0.343538
vt 0.045455 0.341165
vt 0.049566 0.343538
vt 0.014757 0.314921
vt 0.005682 0.324762
vt 0.000000 0.314921
vt 0.025884 0.314921
vt 0.035906 0.314921
vt 0.011364 0.334604
vt 0.017046 0.344445
vt 0.022728 0.354286
vt 0.083400 0.327928
vt 0.075891 0.314921
vt 0.090910 0.314921
vt 0.077928 0.337406
vt 0.072952 0.346025
vt 0.068182 0.354286
vt 0.064947 0.314921
vt 0.054994 0.314921
vt 0.045455 0.314921
vt 0.039773 0.383810
vt 0.053092 0.380867
vt 0.045455 0.393651
vt 0.034091 0.373969
vt 0.028409 0.364128
vt 0.022728 0.354286
vt 0.058476 0.371235
vt 0.063418 0.362556
vt 0.068182 0.354286
vt 0.754010 0.323228
vt 0.747485 0.332924
vt 0.743822 0.323932
vt 0.764530 0.330275
vt 0.756156 0.331414
vt 0.763541 0.322721
vt 0.772728 0.329820
vt 0.759130 0.339322
vt 0.751818 0.341786
vt 0.766092 0.337318
vt 0.772728 0.336418
vt 0.797393 0.333923
vt 0.791332 0.323424
vt 0.801162 0.324748
vt 0.793265 0.342430
vt 0.789142 0.331688
vt 0.788870 0.350485
vt 0.786217 0.339510
vt 0.781900 0.322746
vt 0.780905 0.330309
vt 0.782552 0.346837
vt 0.779350 0.337341
vt 0.767243 0.367146
vt 0.778903 0.366343
vt 0.773199 0.374814
vt 0.761734 0.358962
vt 0.772885 0.360392
vt 0.756585 0.350485
vt 0.767524 0.353862
vt 0.784107 0.358342
vt 0.778059 0.353708
vt 0.762903 0.346837
vt 0.772741 0.348835
vt 0.772728 0.322524
vt 0.772728 0.329820
vt 0.788870 0.350485
vt 0.782552 0.346837
vt 0.756585 0.350485
vt 0.768617 0.343538
vt 0.772727 0.341165
vt 0.776838 0.343538
vt 0.742161 0.314695
vt 0.732955 0.324762
vt 0.727273 0.314921
vt 0.753196 0.314853
vt 0.763184 0.314913
vt 0.772728 0.322524
vt 0.738637 0.334604
vt 0.744318 0.344445
vt 0.750000 0.354286
vt 0.810673 0.327928
vt 0.803164 0.314921
vt 0.818182 0.314921
vt 0.805201 0.337406
vt 0.800224 0.346025
vt 0.795455 0.354286
vt 0.792219 0.314921
vt 0.782266 0.314921
vt 0.772728 0.314921
vt 0.767046 0.383810
vt 0.780365 0.380867
vt 0.772727 0.393651
vt 0.761364 0.373969
vt 0.755682 0.364128
vt 0.750000 0.354286
vt 0.785748 0.371235
vt 0.790690 0.362556
vt 0.795455 0.354286
vt 0.572192 0.323228
vt 0.565667 0.332924
vt 0.562004 0.323932
vt 0.582712 0.330275
vt 0.574338 0.331414
vt 0.581723 0.322721
vt 0.590909 0.329820
vt 0.577312 0.339322
vt 0.570000 0.341786
vt 0.584274 0.337318
vt 0.590909 0.336418
vt 0.615575 0.333923
vt 0.609514 0.323424
vt 0.619344 0.324748
vt 0.611447 0.342430
vt 0.607324 0.331688
vt 0.607052 0.350485
vt 0.604399 0.339510
vt 0.600082 0.322746
vt 0.599087 0.330309
vt 0.600734 0.346837
vt 0.597531 0.337341
vt 0.585425 0.367146
vt 0.597085 0.366343
vt 0.591381 0.374814
vt 0.579916 0.358962
vt 0.591067 0.360392
vt 0.574767 0.350485
vt 0.585706 0.353862
vt 0.602289 0.358342
vt 0.596241 0.353708
vt 0.581085 0.346837
vt 0.590923 0.348835
vt 0.590910 0.322524
vt 0.590909 0.329820
vt 0.607052 0.350485
vt 0.600734 0.346837
vt 0.581085 0.346837
vt 0.574767 0.350485
vt 0.586799 0.343538
vt 0.590909 0.341165
vt 0.595020 0.343538
vt 0.560343 0.314695
vt 0.551137 0.324762
vt 0.545455 0.314921
vt 0.571378 0.314853
vt 0.581366 0.314913
vt 0.590910 0.322524
vt 0.556819 0.334604
vt 0.562500 0.344445
vt 0.568182 0.354286
vt 0.628855 0.327928
vt 0.621346 0.314921
vt 0.636364 0.314921
vt 0.623383 0.337406
vt 0.618406 0.346025
vt 0.613637 0.354286
vt 0.610401 0.314921
vt 0.600448 0.314921
vt 0.590910 0.314921
vt 0.585228 0.383810
vt 0.598547 0.380867
vt 0.590909 0.393651
vt 0.579546 0.373969
vt 0.573864 0.364128
vt 0.568182 0.354286
vt 0.603930 0.371235
vt 0.608872 0.362556
vt 0.613637 0.354286
vt 0.390374 0.323228
vt 0.383849 0.332924
vt 0.380186 0.323932
vt 0.400894 0.330275
vt 0.392520 0.331414
vt 0.399905 0.322721
vt 0.409092 0.329820
vt 0.395494 0.339322
vt 0.388182 0.341786
vt 0.402456 0.337318
vt 0.409092 0.336418
vt 0.433757 0.333923
vt 0.427696 0.323424
vt 0.437526 0.324748
vt 0.429629 0.342430
vt 0.425506 0.331688
vt 0.425234 0.350485
vt 0.422581 0.339510
vt 0.418264 0.322746
vt 0.417269 0.330309
vt 0.418916 0.346837
vt 0.415713 0.337341
vt 0.403607 0.367146
vt 0.415267 0.366343
vt 0.409563 0.374814
vt 0.398098 0.358962
vt 0.409249 0.360392
vt 0.392949 0.350485
vt 0.403888 0.353862
vt 0.420471 0.358342
vt 0.414423 0.353708
vt 0.399267 0.346837
vt 0.409105 0.348835
vt 0.409092 0.322524
vt 0.409092 0.329820
vt 0.425234 0.350485
vt 0.418916 0.346837
vt 0.399267 0.346837
vt 0.392949 0.350485
vt 0.404981 0.343538
vt 0.409092 0.341165
vt 0.413202 0.343538
vt 0.378525 0.314695
vt 0.369319 0.324762
vt 0.363637 0.314921
vt 0.389560 0.314853
vt 0.399548 0.314913
vt 0.409092 0.322524
vt 0.375001 0.334604
vt 0.380682 0.344445
vt 0.386364 0.354286
vt 0.447037 0.327928
vt 0.439528 0.314921
vt 0.454546 0.314921
vt 0.441565 0.337406
vt 0.436588 0.346025
vt 0.431819 0.354286
vt 0.428583 0.314921
vt 0.418630 0.314921
vt 0.409092 0.314921
vt 0.403410 0.383810
vt 0.416729 0.380867
vt 0.409092 0.393651
vt 0.397728 0.373969
vt 0.392046 0.364128
vt 0.386364 0.354286
vt 0.422112 0.371235
vt 0.427054 0.362556
vt 0.431819 0.354286
vt 0.435829 0.401958
vt 0.429303 0.411654
vt 0.425641 0.402662
vt 0.445359 0.401451
vt 0.437974 0.410145
vt 0.454546 0.401255
vt 0.446349 0.409006
vt 0.433637 0.420517
vt 0.440948 0.418053
vt 0.454546 0.408550
vt 0.447910 0.416048
vt 0.479789 0.411654
vt 0.473263 0.401958
vt 0.483451 0.402662
vt 0.475455 0.420517
vt 0.471118 0.410145
vt 0.470689 0.429215
vt 0.468144 0.418053
vt 0.463733 0.401451
vt 0.462743 0.409006
vt 0.464371 0.425567
vt 0.461182 0.416048
vt 0.448953 0.446065
vt 0.460139 0.446065
vt 0.454546 0.454324
vt 0.449323 0.432627
vt 0.454546 0.439395
vt 0.443539 0.437716
vt 0.444721 0.425567
vt 0.459769 0.432627
vt 0.465553 0.437716
vt 0.454546 0.427589
vt 0.450435 0.422268
vt 0.454546 0.401255
vt 0.454546 0.408550
vt 0.458657 0.422269
vt 0.438403 0.429215
vt 0.444721 0.425567
vt 0.454546 0.419895
vt 0.454546 0.415148
vt 0.423982 0.393429
vt 0.414773 0.403493
vt 0.435015 0.393583
vt 0.445002 0.393643
vt 0.454546 0.393652
vt 0.420455 0.413334
vt 0.426137 0.423175
vt 0.431819 0.433017
vt 0.494319 0.403493
vt 0.485110 0.393429
vt 0.500000 0.393651
vt 0.488637 0.413334
vt 0.482955 0.423175
vt 0.477273 0.433017
vt 0.474077 0.393583
vt 0.464090 0.393643
vt 0.448864 0.462541
vt 0.460228 0.462541
vt 0.454546 0.472382
vt 0.443182 0.452699
vt 0.437501 0.442858
vt 0.438403 0.429215
vt 0.465910 0.452699
vt 0.471591 0.442858
vt 0.429885 0.374658
vt 0.435937 0.385140
vt 0.426112 0.383825
vt 0.434009 0.366143
vt 0.438132 0.376885
vt 0.438403 0.358088
vt 0.441057 0.369062
vt 0.445373 0.385826
vt 0.446369 0.378263
vt 0.444721 0.361736
vt 0.447924 0.371231
vt 0.460608 0.342426
vt 0.448484 0.342426
vt 0.454546 0.334575
vt 0.465911 0.350255
vt 0.454546 0.348454
vt 0.470689 0.358088
vt 0.459858 0.354899
vt 0.443181 0.350255
vt 0.449234 0.354899
vt 0.464371 0.361736
vt 0.454546 0.359762
vt 0.473155 0.385140
vt 0.479207 0.374658
vt 0.482980 0.383825
vt 0.463719 0.385826
vt 0.470960 0.376885
vt 0.454546 0.386048
vt 0.462724 0.378263
vt 0.475083 0.366143
vt 0.468035 0.369062
vt 0.454546 0.378753
vt 0.461168 0.371231
vt 0.470689 0.358088
vt 0.464371 0.361736
vt 0.454546 0.386048
vt 0.454546 0.378753
vt 0.454546 0.367408
vt 0.454546 0.372155
vt 0.450435 0.365035
vt 0.458657 0.365035
vt 0.416729 0.380867
vt 0.423982 0.393429
vt 0.422112 0.371235
vt 0.427054 0.362556
vt 0.431819 0.354286
vt 0.435015 0.393583
vt 0.445002 0.393643
vt 0.454546 0.393652
vt 0.462055 0.327927
vt 0.447037 0.327927
vt 0.467527 0.337406
vt 0.472504 0.346025
vt 0.477273 0.354286
vt 0.436588 0.346025
vt 0.431819 0.354286
vt 0.485110 0.393429
vt 0.492363 0.380867
vt 0.474077 0.393583
vt 0.464090 0.393643
vt 0.454546 0.393652
vt 0.486980 0.371235
vt 0.482038 0.362556
vt 0.477273 0.354286
vt 0.481397 0.323424
vt 0.475335 0.333923
vt 0.471566 0.324748
vt 0.490828 0.322746
vt 0.483586 0.331688
vt 0.500001 0.322524
vt 0.491823 0.330310
vt 0.479463 0.342430
vt 0.486511 0.339510
vt 0.500000 0.329820
vt 0.493378 0.337341
vt 0.525243 0.332924
vt 0.518718 0.323228
vt 0.528906 0.323932
vt 0.513598 0.339322
vt 0.516572 0.331414
vt 0.520910 0.341786
vt 0.509825 0.346837
vt 0.508198 0.330275
vt 0.509187 0.322721
vt 0.506636 0.337318
vt 0.504111 0.343538
vt 0.493826 0.366343
vt 0.505485 0.367146
vt 0.499530 0.374814
vt 0.488622 0.358342
vt 0.499843 0.360392
vt 0.483858 0.350485
vt 0.494669 0.353708
vt 0.510994 0.358962
vt 0.505204 0.353862
vt 0.490176 0.346837
vt 0.499987 0.348835
vt 0.500001 0.329820
vt 0.500000 0.336418
vt 0.516143 0.350485
vt 0.509825 0.346837
vt 0.483858 0.350485
vt 0.490176 0.346837
vt 0.500000 0.341165
vt 0.495890 0.343538
vt 0.469564 0.314921
vt 0.480509 0.314921
vt 0.490462 0.314921
vt 0.500001 0.314921
vt 0.477273 0.354286
vt 0.539773 0.324762
vt 0.530567 0.314695
vt 0.534091 0.334604
vt 0.528410 0.344445
vt 0.516143 0.350485
vt 0.519532 0.314853
vt 0.509544 0.314913
vt 0.492363 0.380867
vt 0.505682 0.383810
vt 0.486980 0.371235
vt 0.482038 0.362556
vt 0.511364 0.373969
vt 0.517046 0.364128
vt 0.522728 0.354286
vt 0.617647 0.401958
vt 0.611121 0.411654
vt 0.607459 0.402662
vt 0.627177 0.401451
vt 0.619792 0.410145
vt 0.636364 0.401255
vt 0.628167 0.409006
vt 0.615455 0.420517
vt 0.622766 0.418053
vt 0.636364 0.408550
vt 0.629728 0.416048
vt 0.661607 0.411654
vt 0.655082 0.401958
vt 0.665269 0.402662
vt 0.657273 0.420517
vt 0.652936 0.410145
vt 0.652507 0.429215
vt 0.649962 0.418053
vt 0.645551 0.401451
vt 0.644561 0.409006
vt 0.646189 0.425567
vt 0.643000 0.416048
vt 0.630771 0.446065
vt 0.641957 0.446065
vt 0.636364 0.454324
vt 0.631141 0.432627
vt 0.636364 0.439395
vt 0.625357 0.437716
vt 0.626539 0.425567
vt 0.641587 0.432627
vt 0.647371 0.437716
vt 0.636364 0.427589
vt 0.632253 0.422268
vt 0.636364 0.401255
vt 0.636364 0.408550
vt 0.646189 0.425567
vt 0.640475 0.422269
vt 0.620221 0.429215
vt 0.626539 0.425567
vt 0.636364 0.419895
vt 0.636364 0.415148
vt 0.605800 0.393429
vt 0.596591 0.403493
vt 0.616833 0.393583
vt 0.626820 0.393643
vt 0.636364 0.393652
vt 0.602273 0.413334
vt 0.607955 0.423175
vt 0.613637 0.433017
vt 0.676137 0.403493
vt 0.666928 0.393429
vt 0.681818 0.393651
vt 0.670455 0.413334
vt 0.664773 0.423175
vt 0.659091 0.433017
vt 0.655895 0.393583
vt 0.645908 0.393643
vt 0.636364 0.393652
vt 0.630682 0.462541
vt 0.642046 0.462541
vt 0.636364 0.472382
vt 0.625000 0.452699
vt 0.619319 0.442858
vt 0.620221 0.429215
vt 0.647728 0.452699
vt 0.653410 0.442858
vt 0.611703 0.374658
vt 0.617755 0.385140
vt 0.607930 0.383825
vt 0.615827 0.366143
vt 0.619950 0.376885
vt 0.620221 0.358088
vt 0.622875 0.369062
vt 0.627191 0.385826
vt 0.628187 0.378263
vt 0.626539 0.361736
vt 0.629742 0.371231
vt 0.642426 0.342426
vt 0.630302 0.342426
vt 0.636364 0.334575
vt 0.647729 0.350255
vt 0.636364 0.348454
vt 0.652507 0.358088
vt 0.641676 0.354899
vt 0.624999 0.350255
vt 0.631052 0.354899
vt 0.646189 0.361736
vt 0.636364 0.359762
vt 0.654973 0.385140
vt 0.661025 0.374658
vt 0.664798 0.383825
vt 0.645537 0.385826
vt 0.652778 0.376885
vt 0.636364 0.386048
vt 0.644541 0.378263
vt 0.656901 0.366143
vt 0.649853 0.369062
vt 0.636364 0.378753
vt 0.642986 0.371231
vt 0.620221 0.358088
vt 0.652507 0.358088
vt 0.646189 0.361736
vt 0.636364 0.378753
vt 0.636364 0.367408
vt 0.636364 0.372155
vt 0.632253 0.365035
vt 0.640475 0.365035
vt 0.598547 0.380867
vt 0.605800 0.393429
vt 0.603930 0.371235
vt 0.608872 0.362556
vt 0.613637 0.354286
vt 0.616833 0.393583
vt 0.626820 0.393643
vt 0.643873 0.327927
vt 0.628855 0.327927
vt 0.649345 0.337406
vt 0.654322 0.346025
vt 0.659091 0.354286
vt 0.623383 0.337406
vt 0.618406 0.346025
vt 0.613637 0.354286
vt 0.666928 0.393429
vt 0.674181 0.380867
vt 0.655895 0.393583
vt 0.645908 0.393643
vt 0.636364 0.393652
vt 0.668798 0.371235
vt 0.663856 0.362556
vt 0.659091 0.354286
vt 0.663215 0.323424
vt 0.657153 0.333923
vt 0.653384 0.324748
vt 0.672646 0.322746
vt 0.665404 0.331688
vt 0.681819 0.322524
vt 0.673641 0.330310
vt 0.661281 0.342430
vt 0.668329 0.339510
vt 0.681819 0.329820
vt 0.675196 0.337341
vt 0.707061 0.332924
vt 0.700536 0.323228
vt 0.710724 0.323932
vt 0.695416 0.339322
vt 0.698391 0.331414
vt 0.702728 0.341786
vt 0.691643 0.346837
vt 0.690016 0.330275
vt 0.691005 0.322721
vt 0.688454 0.337318
vt 0.685929 0.343538
vt 0.675644 0.366343
vt 0.687303 0.367146
vt 0.681347 0.374814
vt 0.670440 0.358342
vt 0.681661 0.360392
vt 0.665676 0.350485
vt 0.676487 0.353708
vt 0.692812 0.358962
vt 0.687022 0.353862
vt 0.671994 0.346837
vt 0.681805 0.348835
vt 0.681819 0.322524
vt 0.681818 0.336418
vt 0.697961 0.350485
vt 0.691643 0.346837
vt 0.665676 0.350485
vt 0.681818 0.341165
vt 0.677708 0.343538
vt 0.651382 0.314921
vt 0.662327 0.314921
vt 0.672280 0.314921
vt 0.681819 0.314921
vt 0.721591 0.324762
vt 0.712385 0.314695
vt 0.715909 0.334604
vt 0.710228 0.344445
vt 0.697961 0.350485
vt 0.701350 0.314853
vt 0.691362 0.314913
vt 0.674181 0.380867
vt 0.687500 0.383810
vt 0.668798 0.371235
vt 0.693182 0.373969
vt 0.698864 0.364128
vt 0.704546 0.354286
vt 0.799465 0.401958
vt 0.792939 0.411654
vt 0.789277 0.402662
vt 0.808995 0.401451
vt 0.801610 0.410145
vt 0.818182 0.401255
vt 0.809985 0.409006
vt 0.797273 0.420517
vt 0.804584 0.418053
vt 0.818182 0.408550
vt 0.811547 0.416048
vt 0.843425 0.411654
vt 0.836900 0.401958
vt 0.847088 0.402662
vt 0.839091 0.420517
vt 0.834754 0.410145
vt 0.834325 0.429215
vt 0.831780 0.418053
vt 0.827369 0.401451
vt 0.826379 0.409006
vt 0.828007 0.425567
vt 0.824818 0.416048
vt 0.812589 0.446065
vt 0.823775 0.446065
vt 0.818182 0.454324
vt 0.812959 0.432627
vt 0.818182 0.439395
vt 0.807175 0.437716
vt 0.808357 0.425567
vt 0.823405 0.432627
vt 0.829189 0.437716
vt 0.818182 0.427589
vt 0.814071 0.422268
vt 0.818182 0.401255
vt 0.818182 0.408550
vt 0.828007 0.425567
vt 0.834325 0.429215
vt 0.822293 0.422269
vt 0.802039 0.429215
vt 0.808357 0.425567
vt 0.818182 0.419895
vt 0.818182 0.415148
vt 0.787618 0.393429
vt 0.778409 0.403493
vt 0.798651 0.393583
vt 0.808638 0.393643
vt 0.818182 0.393652
vt 0.784091 0.413334
vt 0.789773 0.423175
vt 0.795455 0.433017
vt 0.857955 0.403493
vt 0.848746 0.393429
vt 0.863636 0.393651
vt 0.852273 0.413334
vt 0.846591 0.423175
vt 0.840909 0.433017
vt 0.837713 0.393583
vt 0.827726 0.393643
vt 0.812500 0.462541
vt 0.823864 0.462541
vt 0.818182 0.472382
vt 0.806818 0.452699
vt 0.801137 0.442858
vt 0.802039 0.429215
vt 0.829546 0.452699
vt 0.835228 0.442858
vt 0.793521 0.374658
vt 0.799573 0.385140
vt 0.789748 0.383825
vt 0.797645 0.366143
vt 0.801768 0.376885
vt 0.802039 0.358088
vt 0.804693 0.369062
vt 0.809009 0.385826
vt 0.810005 0.378263
vt 0.808357 0.361736
vt 0.811560 0.371231
vt 0.824244 0.342426
vt 0.812121 0.342426
vt 0.818182 0.334575
vt 0.829547 0.350255
vt 0.818182 0.348454
vt 0.834325 0.358088
vt 0.823494 0.354899
vt 0.806817 0.350255
vt 0.812870 0.354899
vt 0.828007 0.361736
vt 0.818182 0.359762
vt 0.836791 0.385140
vt 0.842843 0.374658
vt 0.846616 0.383825
vt 0.827355 0.385826
vt 0.834596 0.376885
vt 0.818182 0.386048
vt 0.826360 0.378263
vt 0.838719 0.366143
vt 0.831671 0.369062
vt 0.818182 0.378753
vt 0.824804 0.371231
vt 0.802039 0.358088
vt 0.808357 0.361736
vt 0.834325 0.358088
vt 0.828007 0.361736
vt 0.818182 0.386048
vt 0.818182 0.367408
vt 0.818182 0.372155
vt 0.814071 0.365035
vt 0.822293 0.365035
vt 0.780365 0.380867
vt 0.787618 0.393429
vt 0.790690 0.362556
vt 0.795455 0.354286
vt 0.798651 0.393583
vt 0.818182 0.393652
vt 0.825691 0.327927
vt 0.810673 0.327927
vt 0.831163 0.337406
vt 0.836140 0.346025
vt 0.840909 0.354286
vt 0.800224 0.346025
vt 0.795455 0.354286
vt 0.848746 0.393429
vt 0.855999 0.380867
vt 0.837713 0.393583
vt 0.827726 0.393643
vt 0.818182 0.393652
vt 0.850616 0.371235
vt 0.845674 0.362556
vt 0.840909 0.354286
vt 0.845033 0.323424
vt 0.838971 0.333923
vt 0.835202 0.324748
vt 0.854464 0.322746
vt 0.847222 0.331688
vt 0.863637 0.322524
vt 0.855459 0.330310
vt 0.843099 0.342430
vt 0.850147 0.339510
vt 0.863637 0.329820
vt 0.857014 0.337341
vt 0.888879 0.332924
vt 0.882354 0.323228
vt 0.892542 0.323932
vt 0.877234 0.339322
vt 0.880209 0.331414
vt 0.884546 0.341786
vt 0.873461 0.346837
vt 0.871834 0.330275
vt 0.872823 0.322721
vt 0.870272 0.337318
vt 0.867747 0.343538
vt 0.857462 0.366343
vt 0.869121 0.367146
vt 0.863166 0.374814
vt 0.852258 0.358342
vt 0.863479 0.360392
vt 0.847494 0.350485
vt 0.858305 0.353708
vt 0.874630 0.358962
vt 0.868840 0.353862
vt 0.853812 0.346837
vt 0.863623 0.348835
vt 0.863636 0.336418
vt 0.879779 0.350485
vt 0.873461 0.346837
vt 0.853812 0.346837
vt 0.863636 0.341165
vt 0.859526 0.343538
vt 0.833200 0.314921
vt 0.825691 0.327927
vt 0.844145 0.314921
vt 0.854098 0.314921
vt 0.863637 0.314921
vt 0.831163 0.337406
vt 0.836140 0.346025
vt 0.840909 0.354286
vt 0.903409 0.324762
vt 0.894201 0.314699
vt 0.909091 0.314921
vt 0.897727 0.334604
vt 0.892046 0.344445
vt 0.879779 0.350485
vt 0.883168 0.314853
vt 0.873180 0.314913
vt 0.855999 0.380867
vt 0.869318 0.383810
vt 0.850616 0.371235
vt 0.840909 0.354286
vt 0.875000 0.373969
vt 0.880682 0.364128
vt 0.886364 0.354286
vt 0.072192 0.401958
vt 0.065667 0.411654
vt 0.062004 0.402662
vt 0.081723 0.401451
vt 0.074338 0.410145
vt 0.090910 0.401255
vt 0.082713 0.409006
vt 0.070001 0.420517
vt 0.077312 0.418053
vt 0.090910 0.408550
vt 0.084274 0.416048
vt 0.116153 0.411654
vt 0.109627 0.401958
vt 0.119815 0.402662
vt 0.111819 0.420517
vt 0.107482 0.410145
vt 0.107053 0.429215
vt 0.104508 0.418053
vt 0.100097 0.401451
vt 0.099107 0.409006
vt 0.100735 0.425567
vt 0.097545 0.416048
vt 0.085317 0.446065
vt 0.096503 0.446065
vt 0.090910 0.454324
vt 0.085687 0.432627
vt 0.090910 0.439395
vt 0.079903 0.437716
vt 0.081085 0.425567
vt 0.096133 0.432627
vt 0.101917 0.437716
vt 0.090910 0.427589
vt 0.086799 0.422268
vt 0.090910 0.401255
vt 0.090910 0.408550
vt 0.100735 0.425567
vt 0.107053 0.429215
vt 0.095021 0.422269
vt 0.074767 0.429215
vt 0.081085 0.425567
vt 0.090910 0.419895
vt 0.090910 0.415148
vt 0.060345 0.393429
vt 0.051137 0.403493
vt 0.071378 0.393583
vt 0.081366 0.393643
vt 0.090910 0.393652
vt 0.056819 0.413334
vt 0.062501 0.423175
vt 0.068183 0.433017
vt 0.130683 0.403493
vt 0.121474 0.393429
vt 0.136365 0.393651
vt 0.125001 0.413334
vt 0.119319 0.423175
vt 0.113637 0.433017
vt 0.110441 0.393583
vt 0.100453 0.393643
vt 0.085228 0.462541
vt 0.096592 0.462541
vt 0.090910 0.472382
vt 0.079546 0.452699
vt 0.073864 0.442858
vt 0.074767 0.429215
vt 0.102274 0.452699
vt 0.107955 0.442858
vt 0.113637 0.433017
vt 0.066249 0.374658
vt 0.072301 0.385140
vt 0.062475 0.383825
vt 0.070373 0.366143
vt 0.074495 0.376885
vt 0.074767 0.358088
vt 0.077420 0.369062
vt 0.081737 0.385826
vt 0.082732 0.378263
vt 0.081085 0.361736
vt 0.084288 0.371231
vt 0.096971 0.342426
vt 0.084848 0.342426
vt 0.090910 0.334575
vt 0.102275 0.350255
vt 0.090910 0.348454
vt 0.107053 0.358088
vt 0.096222 0.354899
vt 0.079545 0.350255
vt 0.085598 0.354899
vt 0.100735 0.361736
vt 0.090910 0.359762
vt 0.109519 0.385140
vt 0.115571 0.374658
vt 0.119344 0.383825
vt 0.100083 0.385826
vt 0.107324 0.376885
vt 0.090910 0.386048
vt 0.099087 0.378263
vt 0.111447 0.366143
vt 0.104399 0.369062
vt 0.090910 0.378753
vt 0.097532 0.371231
vt 0.074767 0.358088
vt 0.107053 0.358088
vt 0.100735 0.361736
vt 0.090910 0.367408
vt 0.090910 0.372155
vt 0.086799 0.365035
vt 0.095021 0.365035
vt 0.053092 0.380867
vt 0.060345 0.393429
vt 0.063418 0.362556
vt 0.068182 0.354286
vt 0.071378 0.393583
vt 0.098419 0.327927
vt 0.083400 0.327927
vt 0.103891 0.337406
vt 0.108868 0.346025
vt 0.113637 0.354286
vt 0.077928 0.337406
vt 0.072952 0.346025
vt 0.068182 0.354286
vt 0.121474 0.393429
vt 0.128727 0.380867
vt 0.110441 0.393583
vt 0.100453 0.393643
vt 0.090910 0.393652
vt 0.123344 0.371235
vt 0.118402 0.362556
vt 0.113637 0.354286
vt 0.117760 0.323424
vt 0.111699 0.333923
vt 0.107930 0.324748
vt 0.127192 0.322746
vt 0.119950 0.331688
vt 0.136364 0.322524
vt 0.128187 0.330310
vt 0.115827 0.342430
vt 0.122875 0.339510
vt 0.136364 0.329820
vt 0.129742 0.337341
vt 0.161607 0.332924
vt 0.155082 0.323228
vt 0.165270 0.323932
vt 0.149962 0.339322
vt 0.152936 0.331414
vt 0.157274 0.341786
vt 0.146189 0.346837
vt 0.144562 0.330275
vt 0.145551 0.322721
vt 0.143000 0.337318
vt 0.140475 0.343538
vt 0.130189 0.366343
vt 0.141849 0.367146
vt 0.135893 0.374814
vt 0.124985 0.358342
vt 0.136207 0.360392
vt 0.120221 0.350485
vt 0.131033 0.353708
vt 0.147358 0.358962
vt 0.141568 0.353862
vt 0.126540 0.346837
vt 0.136351 0.348835
vt 0.136364 0.329820
vt 0.136364 0.336418
vt 0.152507 0.350485
vt 0.146189 0.346837
vt 0.120221 0.350485
vt 0.136364 0.341165
vt 0.132253 0.343538
vt 0.105928 0.314921
vt 0.098419 0.327927
vt 0.116872 0.314921
vt 0.126826 0.314921
vt 0.136364 0.314921
vt 0.103891 0.337406
vt 0.113637 0.354286
vt 0.176137 0.324762
vt 0.166931 0.314695
vt 0.170455 0.334604
vt 0.164774 0.344445
vt 0.152507 0.350485
vt 0.155896 0.314853
vt 0.145908 0.314913
vt 0.136364 0.314921
vt 0.128727 0.380867
vt 0.142046 0.383810
vt 0.123344 0.371235
vt 0.118402 0.362556
vt 0.113637 0.354286
vt 0.147728 0.373969
vt 0.153410 0.364128
vt 0.159092 0.354286
vt 0.254011 0.401958
vt 0.247485 0.411654
vt 0.243823 0.402662
vt 0.263541 0.401451
vt 0.256156 0.410145
vt 0.272728 0.401255
vt 0.264531 0.409006
vt 0.251819 0.420517
vt 0.259130 0.418053
vt 0.272728 0.408550
vt 0.266092 0.416048
vt 0.297971 0.411654
vt 0.291445 0.401958
vt 0.301633 0.402662
vt 0.293637 0.420517
vt 0.289300 0.410145
vt 0.288871 0.429215
vt 0.286326 0.418053
vt 0.281915 0.401451
vt 0.280925 0.409006
vt 0.282553 0.425567
vt 0.279364 0.416048
vt 0.267135 0.446065
vt 0.278321 0.446065
vt 0.272728 0.454324
vt 0.267505 0.432627
vt 0.272728 0.439395
vt 0.261721 0.437716
vt 0.262903 0.425567
vt 0.277951 0.432627
vt 0.283735 0.437716
vt 0.272728 0.427589
vt 0.268617 0.422268
vt 0.272728 0.401255
vt 0.272728 0.408550
vt 0.282553 0.425567
vt 0.288871 0.429215
vt 0.276839 0.422269
vt 0.256585 0.429215
vt 0.262903 0.425567
vt 0.272728 0.419895
vt 0.272728 0.415148
vt 0.242164 0.393429
vt 0.232955 0.403493
vt 0.253197 0.393583
vt 0.263184 0.393643
vt 0.272728 0.393652
vt 0.238637 0.413334
vt 0.244319 0.423175
vt 0.250001 0.433017
vt 0.312501 0.403493
vt 0.303292 0.393429
vt 0.318182 0.393651
vt 0.306819 0.413334
vt 0.301137 0.423175
vt 0.295455 0.433017
vt 0.292259 0.393583
vt 0.282272 0.393643
vt 0.267046 0.462541
vt 0.278410 0.462541
vt 0.272728 0.472382
vt 0.261364 0.452699
vt 0.255683 0.442858
vt 0.284092 0.452699
vt 0.289773 0.442858
vt 0.248067 0.374658
vt 0.254119 0.385140
vt 0.244294 0.383825
vt 0.252191 0.366143
vt 0.256314 0.376885
vt 0.256585 0.358088
vt 0.259239 0.369062
vt 0.263555 0.385826
vt 0.264551 0.378263
vt 0.262903 0.361736
vt 0.266106 0.371231
vt 0.278790 0.342426
vt 0.266666 0.342426
vt 0.272728 0.334575
vt 0.284093 0.350255
vt 0.272728 0.348454
vt 0.288871 0.358088
vt 0.278040 0.354899
vt 0.261363 0.350255
vt 0.267416 0.354899
vt 0.282553 0.361736
vt 0.272728 0.359762
vt 0.291337 0.385140
vt 0.297389 0.374658
vt 0.301162 0.383825
vt 0.281901 0.385826
vt 0.289142 0.376885
vt 0.272728 0.386048
vt 0.280905 0.378263
vt 0.293265 0.366143
vt 0.286217 0.369062
vt 0.272728 0.378753
vt 0.279350 0.371231
vt 0.256585 0.358088
vt 0.288871 0.358088
vt 0.282553 0.361736
vt 0.272728 0.378753
vt 0.272728 0.367408
vt 0.272728 0.372155
vt 0.268617 0.365035
vt 0.276839 0.365035
vt 0.234911 0.380867
vt 0.242164 0.393429
vt 0.245236 0.362556
vt 0.253197 0.393583
vt 0.263184 0.393643
vt 0.280237 0.327927
vt 0.265219 0.327927
vt 0.285709 0.337406
vt 0.290686 0.346025
vt 0.295455 0.354286
vt 0.254770 0.346025
vt 0.250001 0.354286
vt 0.303292 0.393429
vt 0.310545 0.380867
vt 0.292259 0.393583
vt 0.282272 0.393643
vt 0.272728 0.393652
vt 0.305162 0.371235
vt 0.300220 0.362556
vt 0.295455 0.354286
vt 0.299579 0.323424
vt 0.293517 0.333923
vt 0.289748 0.324748
vt 0.309010 0.322746
vt 0.301768 0.331688
vt 0.318182 0.322524
vt 0.310005 0.330310
vt 0.297645 0.342430
vt 0.304693 0.339510
vt 0.318182 0.329820
vt 0.311560 0.337341
vt 0.343425 0.332924
vt 0.336900 0.323228
vt 0.347088 0.323932
vt 0.331780 0.339322
vt 0.334754 0.331414
vt 0.339092 0.341786
vt 0.328007 0.346837
vt 0.326380 0.330275
vt 0.327369 0.322721
vt 0.324818 0.337318
vt 0.322293 0.343538
vt 0.312008 0.366343
vt 0.323667 0.367146
vt 0.317712 0.374814
vt 0.306803 0.358342
vt 0.318025 0.360392
vt 0.302040 0.350485
vt 0.312851 0.353708
vt 0.329176 0.358962
vt 0.323386 0.353862
vt 0.308358 0.346837
vt 0.318169 0.348835
vt 0.318182 0.336418
vt 0.334325 0.350485
vt 0.328007 0.346837
vt 0.302040 0.350485
vt 0.308358 0.346837
vt 0.318182 0.341165
vt 0.314072 0.343538
vt 0.287746 0.314921
vt 0.298691 0.314921
vt 0.308644 0.314921
vt 0.318182 0.314921
vt 0.285709 0.337406
vt 0.290686 0.346025
vt 0.295455 0.354286
vt 0.357955 0.324762
vt 0.348749 0.314695
vt 0.352273 0.334604
vt 0.346592 0.344445
vt 0.334325 0.350485
vt 0.337714 0.314853
vt 0.327726 0.314913
vt 0.318183 0.314921
vt 0.310545 0.380867
vt 0.323864 0.383810
vt 0.305162 0.371235
vt 0.300220 0.362556
vt 0.329546 0.373969
vt 0.335228 0.364128
vt 0.340910 0.354286
vt 0.415153 0.263696
vt 0.403030 0.263696
vt 0.409092 0.255844
vt 0.420456 0.271525
vt 0.409092 0.269724
vt 0.425234 0.279358
vt 0.414403 0.276168
vt 0.397727 0.271525
vt 0.403780 0.276168
vt 0.418916 0.283005
vt 0.409092 0.281031
vt 0.427696 0.306418
vt 0.433757 0.295919
vt 0.437526 0.305094
vt 0.418264 0.307097
vt 0.425506 0.298155
vt 0.409092 0.307318
vt 0.417269 0.299533
vt 0.429629 0.287412
vt 0.422581 0.290332
vt 0.409092 0.300023
vt 0.415714 0.292501
vt 0.384426 0.295919
vt 0.390483 0.306410
vt 0.380647 0.305076
vt 0.395602 0.290332
vt 0.392677 0.298154
vt 0.388554 0.287412
vt 0.399267 0.283005
vt 0.400914 0.299533
vt 0.399918 0.307096
vt 0.402469 0.292501
vt 0.404981 0.286304
vt 0.425234 0.279358
vt 0.418916 0.283005
vt 0.409092 0.300022
vt 0.409092 0.307318
vt 0.409092 0.293425
vt 0.392949 0.279358
vt 0.399267 0.283005
vt 0.409092 0.288678
vt 0.413202 0.286304
vt 0.416601 0.249197
vt 0.401582 0.249197
vt 0.422073 0.258676
vt 0.427049 0.267295
vt 0.431819 0.275556
vt 0.396110 0.258676
vt 0.391134 0.267295
vt 0.386364 0.275556
vt 0.447037 0.301915
vt 0.409092 0.314921
vt 0.441565 0.292437
vt 0.436588 0.283817
vt 0.431819 0.275556
vt 0.371144 0.301910
vt 0.378525 0.314695
vt 0.376618 0.292437
vt 0.381595 0.283817
vt 0.392949 0.279358
vt 0.389560 0.314853
vt 0.399548 0.314913
vt 0.409092 0.314921
vt 0.435942 0.244694
vt 0.429880 0.255193
vt 0.426112 0.246018
vt 0.445374 0.244015
vt 0.438132 0.252958
vt 0.454546 0.243794
vt 0.446369 0.251579
vt 0.434009 0.263700
vt 0.441057 0.260780
vt 0.454546 0.251090
vt 0.447924 0.258611
vt 0.479212 0.255193
vt 0.473150 0.244694
vt 0.482980 0.246018
vt 0.475083 0.263700
vt 0.470960 0.252958
vt 0.470689 0.271755
vt 0.468035 0.260780
vt 0.463719 0.244015
vt 0.462724 0.251579
vt 0.464371 0.268107
vt 0.461168 0.258611
vt 0.448484 0.287416
vt 0.460608 0.287416
vt 0.454546 0.295268
vt 0.443181 0.279588
vt 0.454546 0.281388
vt 0.438403 0.271755
vt 0.449234 0.274944
vt 0.465911 0.279588
vt 0.459858 0.274944
vt 0.444721 0.268107
vt 0.454546 0.270081
vt 0.454546 0.243794
vt 0.454546 0.251090
vt 0.464371 0.268107
vt 0.438403 0.271755
vt 0.454546 0.262434
vt 0.450435 0.264808
vt 0.454546 0.257687
vt 0.458657 0.264808
vt 0.424110 0.236191
vt 0.435054 0.236191
vt 0.445007 0.236191
vt 0.454546 0.236191
vt 0.422073 0.258676
vt 0.431819 0.275556
vt 0.492491 0.249197
vt 0.487019 0.258676
vt 0.482043 0.267295
vt 0.477273 0.275556
vt 0.474038 0.236191
vt 0.464085 0.236191
vt 0.454546 0.236191
vt 0.447037 0.301915
vt 0.462055 0.301915
vt 0.441565 0.292437
vt 0.436588 0.283817
vt 0.467527 0.292437
vt 0.472504 0.283817
vt 0.477273 0.275556
vt 0.506062 0.263696
vt 0.493939 0.263696
vt 0.500001 0.255844
vt 0.511365 0.271525
vt 0.500001 0.269724
vt 0.516143 0.279358
vt 0.505312 0.276168
vt 0.488636 0.271525
vt 0.494689 0.276168
vt 0.509825 0.283005
vt 0.500000 0.281031
vt 0.518609 0.306410
vt 0.524666 0.295919
vt 0.528445 0.305076
vt 0.508178 0.299533
vt 0.516415 0.298154
vt 0.509174 0.307095
vt 0.500001 0.300023
vt 0.513490 0.290332
vt 0.520538 0.287412
vt 0.506622 0.292501
vt 0.500000 0.293425
vt 0.475335 0.295919
vt 0.481397 0.306418
vt 0.471566 0.305094
vt 0.479463 0.287412
vt 0.483586 0.298154
vt 0.483858 0.279358
vt 0.486511 0.290332
vt 0.490828 0.307097
vt 0.491823 0.299533
vt 0.490176 0.283005
vt 0.493378 0.292501
vt 0.516143 0.279358
vt 0.504111 0.286304
vt 0.500001 0.307318
vt 0.483858 0.279358
vt 0.490176 0.283005
vt 0.500000 0.288678
vt 0.495890 0.286304
vt 0.507510 0.249197
vt 0.512982 0.258676
vt 0.517958 0.267295
vt 0.522728 0.275556
vt 0.482043 0.267295
vt 0.530567 0.314695
vt 0.537948 0.301910
vt 0.509544 0.314913
vt 0.532474 0.292436
vt 0.527497 0.283817
vt 0.467527 0.292437
vt 0.472504 0.283817
vt 0.480509 0.314921
vt 0.500001 0.314921
vt 0.596971 0.263696
vt 0.584848 0.263696
vt 0.590910 0.255844
vt 0.602274 0.271525
vt 0.590910 0.269724
vt 0.607052 0.279358
vt 0.596221 0.276168
vt 0.579545 0.271525
vt 0.585598 0.276168
vt 0.600734 0.283005
vt 0.590909 0.281031
vt 0.609514 0.306418
vt 0.615575 0.295919
vt 0.619344 0.305094
vt 0.600082 0.307097
vt 0.607324 0.298155
vt 0.590910 0.307318
vt 0.599087 0.299533
vt 0.611447 0.287412
vt 0.604399 0.290332
vt 0.590909 0.300023
vt 0.597531 0.292501
vt 0.566244 0.295919
vt 0.572301 0.306410
vt 0.562465 0.305076
vt 0.577420 0.290332
vt 0.574495 0.298154
vt 0.570372 0.287412
vt 0.581085 0.283005
vt 0.582732 0.299533
vt 0.581736 0.307096
vt 0.584287 0.292501
vt 0.586799 0.286304
vt 0.607052 0.279358
vt 0.590910 0.300022
vt 0.590909 0.293425
vt 0.574767 0.279358
vt 0.581085 0.283005
vt 0.590910 0.288678
vt 0.595021 0.286304
vt 0.598419 0.249197
vt 0.583400 0.249197
vt 0.603891 0.258676
vt 0.608867 0.267295
vt 0.613637 0.275556
vt 0.577928 0.258676
vt 0.572952 0.267295
vt 0.568182 0.275556
vt 0.628855 0.301915
vt 0.610401 0.314921
vt 0.590910 0.314921
vt 0.623383 0.292437
vt 0.618406 0.283817
vt 0.613637 0.275556
vt 0.552962 0.301910
vt 0.560343 0.314695
vt 0.558436 0.292437
vt 0.563413 0.283817
vt 0.574767 0.279358
vt 0.571378 0.314853
vt 0.581366 0.314913
vt 0.590910 0.314921
vt 0.617760 0.244694
vt 0.611699 0.255193
vt 0.607930 0.246018
vt 0.627192 0.244015
vt 0.619950 0.252958
vt 0.636364 0.243794
vt 0.628187 0.251579
vt 0.615827 0.263700
vt 0.622875 0.260780
vt 0.636364 0.251090
vt 0.629742 0.258611
vt 0.661030 0.255193
vt 0.654968 0.244694
vt 0.664798 0.246018
vt 0.656901 0.263700
vt 0.652778 0.252958
vt 0.652507 0.271755
vt 0.649853 0.260780
vt 0.645537 0.244015
vt 0.644542 0.251579
vt 0.646189 0.268107
vt 0.642986 0.258611
vt 0.630302 0.287416
vt 0.642426 0.287416
vt 0.636364 0.295268
vt 0.624999 0.279588
vt 0.636364 0.281388
vt 0.620221 0.271755
vt 0.631052 0.274944
vt 0.647729 0.279588
vt 0.641676 0.274944
vt 0.626539 0.268107
vt 0.636364 0.270081
vt 0.636364 0.243794
vt 0.636364 0.251090
vt 0.652507 0.271755
vt 0.620221 0.271755
vt 0.636364 0.262434
vt 0.632253 0.264808
vt 0.636364 0.257687
vt 0.640475 0.264808
vt 0.605928 0.236191
vt 0.616872 0.236191
vt 0.626825 0.236191
vt 0.636364 0.236191
vt 0.608867 0.267295
vt 0.674309 0.249197
vt 0.666800 0.236191
vt 0.668837 0.258676
vt 0.663861 0.267295
vt 0.659091 0.275556
vt 0.655856 0.236191
vt 0.636364 0.236191
vt 0.628855 0.301915
vt 0.643873 0.301915
vt 0.623383 0.292437
vt 0.613637 0.275556
vt 0.649345 0.292437
vt 0.654322 0.283817
vt 0.659091 0.275556
vt 0.687880 0.263696
vt 0.675757 0.263696
vt 0.681819 0.255844
vt 0.693183 0.271525
vt 0.681819 0.269724
vt 0.697961 0.279358
vt 0.687130 0.276168
vt 0.670454 0.271525
vt 0.676507 0.276168
vt 0.691643 0.283005
vt 0.681818 0.281031
vt 0.700428 0.306410
vt 0.706484 0.295919
vt 0.710263 0.305076
vt 0.689996 0.299533
vt 0.698233 0.298154
vt 0.690992 0.307095
vt 0.681819 0.300023
vt 0.695308 0.290332
vt 0.702356 0.287412
vt 0.688441 0.292501
vt 0.681818 0.293425
vt 0.657153 0.295919
vt 0.663215 0.306418
vt 0.653384 0.305094
vt 0.661281 0.287412
vt 0.665404 0.298154
vt 0.665676 0.279358
vt 0.668329 0.290332
vt 0.672646 0.307097
vt 0.673641 0.299533
vt 0.671994 0.283005
vt 0.675196 0.292501
vt 0.691643 0.283005
vt 0.685929 0.286304
vt 0.681819 0.307318
vt 0.665676 0.279358
vt 0.671994 0.283005
vt 0.681819 0.288678
vt 0.677708 0.286304
vt 0.689328 0.249197
vt 0.694800 0.258676
vt 0.699777 0.267295
vt 0.704546 0.275556
vt 0.668837 0.258676
vt 0.663861 0.267295
vt 0.719766 0.301910
vt 0.701350 0.314853
vt 0.691362 0.314913
vt 0.714292 0.292436
vt 0.709315 0.283817
vt 0.643873 0.301915
vt 0.651383 0.314921
vt 0.654322 0.283817
vt 0.659091 0.275556
vt 0.662327 0.314921
vt 0.681818 0.314921
vt 0.778789 0.263696
vt 0.766666 0.263696
vt 0.772728 0.255844
vt 0.784092 0.271525
vt 0.772728 0.269724
vt 0.788870 0.279358
vt 0.778040 0.276168
vt 0.761363 0.271525
vt 0.767416 0.276168
vt 0.782552 0.283005
vt 0.772728 0.281031
vt 0.791332 0.306418
vt 0.797393 0.295919
vt 0.801162 0.305094
vt 0.781900 0.307097
vt 0.789142 0.298155
vt 0.772728 0.307318
vt 0.780905 0.299533
vt 0.793265 0.287412
vt 0.786217 0.290332
vt 0.772728 0.300023
vt 0.779350 0.292501
vt 0.748062 0.295919
vt 0.754119 0.306410
vt 0.744283 0.305076
vt 0.759238 0.290332
vt 0.756313 0.298154
vt 0.752190 0.287412
vt 0.762903 0.283005
vt 0.764550 0.299533
vt 0.763554 0.307096
vt 0.766105 0.292501
vt 0.768617 0.286304
vt 0.788871 0.279358
vt 0.782552 0.283005
vt 0.772728 0.300022
vt 0.772728 0.307318
vt 0.772728 0.293425
vt 0.756585 0.279358
vt 0.772728 0.288678
vt 0.776838 0.286304
vt 0.780237 0.249197
vt 0.765218 0.249197
vt 0.785709 0.258676
vt 0.790685 0.267295
vt 0.795455 0.275556
vt 0.759746 0.258676
vt 0.754770 0.267295
vt 0.750000 0.275556
vt 0.803164 0.314921
vt 0.810673 0.301915
vt 0.792219 0.314921
vt 0.772728 0.314921
vt 0.805201 0.292437
vt 0.800224 0.283817
vt 0.795455 0.275556
vt 0.734780 0.301910
vt 0.742161 0.314695
vt 0.740254 0.292437
vt 0.745231 0.283817
vt 0.756585 0.279358
vt 0.753196 0.314853
vt 0.763184 0.314913
vt 0.799578 0.244694
vt 0.793517 0.255193
vt 0.789748 0.246018
vt 0.809010 0.244015
vt 0.801768 0.252958
vt 0.818182 0.243794
vt 0.810005 0.251579
vt 0.797645 0.263700
vt 0.804693 0.260780
vt 0.818182 0.251090
vt 0.811560 0.258611
vt 0.842848 0.255193
vt 0.836786 0.244694
vt 0.846616 0.246018
vt 0.838720 0.263700
vt 0.834596 0.252958
vt 0.834325 0.271755
vt 0.831671 0.260780
vt 0.827355 0.244015
vt 0.826360 0.251579
vt 0.828007 0.268107
vt 0.824804 0.258611
vt 0.812121 0.287416
vt 0.824244 0.287416
vt 0.818182 0.295268
vt 0.806817 0.279588
vt 0.818182 0.281388
vt 0.802039 0.271755
vt 0.812870 0.274944
vt 0.829547 0.279588
vt 0.823494 0.274944
vt 0.808357 0.268107
vt 0.818182 0.270081
vt 0.818182 0.243794
vt 0.818182 0.251090
vt 0.802039 0.271755
vt 0.808357 0.268107
vt 0.818182 0.262434
vt 0.814071 0.264808
vt 0.818182 0.257687
vt 0.822293 0.264808
vt 0.787746 0.236191
vt 0.798690 0.236191
vt 0.808643 0.236191
vt 0.818182 0.236191
vt 0.785709 0.258676
vt 0.790686 0.267295
vt 0.856128 0.249197
vt 0.848618 0.236191
vt 0.850655 0.258676
vt 0.845679 0.267295
vt 0.840909 0.275556
vt 0.837674 0.236191
vt 0.827721 0.236191
vt 0.810673 0.301915
vt 0.825691 0.301915
vt 0.805201 0.292437
vt 0.831163 0.292437
vt 0.836140 0.283817
vt 0.840909 0.275556
vt 0.869698 0.263696
vt 0.857575 0.263696
vt 0.863637 0.255844
vt 0.875001 0.271525
vt 0.863637 0.269724
vt 0.879779 0.279358
vt 0.868948 0.276168
vt 0.852272 0.271525
vt 0.858325 0.276168
vt 0.873461 0.283005
vt 0.863637 0.281031
vt 0.882245 0.306410
vt 0.888297 0.295928
vt 0.892071 0.305094
vt 0.871814 0.299533
vt 0.880051 0.298154
vt 0.872810 0.307095
vt 0.863636 0.300023
vt 0.877126 0.290332
vt 0.884173 0.287413
vt 0.870258 0.292501
vt 0.863637 0.293425
vt 0.838971 0.295919
vt 0.845033 0.306418
vt 0.835202 0.305094
vt 0.843099 0.287412
vt 0.847223 0.298154
vt 0.847494 0.279358
vt 0.850147 0.290332
vt 0.854464 0.307097
vt 0.855459 0.299533
vt 0.853812 0.283005
vt 0.857015 0.292501
vt 0.873461 0.283005
vt 0.879779 0.279358
vt 0.867747 0.286304
vt 0.863637 0.307318
vt 0.863637 0.300023
vt 0.847494 0.279358
vt 0.853812 0.283005
vt 0.863636 0.288678
vt 0.859526 0.286304
vt 0.871146 0.249197
vt 0.856128 0.249197
vt 0.876618 0.258676
vt 0.881594 0.267295
vt 0.886364 0.275556
vt 0.850655 0.258676
vt 0.845679 0.267295
vt 0.894201 0.314699
vt 0.901454 0.302137
vt 0.883168 0.314853
vt 0.873180 0.314913
vt 0.896070 0.292505
vt 0.891128 0.283825
vt 0.825691 0.301915
vt 0.836140 0.283817
vt 0.840909 0.275556
vt 0.844145 0.314921
vt 0.863637 0.314921
vt 0.051630 0.263499
vt 0.039970 0.262696
vt 0.045926 0.255029
vt 0.056834 0.271500
vt 0.045613 0.269451
vt 0.061598 0.279358
vt 0.050787 0.276134
vt 0.034462 0.270881
vt 0.040251 0.275980
vt 0.055280 0.283005
vt 0.045468 0.281008
vt 0.064059 0.306418
vt 0.070121 0.295919
vt 0.073889 0.305094
vt 0.054627 0.307097
vt 0.061869 0.298154
vt 0.045455 0.307318
vt 0.053632 0.299533
vt 0.065992 0.287412
vt 0.058944 0.290332
vt 0.045455 0.300023
vt 0.052077 0.292501
vt 0.020212 0.296919
vt 0.026732 0.306606
vt 0.016539 0.305892
vt 0.031857 0.290520
vt 0.028883 0.298428
vt 0.024546 0.288056
vt 0.035630 0.283005
vt 0.037258 0.299567
vt 0.036267 0.307120
vt 0.038819 0.292524
vt 0.041344 0.286304
vt 0.061598 0.279358
vt 0.055280 0.283005
vt 0.045455 0.300022
vt 0.045455 0.307318
vt 0.045455 0.293425
vt 0.029312 0.279358
vt 0.045455 0.288678
vt 0.049566 0.286304
vt 0.053092 0.248975
vt 0.039773 0.246032
vt 0.058476 0.258607
vt 0.063418 0.267287
vt 0.068182 0.275556
vt 0.034091 0.255874
vt 0.028409 0.265715
vt 0.022728 0.275556
vt 0.075891 0.314921
vt 0.083400 0.301915
vt 0.045455 0.314921
vt 0.077928 0.292437
vt 0.072952 0.283817
vt 0.068182 0.275556
vt 0.005682 0.305080
vt 0.011364 0.295239
vt 0.017046 0.285397
vt 0.029312 0.279358
vt 0.025884 0.314921
vt 0.035906 0.314921
vt 0.045455 0.314921
vt 0.072301 0.244702
vt 0.066249 0.255184
vt 0.062475 0.246018
vt 0.081737 0.244017
vt 0.074495 0.252958
vt 0.090910 0.243794
vt 0.082732 0.251579
vt 0.070373 0.263699
vt 0.077420 0.260780
vt 0.090910 0.251090
vt 0.084288 0.258611
vt 0.115575 0.255193
vt 0.109514 0.244694
vt 0.119344 0.246018
vt 0.111447 0.263700
vt 0.107324 0.252958
vt 0.107053 0.271755
vt 0.104399 0.260780
vt 0.100082 0.244015
vt 0.099087 0.251579
vt 0.100735 0.268107
vt 0.097532 0.258611
vt 0.084848 0.287416
vt 0.096971 0.287416
vt 0.090910 0.295268
vt 0.079545 0.279587
vt 0.090910 0.281388
vt 0.074767 0.271755
vt 0.085598 0.274944
vt 0.102275 0.279588
vt 0.096222 0.274944
vt 0.081085 0.268107
vt 0.090910 0.270081
vt 0.090910 0.251090
vt 0.107053 0.271755
vt 0.100735 0.268107
vt 0.074767 0.271755
vt 0.081085 0.268107
vt 0.090910 0.262434
vt 0.086799 0.264808
vt 0.090910 0.257687
vt 0.095021 0.264808
vt 0.060345 0.236413
vt 0.071378 0.236259
vt 0.081366 0.236200
vt 0.090910 0.236191
vt 0.058476 0.258607
vt 0.063418 0.267287
vt 0.068182 0.275556
vt 0.128855 0.249197
vt 0.123383 0.258676
vt 0.118406 0.267295
vt 0.113637 0.275556
vt 0.110402 0.236191
vt 0.100449 0.236191
vt 0.090910 0.236191
vt 0.083400 0.301915
vt 0.098419 0.301915
vt 0.077928 0.292437
vt 0.072952 0.283817
vt 0.103891 0.292437
vt 0.108868 0.283817
vt 0.113637 0.275556
vt 0.142426 0.263696
vt 0.130303 0.263696
vt 0.136364 0.255844
vt 0.147729 0.271525
vt 0.136364 0.269724
vt 0.152507 0.279358
vt 0.141676 0.276168
vt 0.124999 0.271525
vt 0.131052 0.276168
vt 0.146189 0.283005
vt 0.136364 0.281031
vt 0.154973 0.306410
vt 0.161030 0.295919
vt 0.164809 0.305076
vt 0.144542 0.299533
vt 0.152779 0.298154
vt 0.145538 0.307095
vt 0.136364 0.300023
vt 0.149854 0.290332
vt 0.156902 0.287412
vt 0.142986 0.292501
vt 0.136364 0.293425
vt 0.111699 0.295919
vt 0.117760 0.306418
vt 0.107930 0.305094
vt 0.115827 0.287412
vt 0.119950 0.298154
vt 0.120221 0.279358
vt 0.122875 0.290332
vt 0.127192 0.307097
vt 0.128187 0.299533
vt 0.126540 0.283005
vt 0.129742 0.292501
vt 0.146189 0.283005
vt 0.140475 0.286304
vt 0.136364 0.307318
vt 0.136364 0.300023
vt 0.126540 0.283005
vt 0.136364 0.288678
vt 0.132253 0.286304
vt 0.143874 0.249197
vt 0.149346 0.258676
vt 0.154322 0.267295
vt 0.159092 0.275556
vt 0.118406 0.267295
vt 0.113637 0.275556
vt 0.166931 0.314695
vt 0.174312 0.301910
vt 0.155896 0.314853
vt 0.145908 0.314913
vt 0.168838 0.292436
vt 0.163861 0.283817
vt 0.159092 0.275556
vt 0.103891 0.292437
vt 0.108868 0.283817
vt 0.113637 0.275556
vt 0.136364 0.314921
vt 0.233335 0.263696
vt 0.221212 0.263696
vt 0.227274 0.255844
vt 0.238638 0.271525
vt 0.227274 0.269724
vt 0.243416 0.279358
vt 0.232585 0.276168
vt 0.215909 0.271525
vt 0.221962 0.276168
vt 0.237098 0.283005
vt 0.227273 0.281031
vt 0.245878 0.306418
vt 0.251939 0.295919
vt 0.255708 0.305094
vt 0.236446 0.307097
vt 0.243688 0.298155
vt 0.227274 0.307318
vt 0.235451 0.299533
vt 0.247811 0.287412
vt 0.240763 0.290332
vt 0.227274 0.300023
vt 0.233895 0.292501
vt 0.202608 0.295919
vt 0.208665 0.306410
vt 0.198829 0.305076
vt 0.213784 0.290332
vt 0.210859 0.298154
vt 0.206736 0.287412
vt 0.217449 0.283005
vt 0.219096 0.299533
vt 0.218100 0.307096
vt 0.220651 0.292501
vt 0.223163 0.286304
vt 0.243416 0.279358
vt 0.237098 0.283005
vt 0.227274 0.300022
vt 0.227274 0.307318
vt 0.227274 0.293425
vt 0.211131 0.279358
vt 0.217449 0.283005
vt 0.227274 0.288678
vt 0.231384 0.286304
vt 0.234783 0.249197
vt 0.219764 0.249197
vt 0.240255 0.258676
vt 0.245231 0.267295
vt 0.250001 0.275556
vt 0.214292 0.258676
vt 0.209316 0.267295
vt 0.204546 0.275556
vt 0.265219 0.301915
vt 0.236812 0.314921
vt 0.227274 0.314921
vt 0.259747 0.292437
vt 0.254770 0.283817
vt 0.250001 0.275556
vt 0.189326 0.301910
vt 0.196707 0.314695
vt 0.194800 0.292437
vt 0.199777 0.283817
vt 0.211131 0.279358
vt 0.207742 0.314853
vt 0.217730 0.314913
vt 0.227274 0.314921
vt 0.254124 0.244694
vt 0.248062 0.255193
vt 0.244294 0.246018
vt 0.263555 0.244015
vt 0.256314 0.252958
vt 0.272728 0.243794
vt 0.264551 0.251579
vt 0.252191 0.263700
vt 0.259239 0.260780
vt 0.272728 0.251090
vt 0.266106 0.258611
vt 0.297394 0.255193
vt 0.291332 0.244694
vt 0.301162 0.246018
vt 0.293265 0.263700
vt 0.289142 0.252958
vt 0.288871 0.271755
vt 0.286217 0.260780
vt 0.281901 0.244015
vt 0.280906 0.251579
vt 0.282553 0.268107
vt 0.279350 0.258611
vt 0.266666 0.287416
vt 0.278790 0.287416
vt 0.272728 0.295268
vt 0.261363 0.279588
vt 0.272728 0.281388
vt 0.256585 0.271755
vt 0.267416 0.274944
vt 0.284093 0.279588
vt 0.278040 0.274944
vt 0.262903 0.268107
vt 0.272728 0.270081
vt 0.272728 0.243794
vt 0.272728 0.251090
vt 0.282553 0.268107
vt 0.256585 0.271755
vt 0.262903 0.268107
vt 0.272728 0.262434
vt 0.268617 0.264808
vt 0.272728 0.257687
vt 0.276839 0.264808
vt 0.242292 0.236191
vt 0.234783 0.249197
vt 0.253236 0.236191
vt 0.263189 0.236191
vt 0.240255 0.258676
vt 0.310673 0.249197
vt 0.305201 0.258676
vt 0.300225 0.267295
vt 0.295455 0.275556
vt 0.292220 0.236191
vt 0.265219 0.301915
vt 0.280237 0.301915
vt 0.259747 0.292437
vt 0.254770 0.283817
vt 0.285709 0.292437
vt 0.290686 0.283817
vt 0.295455 0.275556
vt 0.324244 0.263696
vt 0.312121 0.263696
vt 0.318183 0.255844
vt 0.329547 0.271525
vt 0.318183 0.269724
vt 0.334325 0.279358
vt 0.323494 0.276168
vt 0.306818 0.271525
vt 0.312871 0.276168
vt 0.328007 0.283005
vt 0.318183 0.281031
vt 0.336791 0.306410
vt 0.342848 0.295919
vt 0.346627 0.305076
vt 0.326360 0.299533
vt 0.334597 0.298154
vt 0.327356 0.307095
vt 0.318182 0.300023
vt 0.331672 0.290332
vt 0.338720 0.287412
vt 0.324804 0.292501
vt 0.318182 0.293425
vt 0.293517 0.295919
vt 0.299579 0.306418
vt 0.289748 0.305094
vt 0.297645 0.287412
vt 0.301768 0.298154
vt 0.302040 0.279358
vt 0.304693 0.290332
vt 0.309010 0.307097
vt 0.310005 0.299533
vt 0.308358 0.283005
vt 0.311560 0.292501
vt 0.328007 0.283005
vt 0.322293 0.286304
vt 0.318183 0.307318
vt 0.318182 0.300023
vt 0.302040 0.279358
vt 0.308358 0.283005
vt 0.318183 0.288678
vt 0.314072 0.286304
vt 0.325692 0.249197
vt 0.331164 0.258676
vt 0.336140 0.267295
vt 0.340910 0.275556
vt 0.300225 0.267295
vt 0.295455 0.275556
vt 0.356130 0.301910
vt 0.327726 0.314913
vt 0.350656 0.292436
vt 0.345679 0.283817
vt 0.340910 0.275556
vt 0.285709 0.292437
vt 0.290686 0.283817
vt 0.295455 0.275556
vt 0.318183 0.314921
vt 0.526851 0.244694
vt 0.520790 0.255193
vt 0.517021 0.246018
vt 0.536282 0.244015
vt 0.529041 0.252958
vt 0.545455 0.243794
vt 0.537278 0.251579
vt 0.524918 0.263700
vt 0.531966 0.260780
vt 0.545455 0.251090
vt 0.538833 0.258611
vt 0.570121 0.255193
vt 0.564059 0.244694
vt 0.573889 0.246018
vt 0.565992 0.263700
vt 0.561869 0.252958
vt 0.561598 0.271755
vt 0.558944 0.260780
vt 0.554628 0.244015
vt 0.553632 0.251579
vt 0.555280 0.268107
vt 0.552077 0.258611
vt 0.539393 0.287416
vt 0.551517 0.287416
vt 0.545455 0.295268
vt 0.540143 0.274944
vt 0.545455 0.281388
vt 0.534090 0.279587
vt 0.535630 0.268107
vt 0.550767 0.274944
vt 0.556820 0.279587
vt 0.545455 0.270081
vt 0.541344 0.264808
vt 0.545455 0.243794
vt 0.555280 0.268107
vt 0.561598 0.271754
vt 0.549566 0.264808
vt 0.529312 0.271755
vt 0.535630 0.268107
vt 0.545455 0.262434
vt 0.545455 0.257687
vt 0.515019 0.236191
vt 0.507510 0.249197
vt 0.525963 0.236191
vt 0.535916 0.236191
vt 0.545455 0.236191
vt 0.512982 0.258676
vt 0.517958 0.267295
vt 0.522728 0.275556
vt 0.575891 0.236191
vt 0.577928 0.258676
vt 0.572952 0.267295
vt 0.568182 0.275556
vt 0.564947 0.236191
vt 0.554994 0.236191
vt 0.545455 0.236191
vt 0.552962 0.301910
vt 0.532474 0.292437
vt 0.529312 0.271755
vt 0.558436 0.292436
vt 0.563413 0.283817
vt 0.568182 0.275556
vt 0.520790 0.217189
vt 0.526851 0.227688
vt 0.517021 0.226364
vt 0.524918 0.208682
vt 0.529041 0.219424
vt 0.529312 0.200628
vt 0.531966 0.211602
vt 0.536283 0.228367
vt 0.537278 0.220803
vt 0.535630 0.204275
vt 0.538833 0.213771
vt 0.551517 0.184966
vt 0.539393 0.184966
vt 0.545455 0.177114
vt 0.556820 0.192795
vt 0.545455 0.190994
vt 0.561598 0.200628
vt 0.550767 0.197438
vt 0.534090 0.192795
vt 0.540143 0.197438
vt 0.555280 0.204275
vt 0.545455 0.202301
vt 0.564059 0.227688
vt 0.570121 0.217189
vt 0.573889 0.226364
vt 0.554628 0.228367
vt 0.561869 0.219424
vt 0.545455 0.228588
vt 0.553632 0.220803
vt 0.565992 0.208682
vt 0.558944 0.211602
vt 0.545455 0.221292
vt 0.552077 0.213771
vt 0.535630 0.204275
vt 0.561598 0.200628
vt 0.555280 0.204275
vt 0.545455 0.209948
vt 0.545455 0.214695
vt 0.541344 0.207574
vt 0.549566 0.207574
vt 0.515019 0.236191
vt 0.512982 0.213707
vt 0.522728 0.196826
vt 0.525963 0.236191
vt 0.545455 0.236191
vt 0.552964 0.170467
vt 0.537946 0.170467
vt 0.558436 0.179946
vt 0.563413 0.188565
vt 0.568182 0.196826
vt 0.527497 0.188565
vt 0.583400 0.223185
vt 0.564947 0.236191
vt 0.554994 0.236191
vt 0.577928 0.213706
vt 0.572952 0.205087
vt 0.568182 0.196826
vt 0.572306 0.165964
vt 0.566244 0.176463
vt 0.562475 0.167288
vt 0.581737 0.165285
vt 0.574495 0.174228
vt 0.590910 0.165064
vt 0.582732 0.172849
vt 0.570372 0.184970
vt 0.577420 0.182050
vt 0.590909 0.172360
vt 0.584287 0.179881
vt 0.615575 0.176463
vt 0.609518 0.165972
vt 0.619354 0.167306
vt 0.604399 0.182050
vt 0.607324 0.174228
vt 0.611447 0.184970
vt 0.600734 0.189377
vt 0.599087 0.172849
vt 0.600083 0.165287
vt 0.597532 0.179881
vt 0.595020 0.186078
vt 0.584848 0.208686
vt 0.596971 0.208686
vt 0.590910 0.216538
vt 0.579545 0.200857
vt 0.590910 0.202658
vt 0.574767 0.193025
vt 0.585598 0.196214
vt 0.602274 0.200857
vt 0.596221 0.196214
vt 0.581085 0.189377
vt 0.590909 0.191351
vt 0.590910 0.165064
vt 0.590909 0.178957
vt 0.607052 0.193025
vt 0.600734 0.189377
vt 0.574767 0.193025
vt 0.581085 0.189377
vt 0.590909 0.183704
vt 0.586799 0.186078
vt 0.560473 0.157461
vt 0.552964 0.170467
vt 0.571418 0.157461
vt 0.581371 0.157461
vt 0.590910 0.157461
vt 0.558436 0.179946
vt 0.563413 0.188565
vt 0.568182 0.196826
vt 0.628857 0.170472
vt 0.621476 0.157687
vt 0.623383 0.179946
vt 0.607052 0.193025
vt 0.610441 0.157529
vt 0.600453 0.157469
vt 0.598419 0.223185
vt 0.577928 0.213707
vt 0.572952 0.205087
vt 0.603891 0.213706
vt 0.608867 0.205087
vt 0.613637 0.196826
vt 0.708669 0.244694
vt 0.702608 0.255193
vt 0.698839 0.246018
vt 0.718101 0.244015
vt 0.710859 0.252958
vt 0.727273 0.243794
vt 0.719096 0.251579
vt 0.706736 0.263700
vt 0.713784 0.260780
vt 0.727273 0.251090
vt 0.720651 0.258611
vt 0.751939 0.255193
vt 0.745877 0.244694
vt 0.755707 0.246018
vt 0.747810 0.263700
vt 0.743687 0.252958
vt 0.743416 0.271755
vt 0.740762 0.260780
vt 0.736446 0.244015
vt 0.735451 0.251579
vt 0.737098 0.268107
vt 0.733895 0.258611
vt 0.721211 0.287416
vt 0.733335 0.287416
vt 0.727273 0.295268
vt 0.721961 0.274944
vt 0.727273 0.281388
vt 0.715908 0.279587
vt 0.717448 0.268107
vt 0.732585 0.274944
vt 0.738638 0.279587
vt 0.727273 0.270081
vt 0.723162 0.264808
vt 0.727273 0.243794
vt 0.737098 0.268107
vt 0.743416 0.271754
vt 0.731384 0.264808
vt 0.711130 0.271755
vt 0.717448 0.268107
vt 0.727273 0.262434
vt 0.727273 0.257687
vt 0.696837 0.236191
vt 0.707781 0.236191
vt 0.717734 0.236191
vt 0.727273 0.236191
vt 0.694800 0.258676
vt 0.699776 0.267295
vt 0.704546 0.275556
vt 0.765218 0.249197
vt 0.757709 0.236191
vt 0.759746 0.258676
vt 0.754770 0.267295
vt 0.750000 0.275556
vt 0.746765 0.236191
vt 0.736812 0.236191
vt 0.727273 0.236191
vt 0.734780 0.301910
vt 0.714292 0.292437
vt 0.740254 0.292436
vt 0.745231 0.283817
vt 0.750000 0.275556
vt 0.702608 0.217189
vt 0.708669 0.227688
vt 0.698839 0.226364
vt 0.706736 0.208682
vt 0.710859 0.219424
vt 0.711130 0.200628
vt 0.713784 0.211602
vt 0.718101 0.228367
vt 0.719096 0.220803
vt 0.717448 0.204275
vt 0.720651 0.213771
vt 0.733335 0.184966
vt 0.721212 0.184966
vt 0.727273 0.177114
vt 0.738638 0.192795
vt 0.727273 0.190994
vt 0.743416 0.200628
vt 0.732585 0.197438
vt 0.715908 0.192795
vt 0.721961 0.197438
vt 0.737098 0.204275
vt 0.727273 0.202301
vt 0.745877 0.227688
vt 0.751939 0.217189
vt 0.755707 0.226364
vt 0.736446 0.228367
vt 0.743687 0.219424
vt 0.727273 0.228588
vt 0.735451 0.220803
vt 0.747810 0.208682
vt 0.740762 0.211602
vt 0.727273 0.221292
vt 0.733895 0.213771
vt 0.711130 0.200628
vt 0.717448 0.204275
vt 0.743416 0.200628
vt 0.737098 0.204275
vt 0.727273 0.228588
vt 0.727273 0.221292
vt 0.727273 0.209948
vt 0.727273 0.214695
vt 0.723162 0.207574
vt 0.731384 0.207574
vt 0.696837 0.236191
vt 0.694800 0.213707
vt 0.704546 0.196826
vt 0.707781 0.236191
vt 0.727273 0.236191
vt 0.734782 0.170467
vt 0.719764 0.170467
vt 0.740254 0.179946
vt 0.745231 0.188565
vt 0.750000 0.196826
vt 0.714292 0.179946
vt 0.765218 0.223185
vt 0.746765 0.236191
vt 0.736812 0.236191
vt 0.727273 0.236191
vt 0.759746 0.213706
vt 0.754770 0.205087
vt 0.750000 0.196826
vt 0.754124 0.165964
vt 0.748062 0.176463
vt 0.744293 0.167288
vt 0.763555 0.165285
vt 0.756314 0.174228
vt 0.772728 0.165064
vt 0.764550 0.172849
vt 0.752190 0.184970
vt 0.759238 0.182050
vt 0.772728 0.172360
vt 0.766106 0.179881
vt 0.797393 0.176463
vt 0.791337 0.165972
vt 0.801172 0.167306
vt 0.786217 0.182050
vt 0.789142 0.174228
vt 0.793265 0.184970
vt 0.782552 0.189377
vt 0.780905 0.172849
vt 0.781901 0.165287
vt 0.779350 0.179881
vt 0.776838 0.186078
vt 0.766666 0.208686
vt 0.778789 0.208686
vt 0.772728 0.216538
vt 0.761363 0.200857
vt 0.772728 0.202658
vt 0.756585 0.193025
vt 0.767416 0.196214
vt 0.784093 0.200857
vt 0.778040 0.196214
vt 0.762903 0.189377
vt 0.772727 0.191351
vt 0.772728 0.172360
vt 0.772728 0.165064
vt 0.772728 0.178957
vt 0.788871 0.193025
vt 0.782552 0.189377
vt 0.756585 0.193025
vt 0.762903 0.189377
vt 0.772727 0.183704
vt 0.768617 0.186078
vt 0.742292 0.157461
vt 0.753236 0.157461
vt 0.763189 0.157461
vt 0.772728 0.157461
vt 0.740254 0.179946
vt 0.745231 0.188565
vt 0.750000 0.196826
vt 0.803294 0.157687
vt 0.800224 0.188565
vt 0.788870 0.193025
vt 0.792259 0.157529
vt 0.782271 0.157469
vt 0.772727 0.157461
vt 0.765218 0.223185
vt 0.780237 0.223185
vt 0.759746 0.213707
vt 0.754770 0.205087
vt 0.750000 0.196826
vt 0.785709 0.213706
vt 0.890487 0.244694
vt 0.884426 0.255193
vt 0.880657 0.246018
vt 0.899919 0.244015
vt 0.892677 0.252958
vt 0.909091 0.243794
vt 0.900914 0.251579
vt 0.888554 0.263700
vt 0.895602 0.260780
vt 0.909091 0.251090
vt 0.902469 0.258611
vt 0.934334 0.254193
vt 0.927808 0.244497
vt 0.937997 0.245202
vt 0.930000 0.263056
vt 0.925663 0.252684
vt 0.925234 0.271755
vt 0.922689 0.260592
vt 0.918278 0.243991
vt 0.917288 0.251545
vt 0.918916 0.268107
vt 0.915727 0.258588
vt 0.902916 0.287613
vt 0.914576 0.288416
vt 0.908620 0.296084
vt 0.903759 0.274978
vt 0.908933 0.281661
vt 0.897712 0.279612
vt 0.899266 0.268107
vt 0.914295 0.275132
vt 0.920084 0.280231
vt 0.909077 0.270104
vt 0.904980 0.264808
vt 0.909091 0.243794
vt 0.918916 0.268107
vt 0.925234 0.271755
vt 0.913202 0.264808
vt 0.892948 0.271755
vt 0.909091 0.262434
vt 0.909091 0.257687
vt 0.878655 0.236191
vt 0.871146 0.249197
vt 0.889599 0.236191
vt 0.899552 0.236191
vt 0.909091 0.236191
vt 0.886364 0.275556
vt 0.948864 0.246032
vt 0.939655 0.235969
vt 0.954545 0.236191
vt 0.943182 0.255874
vt 0.937500 0.265715
vt 0.931818 0.275556
vt 0.928622 0.236123
vt 0.918635 0.236182
vt 0.909091 0.236191
vt 0.914773 0.305080
vt 0.896070 0.292505
vt 0.892948 0.271755
vt 0.920455 0.295239
vt 0.926136 0.285397
vt 0.884426 0.217189
vt 0.890487 0.227688
vt 0.880657 0.226364
vt 0.888554 0.208682
vt 0.892677 0.219424
vt 0.892948 0.200628
vt 0.895602 0.211602
vt 0.899919 0.228367
vt 0.900914 0.220803
vt 0.899266 0.204275
vt 0.902469 0.213771
vt 0.915153 0.184966
vt 0.903030 0.184966
vt 0.909091 0.177114
vt 0.920456 0.192795
vt 0.909091 0.190994
vt 0.925234 0.200628
vt 0.914403 0.197438
vt 0.897726 0.192795
vt 0.903779 0.197438
vt 0.918916 0.204275
vt 0.909091 0.202301
vt 0.927700 0.227680
vt 0.933752 0.217198
vt 0.937526 0.226364
vt 0.918264 0.228366
vt 0.925505 0.219424
vt 0.909091 0.228588
vt 0.917269 0.220803
vt 0.929628 0.208683
vt 0.922580 0.211602
vt 0.909091 0.221292
vt 0.915713 0.213771
vt 0.892948 0.200628
vt 0.899266 0.204275
vt 0.918916 0.204275
vt 0.909091 0.221292
vt 0.909091 0.209948
vt 0.909091 0.214695
vt 0.904980 0.207574
vt 0.913202 0.207574
vt 0.871146 0.223185
vt 0.878655 0.236191
vt 0.876618 0.213707
vt 0.881594 0.205087
vt 0.886364 0.196826
vt 0.889599 0.236191
vt 0.899552 0.236191
vt 0.909091 0.236191
vt 0.916600 0.170467
vt 0.901582 0.170467
vt 0.922072 0.179946
vt 0.927049 0.188565
vt 0.931818 0.196826
vt 0.939655 0.235969
vt 0.946908 0.223407
vt 0.928622 0.236123
vt 0.918635 0.236182
vt 0.909091 0.236191
vt 0.941525 0.213775
vt 0.936583 0.205095
vt 0.931818 0.196826
vt 0.935942 0.165964
vt 0.929880 0.176463
vt 0.926111 0.167288
vt 0.945373 0.165285
vt 0.938131 0.174228
vt 0.954546 0.165064
vt 0.946368 0.172849
vt 0.934008 0.184970
vt 0.941056 0.182050
vt 0.954546 0.172360
vt 0.947924 0.179881
vt 0.979788 0.175463
vt 0.973268 0.165776
vt 0.983461 0.166490
vt 0.968143 0.181862
vt 0.971118 0.173954
vt 0.975455 0.184326
vt 0.964370 0.189377
vt 0.962743 0.172815
vt 0.963733 0.165262
vt 0.961181 0.179858
vt 0.958656 0.186078
vt 0.948371 0.208883
vt 0.960030 0.209686
vt 0.954075 0.217354
vt 0.943167 0.200882
vt 0.954388 0.202931
vt 0.938403 0.193025
vt 0.949214 0.196248
vt 0.965539 0.201501
vt 0.959749 0.196402
vt 0.944721 0.189377
vt 0.954532 0.191374
vt 0.954546 0.165064
vt 0.954545 0.178957
vt 0.970688 0.193025
vt 0.964370 0.189377
vt 0.938403 0.193025
vt 0.954545 0.183704
vt 0.950435 0.186078
vt 0.924110 0.157461
vt 0.935054 0.157461
vt 0.945007 0.157461
vt 0.954546 0.157461
vt 0.922072 0.179946
vt 0.927049 0.188565
vt 0.931818 0.196826
vt 0.994318 0.167302
vt 0.985243 0.157461
vt 1.000000 0.157461
vt 0.988636 0.177144
vt 0.982955 0.186985
vt 0.974116 0.157461
vt 0.964094 0.157461
vt 0.946908 0.223407
vt 0.960227 0.226350
vt 0.941525 0.213775
vt 0.965909 0.216509
vt 0.971591 0.206667
vt 0.977273 0.196826
vt 0.163215 0.244694
vt 0.157153 0.255193
vt 0.153385 0.246018
vt 0.172646 0.244015
vt 0.165405 0.252958
vt 0.181819 0.243794
vt 0.173642 0.251579
vt 0.161282 0.263700
vt 0.168330 0.260780
vt 0.181819 0.251090
vt 0.175197 0.258611
vt 0.206485 0.255193
vt 0.200423 0.244694
vt 0.210253 0.246018
vt 0.202356 0.263700
vt 0.198233 0.252958
vt 0.197962 0.271755
vt 0.195308 0.260780
vt 0.190992 0.244015
vt 0.189996 0.251579
vt 0.191644 0.268107
vt 0.188441 0.258611
vt 0.175757 0.287416
vt 0.187881 0.287416
vt 0.181819 0.295268
vt 0.176507 0.274944
vt 0.181819 0.281388
vt 0.170454 0.279587
vt 0.171994 0.268107
vt 0.187131 0.274944
vt 0.193184 0.279587
vt 0.181819 0.270081
vt 0.177708 0.264808
vt 0.181819 0.243794
vt 0.191644 0.268107
vt 0.197962 0.271754
vt 0.185930 0.264808
vt 0.165676 0.271755
vt 0.171994 0.268107
vt 0.181819 0.262434
vt 0.181819 0.257687
vt 0.151383 0.236191
vt 0.162327 0.236191
vt 0.172280 0.236191
vt 0.181819 0.236191
vt 0.154322 0.267295
vt 0.212255 0.236191
vt 0.214292 0.258676
vt 0.209316 0.267295
vt 0.204546 0.275556
vt 0.201311 0.236191
vt 0.191358 0.236191
vt 0.174312 0.301910
vt 0.189326 0.301910
vt 0.168838 0.292437
vt 0.194800 0.292436
vt 0.199777 0.283817
vt 0.204546 0.275556
vt 0.157153 0.217189
vt 0.163215 0.227688
vt 0.153385 0.226364
vt 0.161282 0.208682
vt 0.165405 0.219424
vt 0.165676 0.200628
vt 0.168330 0.211602
vt 0.172646 0.228367
vt 0.173642 0.220803
vt 0.171994 0.204275
vt 0.175197 0.213771
vt 0.187881 0.184966
vt 0.175757 0.184966
vt 0.181819 0.177114
vt 0.193184 0.192795
vt 0.181819 0.190994
vt 0.197962 0.200628
vt 0.187131 0.197438
vt 0.170454 0.192795
vt 0.176507 0.197438
vt 0.191644 0.204275
vt 0.181819 0.202301
vt 0.200423 0.227688
vt 0.206485 0.217189
vt 0.210253 0.226364
vt 0.190992 0.228367
vt 0.198233 0.219424
vt 0.181819 0.228588
vt 0.189996 0.220803
vt 0.202356 0.208682
vt 0.195308 0.211602
vt 0.181819 0.221292
vt 0.188441 0.213771
vt 0.197962 0.200628
vt 0.191644 0.204275
vt 0.181819 0.209948
vt 0.181819 0.214695
vt 0.177708 0.207574
vt 0.185930 0.207574
vt 0.151383 0.236191
vt 0.149346 0.213707
vt 0.162327 0.236191
vt 0.181819 0.236191
vt 0.189328 0.170467
vt 0.174310 0.170467
vt 0.194800 0.179946
vt 0.199777 0.188565
vt 0.204546 0.196826
vt 0.219764 0.223185
vt 0.201311 0.236191
vt 0.191358 0.236191
vt 0.181819 0.236191
vt 0.214292 0.213706
vt 0.209316 0.205087
vt 0.204546 0.196826
vt 0.208670 0.165964
vt 0.202608 0.176463
vt 0.198839 0.167288
vt 0.218101 0.165285
vt 0.210859 0.174228
vt 0.227274 0.165064
vt 0.219096 0.172849
vt 0.206736 0.184970
vt 0.213784 0.182050
vt 0.227274 0.172360
vt 0.220652 0.179881
vt 0.251939 0.176463
vt 0.245882 0.165972
vt 0.255718 0.167306
vt 0.240763 0.182050
vt 0.243688 0.174228
vt 0.247811 0.184970
vt 0.237098 0.189377
vt 0.235451 0.172849
vt 0.236447 0.165287
vt 0.233895 0.179881
vt 0.231384 0.186078
vt 0.221212 0.208686
vt 0.233335 0.208686
vt 0.227274 0.216538
vt 0.215909 0.200857
vt 0.227274 0.202658
vt 0.211131 0.193025
vt 0.221962 0.196214
vt 0.238638 0.200857
vt 0.232585 0.196214
vt 0.217449 0.189377
vt 0.227274 0.191351
vt 0.227274 0.165064
vt 0.227274 0.178957
vt 0.243416 0.193025
vt 0.237098 0.189377
vt 0.211131 0.193025
vt 0.227274 0.183704
vt 0.223163 0.186078
vt 0.196837 0.157461
vt 0.189328 0.170467
vt 0.207782 0.157461
vt 0.217735 0.157461
vt 0.227274 0.157461
vt 0.194800 0.179946
vt 0.199777 0.188565
vt 0.204546 0.196826
vt 0.265221 0.170472
vt 0.257840 0.157687
vt 0.259747 0.179946
vt 0.243416 0.193025
vt 0.246805 0.157529
vt 0.236817 0.157469
vt 0.219764 0.223185
vt 0.234783 0.223185
vt 0.214292 0.213707
vt 0.209316 0.205087
vt 0.204546 0.196826
vt 0.240255 0.213706
vt 0.250001 0.196826
vt 0.345033 0.244694
vt 0.338971 0.255193
vt 0.335203 0.246018
vt 0.354465 0.244015
vt 0.347223 0.252958
vt 0.363637 0.243794
vt 0.355460 0.251579
vt 0.343100 0.263700
vt 0.350148 0.260780
vt 0.363637 0.251090
vt 0.357015 0.258611
vt 0.388303 0.255193
vt 0.382241 0.244694
vt 0.392071 0.246018
vt 0.384174 0.263700
vt 0.380051 0.252958
vt 0.379780 0.271755
vt 0.377126 0.260780
vt 0.372810 0.244015
vt 0.371814 0.251579
vt 0.373462 0.268107
vt 0.370259 0.258611
vt 0.357575 0.287416
vt 0.369699 0.287416
vt 0.363637 0.295268
vt 0.358325 0.274944
vt 0.363637 0.281388
vt 0.352272 0.279587
vt 0.353812 0.268107
vt 0.368949 0.274944
vt 0.375002 0.279587
vt 0.363637 0.270081
vt 0.359526 0.264808
vt 0.363637 0.243794
vt 0.373462 0.268107
vt 0.379780 0.271754
vt 0.367748 0.264808
vt 0.347494 0.271755
vt 0.353812 0.268107
vt 0.363637 0.262434
vt 0.363637 0.257687
vt 0.333201 0.236191
vt 0.344145 0.236191
vt 0.354098 0.236191
vt 0.363637 0.236191
vt 0.336140 0.267295
vt 0.401582 0.249197
vt 0.394073 0.236191
vt 0.396110 0.258676
vt 0.391134 0.267295
vt 0.386364 0.275556
vt 0.383129 0.236191
vt 0.373176 0.236191
vt 0.363637 0.236191
vt 0.371144 0.301910
vt 0.350656 0.292437
vt 0.376618 0.292436
vt 0.381595 0.283817
vt 0.338971 0.217189
vt 0.345033 0.227688
vt 0.335203 0.226364
vt 0.343100 0.208682
vt 0.347223 0.219424
vt 0.347494 0.200628
vt 0.350148 0.211602
vt 0.354465 0.228367
vt 0.355460 0.220803
vt 0.353812 0.204275
vt 0.357015 0.213771
vt 0.369699 0.184966
vt 0.357575 0.184966
vt 0.363637 0.177114
vt 0.375002 0.192795
vt 0.363637 0.190994
vt 0.379780 0.200628
vt 0.368949 0.197438
vt 0.352272 0.192795
vt 0.358325 0.197438
vt 0.373462 0.204275
vt 0.363637 0.202301
vt 0.382241 0.227688
vt 0.388303 0.217189
vt 0.392071 0.226364
vt 0.372810 0.228367
vt 0.380051 0.219424
vt 0.363637 0.228588
vt 0.371814 0.220803
vt 0.384174 0.208682
vt 0.377126 0.211602
vt 0.363637 0.221292
vt 0.370259 0.213771
vt 0.347494 0.200628
vt 0.353812 0.204275
vt 0.379780 0.200628
vt 0.373462 0.204275
vt 0.363637 0.221292
vt 0.363637 0.209948
vt 0.363637 0.214695
vt 0.359526 0.207574
vt 0.367748 0.207574
vt 0.325692 0.223185
vt 0.333201 0.236191
vt 0.331164 0.213707
vt 0.344145 0.236191
vt 0.363637 0.236191
vt 0.371146 0.170467
vt 0.376618 0.179946
vt 0.381595 0.188565
vt 0.386364 0.196826
vt 0.350656 0.179946
vt 0.345679 0.188565
vt 0.394073 0.236191
vt 0.401582 0.223185
vt 0.383129 0.236191
vt 0.373176 0.236191
vt 0.396110 0.213706
vt 0.391134 0.205087
vt 0.386364 0.196826
vt 0.390488 0.165964
vt 0.384426 0.176463
vt 0.380657 0.167288
vt 0.399919 0.165285
vt 0.392677 0.174228
vt 0.409091 0.165064
vt 0.400914 0.172849
vt 0.388554 0.184970
vt 0.395602 0.182050
vt 0.409092 0.172360
vt 0.402470 0.179881
vt 0.433757 0.176463
vt 0.427700 0.165972
vt 0.437536 0.167306
vt 0.422581 0.182050
vt 0.425506 0.174228
vt 0.429629 0.184970
vt 0.418916 0.189377
vt 0.417269 0.172849
vt 0.418265 0.165287
vt 0.415713 0.179881
vt 0.413202 0.186078
vt 0.403030 0.208686
vt 0.415153 0.208686
vt 0.409092 0.216538
vt 0.397727 0.200857
vt 0.409092 0.202658
vt 0.392949 0.193025
vt 0.403780 0.196214
vt 0.420456 0.200857
vt 0.414403 0.196214
vt 0.399267 0.189377
vt 0.409092 0.191351
vt 0.409092 0.165064
vt 0.409092 0.178957
vt 0.425234 0.193025
vt 0.418916 0.189377
vt 0.392949 0.193025
vt 0.399267 0.189377
vt 0.409092 0.183704
vt 0.404981 0.186078
vt 0.378655 0.157461
vt 0.389600 0.157461
vt 0.399553 0.157461
vt 0.409092 0.157461
vt 0.376618 0.179946
vt 0.381595 0.188565
vt 0.386364 0.196826
vt 0.447039 0.170472
vt 0.439658 0.157687
vt 0.436588 0.188565
vt 0.425234 0.193025
vt 0.428623 0.157529
vt 0.418635 0.157469
vt 0.409091 0.157461
vt 0.396110 0.213707
vt 0.422073 0.213706
vt 0.506176 0.106039
vt 0.494516 0.105236
vt 0.500472 0.097568
vt 0.511380 0.114040
vt 0.500158 0.111991
vt 0.516143 0.121897
vt 0.505332 0.118674
vt 0.489007 0.113420
vt 0.494797 0.118520
vt 0.509825 0.125545
vt 0.500014 0.123547
vt 0.518605 0.148958
vt 0.524666 0.138459
vt 0.528435 0.147634
vt 0.509173 0.149637
vt 0.516415 0.140694
vt 0.500001 0.149858
vt 0.508178 0.142073
vt 0.520538 0.129952
vt 0.513490 0.132872
vt 0.500001 0.142562
vt 0.506623 0.135041
vt 0.474758 0.139458
vt 0.481283 0.149155
vt 0.471095 0.148450
vt 0.486403 0.133060
vt 0.483429 0.140968
vt 0.479091 0.130596
vt 0.490176 0.125545
vt 0.491803 0.142107
vt 0.490814 0.149661
vt 0.493365 0.135064
vt 0.495890 0.128844
vt 0.516143 0.121897
vt 0.509825 0.125545
vt 0.500000 0.135964
vt 0.483858 0.121897
vt 0.490176 0.125545
vt 0.500001 0.131218
vt 0.504111 0.128844
vt 0.507638 0.091515
vt 0.494319 0.088572
vt 0.513021 0.101147
vt 0.517963 0.109826
vt 0.522728 0.118096
vt 0.488637 0.098413
vt 0.482955 0.108254
vt 0.477273 0.118096
vt 0.530437 0.157461
vt 0.537946 0.144455
vt 0.509539 0.157461
vt 0.500001 0.157461
vt 0.532474 0.134976
vt 0.527497 0.126357
vt 0.460228 0.147620
vt 0.465910 0.137778
vt 0.471591 0.127937
vt 0.483858 0.121897
vt 0.500001 0.157461
vt 0.526846 0.087242
vt 0.520794 0.097724
vt 0.517021 0.088557
vt 0.536282 0.086556
vt 0.529041 0.095497
vt 0.545455 0.086334
vt 0.537278 0.094119
vt 0.524918 0.106239
vt 0.531966 0.103320
vt 0.545455 0.093629
vt 0.538833 0.101151
vt 0.570116 0.097724
vt 0.564064 0.087242
vt 0.573889 0.088557
vt 0.565992 0.106239
vt 0.561869 0.095497
vt 0.561598 0.114294
vt 0.558944 0.103320
vt 0.554628 0.086556
vt 0.553632 0.094119
vt 0.555280 0.110646
vt 0.552077 0.101151
vt 0.539393 0.129956
vt 0.551517 0.129956
vt 0.545455 0.137808
vt 0.534090 0.122127
vt 0.545455 0.123928
vt 0.529312 0.114294
vt 0.540143 0.117484
vt 0.556820 0.122127
vt 0.550767 0.117484
vt 0.535630 0.110646
vt 0.545455 0.112621
vt 0.545455 0.093629
vt 0.561598 0.114294
vt 0.555280 0.110646
vt 0.529312 0.114294
vt 0.545455 0.104974
vt 0.541344 0.107347
vt 0.545455 0.100227
vt 0.549566 0.107347
vt 0.514891 0.078953
vt 0.507638 0.091515
vt 0.525924 0.078799
vt 0.535911 0.078739
vt 0.545455 0.078730
vt 0.513021 0.101147
vt 0.517963 0.109826
vt 0.583272 0.091515
vt 0.576019 0.078953
vt 0.577889 0.101147
vt 0.572947 0.109826
vt 0.568182 0.118096
vt 0.554999 0.078739
vt 0.545455 0.078730
vt 0.537946 0.144455
vt 0.552964 0.144455
vt 0.532474 0.134976
vt 0.527497 0.126357
vt 0.522728 0.118096
vt 0.558436 0.134976
vt 0.563413 0.126357
vt 0.568182 0.118096
vt 0.596394 0.105236
vt 0.584735 0.106039
vt 0.590439 0.097568
vt 0.601903 0.113420
vt 0.590752 0.111991
vt 0.607052 0.121897
vt 0.596113 0.118520
vt 0.579530 0.114040
vt 0.585578 0.118674
vt 0.600734 0.125545
vt 0.590896 0.123547
vt 0.609627 0.149155
vt 0.616152 0.139458
vt 0.619815 0.148450
vt 0.599107 0.142107
vt 0.607481 0.140968
vt 0.600096 0.149661
vt 0.590909 0.142562
vt 0.604507 0.133060
vt 0.611819 0.130596
vt 0.597545 0.135064
vt 0.590909 0.135964
vt 0.566244 0.138459
vt 0.572306 0.148958
vt 0.562475 0.147634
vt 0.570372 0.129952
vt 0.574495 0.140694
vt 0.574767 0.121897
vt 0.577420 0.132872
vt 0.581737 0.149636
vt 0.582732 0.142073
vt 0.581085 0.125545
vt 0.584288 0.135041
vt 0.600734 0.125545
vt 0.607052 0.121897
vt 0.595020 0.128844
vt 0.590910 0.149858
vt 0.590910 0.142562
vt 0.574767 0.121897
vt 0.590910 0.131218
vt 0.586799 0.128844
vt 0.596591 0.088572
vt 0.602273 0.098413
vt 0.607955 0.108254
vt 0.613637 0.118096
vt 0.577889 0.101147
vt 0.572947 0.109826
vt 0.568182 0.118096
vt 0.621476 0.157687
vt 0.630682 0.147620
vt 0.610441 0.157529
vt 0.600453 0.157470
vt 0.625000 0.137778
vt 0.619319 0.127937
vt 0.613637 0.118096
vt 0.552964 0.144455
vt 0.560473 0.157461
vt 0.558436 0.134976
vt 0.563413 0.126357
vt 0.590910 0.157461
vt 0.687994 0.106039
vt 0.676334 0.105236
vt 0.682290 0.097568
vt 0.693198 0.114040
vt 0.681976 0.111991
vt 0.697961 0.121897
vt 0.687150 0.118674
vt 0.670825 0.113420
vt 0.676615 0.118520
vt 0.691643 0.125545
vt 0.681832 0.123547
vt 0.700423 0.148958
vt 0.706484 0.138459
vt 0.710253 0.147634
vt 0.690991 0.149637
vt 0.698233 0.140694
vt 0.681819 0.149858
vt 0.689996 0.142073
vt 0.702356 0.129952
vt 0.695308 0.132872
vt 0.681819 0.142562
vt 0.688440 0.135041
vt 0.656576 0.139458
vt 0.663101 0.149155
vt 0.652913 0.148450
vt 0.668221 0.133060
vt 0.665247 0.140968
vt 0.660909 0.130596
vt 0.671994 0.125545
vt 0.673621 0.142107
vt 0.672632 0.149661
vt 0.675183 0.135064
vt 0.677708 0.128844
vt 0.697962 0.121897
vt 0.691643 0.125545
vt 0.681818 0.135964
vt 0.665676 0.121897
vt 0.671994 0.125545
vt 0.681819 0.131218
vt 0.685929 0.128844
vt 0.689456 0.091515
vt 0.676137 0.088572
vt 0.694839 0.101147
vt 0.699781 0.109826
vt 0.704546 0.118096
vt 0.670455 0.098413
vt 0.664773 0.108254
vt 0.659091 0.118096
vt 0.712255 0.157461
vt 0.719764 0.144455
vt 0.691357 0.157461
vt 0.681819 0.157461
vt 0.714292 0.134976
vt 0.709315 0.126357
vt 0.704546 0.118096
vt 0.642046 0.147620
vt 0.651252 0.157687
vt 0.647728 0.137778
vt 0.653410 0.127937
vt 0.665676 0.121897
vt 0.662287 0.157529
vt 0.708664 0.087242
vt 0.702612 0.097724
vt 0.698839 0.088557
vt 0.718100 0.086556
vt 0.710859 0.095497
vt 0.727273 0.086334
vt 0.719096 0.094119
vt 0.706736 0.106239
vt 0.713784 0.103320
vt 0.727273 0.093629
vt 0.720651 0.101151
vt 0.751934 0.097724
vt 0.745882 0.087242
vt 0.755707 0.088557
vt 0.747810 0.106239
vt 0.743687 0.095497
vt 0.743416 0.114294
vt 0.740762 0.103320
vt 0.736446 0.086556
vt 0.735451 0.094119
vt 0.737098 0.110646
vt 0.733895 0.101151
vt 0.721212 0.129956
vt 0.733335 0.129956
vt 0.727273 0.137808
vt 0.715908 0.122127
vt 0.727273 0.123928
vt 0.711130 0.114294
vt 0.721961 0.117484
vt 0.738638 0.122127
vt 0.732585 0.117484
vt 0.717448 0.110646
vt 0.727273 0.112621
vt 0.727273 0.086334
vt 0.727273 0.093629
vt 0.743416 0.114294
vt 0.711130 0.114294
vt 0.717448 0.110646
vt 0.727273 0.104974
vt 0.723162 0.107347
vt 0.727273 0.100227
vt 0.731384 0.107347
vt 0.696709 0.078953
vt 0.707742 0.078799
vt 0.717729 0.078739
vt 0.694839 0.101147
vt 0.699781 0.109826
vt 0.765090 0.091515
vt 0.757837 0.078953
vt 0.759707 0.101147
vt 0.754765 0.109826
vt 0.750000 0.118096
vt 0.746804 0.078799
vt 0.736817 0.078739
vt 0.727273 0.078730
vt 0.719764 0.144455
vt 0.734782 0.144455
vt 0.714292 0.134976
vt 0.709315 0.126357
vt 0.740254 0.134976
vt 0.745231 0.126357
vt 0.778212 0.105236
vt 0.766553 0.106039
vt 0.772256 0.097568
vt 0.783721 0.113420
vt 0.772570 0.111991
vt 0.788870 0.121897
vt 0.777931 0.118520
vt 0.761349 0.114040
vt 0.767396 0.118674
vt 0.782552 0.125545
vt 0.772714 0.123547
vt 0.791445 0.149155
vt 0.797970 0.139458
vt 0.801633 0.148450
vt 0.780925 0.142107
vt 0.789300 0.140968
vt 0.781914 0.149661
vt 0.772728 0.142562
vt 0.786325 0.133060
vt 0.793637 0.130596
vt 0.779363 0.135064
vt 0.772728 0.135964
vt 0.748062 0.138459
vt 0.754124 0.148958
vt 0.744293 0.147634
vt 0.752190 0.129952
vt 0.756314 0.140694
vt 0.756585 0.121897
vt 0.759238 0.132872
vt 0.763555 0.149636
vt 0.764550 0.142073
vt 0.762903 0.125545
vt 0.766105 0.135041
vt 0.782552 0.125545
vt 0.788870 0.121897
vt 0.776838 0.128844
vt 0.772728 0.149858
vt 0.772728 0.142562
vt 0.756585 0.121897
vt 0.772727 0.131218
vt 0.768617 0.128844
vt 0.778409 0.088572
vt 0.784091 0.098413
vt 0.789773 0.108254
vt 0.795455 0.118096
vt 0.754765 0.109826
vt 0.750000 0.118096
vt 0.803294 0.157687
vt 0.812500 0.147620
vt 0.782271 0.157470
vt 0.806818 0.137778
vt 0.801137 0.127937
vt 0.795455 0.118096
vt 0.742291 0.157461
vt 0.740254 0.134976
vt 0.745231 0.126357
vt 0.750000 0.118096
vt 0.753236 0.157461
vt 0.763189 0.157461
vt 0.869812 0.106039
vt 0.858152 0.105236
vt 0.864108 0.097568
vt 0.875016 0.114040
vt 0.863794 0.111991
vt 0.879779 0.121897
vt 0.868968 0.118674
vt 0.852643 0.113420
vt 0.858433 0.118520
vt 0.873461 0.125545
vt 0.863650 0.123547
vt 0.882241 0.148958
vt 0.888302 0.138459
vt 0.892071 0.147634
vt 0.872809 0.149637
vt 0.880051 0.140694
vt 0.863637 0.149858
vt 0.871814 0.142073
vt 0.884174 0.129952
vt 0.877126 0.132872
vt 0.863637 0.142562
vt 0.870258 0.135041
vt 0.838394 0.139458
vt 0.844919 0.149155
vt 0.834731 0.148450
vt 0.850039 0.133060
vt 0.847065 0.140968
vt 0.842727 0.130596
vt 0.853812 0.125545
vt 0.855439 0.142107
vt 0.854450 0.149661
vt 0.857001 0.135064
vt 0.859526 0.128844
vt 0.879779 0.121897
vt 0.873461 0.125545
vt 0.863637 0.142562
vt 0.863637 0.149858
vt 0.863636 0.135964
vt 0.847494 0.121897
vt 0.853812 0.125545
vt 0.863636 0.131218
vt 0.867747 0.128844
vt 0.871274 0.091515
vt 0.857955 0.088572
vt 0.876657 0.101147
vt 0.881599 0.109826
vt 0.886364 0.118096
vt 0.852273 0.098413
vt 0.846591 0.108254
vt 0.840909 0.118096
vt 0.894073 0.157461
vt 0.901582 0.144455
vt 0.883128 0.157461
vt 0.873175 0.157461
vt 0.863637 0.157461
vt 0.896110 0.134976
vt 0.891133 0.126357
vt 0.886364 0.118096
vt 0.823864 0.147620
vt 0.833070 0.157687
vt 0.829546 0.137778
vt 0.835228 0.127937
vt 0.847494 0.121897
vt 0.844105 0.157529
vt 0.890482 0.087242
vt 0.884430 0.097724
vt 0.880657 0.088557
vt 0.899918 0.086556
vt 0.892677 0.095497
vt 0.909091 0.086334
vt 0.900914 0.094119
vt 0.888554 0.106239
vt 0.895602 0.103320
vt 0.909091 0.093629
vt 0.902469 0.101151
vt 0.933752 0.097724
vt 0.927700 0.087242
vt 0.937525 0.088557
vt 0.929628 0.106239
vt 0.925505 0.095497
vt 0.925234 0.114294
vt 0.922580 0.103320
vt 0.918264 0.086556
vt 0.917269 0.094119
vt 0.918916 0.110646
vt 0.915713 0.101151
vt 0.903030 0.129956
vt 0.915153 0.129956
vt 0.909091 0.137808
vt 0.897726 0.122127
vt 0.909091 0.123928
vt 0.892948 0.114294
vt 0.903779 0.117484
vt 0.920456 0.122127
vt 0.914403 0.117484
vt 0.899266 0.110646
vt 0.909091 0.112621
vt 0.909091 0.093629
vt 0.925234 0.114294
vt 0.892948 0.114294
vt 0.899266 0.110646
vt 0.909091 0.104974
vt 0.904980 0.107347
vt 0.909091 0.100227
vt 0.913202 0.107347
vt 0.878527 0.078953
vt 0.889560 0.078799
vt 0.899547 0.078739
vt 0.876657 0.101147
vt 0.886364 0.118096
vt 0.946908 0.091515
vt 0.939655 0.078953
vt 0.941525 0.101147
vt 0.936583 0.109826
vt 0.931818 0.118096
vt 0.928622 0.078799
vt 0.918635 0.078739
vt 0.909091 0.078730
vt 0.901582 0.144455
vt 0.916600 0.144455
vt 0.896110 0.134976
vt 0.891133 0.126357
vt 0.922073 0.134976
vt 0.927049 0.126357
vt 0.931818 0.118096
vt 0.960030 0.105236
vt 0.948371 0.106039
vt 0.954075 0.097568
vt 0.965539 0.113420
vt 0.954388 0.111991
vt 0.970688 0.121897
vt 0.959749 0.118520
vt 0.943167 0.114040
vt 0.949214 0.118674
vt 0.964370 0.125545
vt 0.954532 0.123547
vt 0.973268 0.149146
vt 0.979788 0.139458
vt 0.983461 0.148432
vt 0.962743 0.142107
vt 0.971118 0.140968
vt 0.963733 0.149660
vt 0.954546 0.142562
vt 0.968143 0.133060
vt 0.975455 0.130596
vt 0.961181 0.135064
vt 0.954545 0.135964
vt 0.929880 0.138459
vt 0.935942 0.148958
vt 0.926111 0.147634
vt 0.934008 0.129952
vt 0.938131 0.140694
vt 0.938403 0.121897
vt 0.941056 0.132872
vt 0.945373 0.149636
vt 0.946368 0.142073
vt 0.944721 0.125545
vt 0.947923 0.135041
vt 0.964370 0.125545
vt 0.970688 0.121897
vt 0.958656 0.128844
vt 0.954546 0.149858
vt 0.954546 0.142562
vt 0.938403 0.121897
vt 0.954546 0.131218
vt 0.950435 0.128844
vt 0.960227 0.088572
vt 0.946908 0.091515
vt 0.965909 0.098413
vt 0.971591 0.108254
vt 0.977273 0.118096
vt 0.936583 0.109826
vt 0.931818 0.118096
vt 0.985243 0.157461
vt 0.994318 0.147620
vt 0.974116 0.157461
vt 0.964094 0.157461
vt 0.954546 0.149858
vt 0.988636 0.137778
vt 0.982955 0.127937
vt 0.977273 0.118096
vt 0.916600 0.144455
vt 0.924110 0.157461
vt 0.922072 0.134976
vt 0.927049 0.126357
vt 0.954546 0.157461
vt 0.384426 0.138459
vt 0.390488 0.148958
vt 0.380657 0.147634
vt 0.388554 0.129952
vt 0.392677 0.140694
vt 0.392949 0.121897
vt 0.395602 0.132872
vt 0.399919 0.149636
vt 0.400914 0.142073
vt 0.399267 0.125545
vt 0.402469 0.135041
vt 0.414576 0.105236
vt 0.402917 0.106039
vt 0.408621 0.097568
vt 0.420085 0.113420
vt 0.408934 0.111991
vt 0.425234 0.121897
vt 0.414295 0.118520
vt 0.397712 0.114040
vt 0.403760 0.118674
vt 0.418916 0.125545
vt 0.409078 0.123547
vt 0.427809 0.149155
vt 0.434334 0.139458
vt 0.437997 0.148450
vt 0.417289 0.142107
vt 0.425664 0.140968
vt 0.418278 0.149661
vt 0.409092 0.142562
vt 0.422689 0.133060
vt 0.430001 0.130596
vt 0.415727 0.135064
vt 0.409092 0.135964
vt 0.392949 0.121897
vt 0.399267 0.125545
vt 0.418916 0.125545
vt 0.425234 0.121897
vt 0.413202 0.128844
vt 0.409092 0.149858
vt 0.409092 0.142562
vt 0.409092 0.131218
vt 0.404981 0.128844
vt 0.371146 0.144455
vt 0.378655 0.157461
vt 0.376618 0.134976
vt 0.381595 0.126357
vt 0.386364 0.118096
vt 0.399553 0.157461
vt 0.409092 0.157461
vt 0.414773 0.088572
vt 0.401454 0.091515
vt 0.409092 0.078731
vt 0.420455 0.098413
vt 0.426137 0.108254
vt 0.431819 0.118096
vt 0.396071 0.101147
vt 0.391129 0.109826
vt 0.386364 0.118096
vt 0.439658 0.157687
vt 0.448864 0.147620
vt 0.418635 0.157470
vt 0.409092 0.149858
vt 0.443182 0.137778
vt 0.437501 0.127937
vt 0.431819 0.118096
vt 0.357575 0.129956
vt 0.369699 0.129956
vt 0.363637 0.137808
vt 0.352272 0.122127
vt 0.363637 0.123928
vt 0.347494 0.114294
vt 0.358325 0.117484
vt 0.375002 0.122127
vt 0.368949 0.117484
vt 0.353812 0.110646
vt 0.363637 0.112621
vt 0.345028 0.087242
vt 0.338976 0.097724
vt 0.335203 0.088557
vt 0.354464 0.086556
vt 0.347223 0.095497
vt 0.363637 0.086334
vt 0.355460 0.094119
vt 0.343100 0.106239
vt 0.350148 0.103320
vt 0.363637 0.093629
vt 0.357015 0.101151
vt 0.388298 0.097724
vt 0.382246 0.087242
vt 0.392071 0.088557
vt 0.384174 0.106239
vt 0.380051 0.095497
vt 0.379780 0.114294
vt 0.377126 0.103320
vt 0.372810 0.086556
vt 0.371814 0.094119
vt 0.373462 0.110646
vt 0.370259 0.101151
vt 0.353812 0.110646
vt 0.363637 0.093629
vt 0.379780 0.114294
vt 0.373462 0.110646
vt 0.363637 0.104974
vt 0.367748 0.107347
vt 0.359526 0.107347
vt 0.363637 0.100227
vt 0.356128 0.144455
vt 0.371146 0.144455
vt 0.350656 0.134976
vt 0.340910 0.118096
vt 0.376618 0.134976
vt 0.381595 0.126357
vt 0.333073 0.078953
vt 0.344106 0.078799
vt 0.354093 0.078739
vt 0.363637 0.078731
vt 0.331203 0.101147
vt 0.336145 0.109826
vt 0.401454 0.091515
vt 0.394201 0.078953
vt 0.396071 0.101147
vt 0.386364 0.118096
vt 0.383168 0.078799
vt 0.373181 0.078739
vt 0.338394 0.060728
vt 0.344920 0.070424
vt 0.334732 0.069720
vt 0.342728 0.051865
vt 0.347065 0.062237
vt 0.347494 0.043167
vt 0.350039 0.054329
vt 0.354450 0.070931
vt 0.355440 0.063376
vt 0.353812 0.046815
vt 0.357001 0.056334
vt 0.369230 0.026318
vt 0.358044 0.026318
vt 0.363637 0.018058
vt 0.368860 0.039755
vt 0.363637 0.032987
vt 0.374644 0.034666
vt 0.373462 0.046815
vt 0.358414 0.039755
vt 0.352630 0.034666
vt 0.363637 0.044793
vt 0.367748 0.050114
vt 0.382355 0.070424
vt 0.388880 0.060728
vt 0.392542 0.069720
vt 0.372824 0.070931
vt 0.380209 0.062237
vt 0.363637 0.071127
vt 0.371834 0.063376
vt 0.384546 0.051865
vt 0.377235 0.054329
vt 0.363637 0.063832
vt 0.370273 0.056334
vt 0.347494 0.043167
vt 0.359526 0.050114
vt 0.379780 0.043167
vt 0.373462 0.046815
vt 0.363637 0.071127
vt 0.363637 0.063832
vt 0.363637 0.052487
vt 0.363637 0.057234
vt 0.323864 0.068889
vt 0.333073 0.078953
vt 0.329546 0.059048
vt 0.335228 0.049207
vt 0.340910 0.039365
vt 0.344106 0.078799
vt 0.354093 0.078739
vt 0.369319 0.009841
vt 0.357955 0.009841
vt 0.363637 0.000000
vt 0.375001 0.019683
vt 0.380682 0.029524
vt 0.379780 0.043167
vt 0.352273 0.019683
vt 0.346592 0.029524
vt 0.394201 0.078953
vt 0.403410 0.068889
vt 0.373181 0.078739
vt 0.363637 0.078731
vt 0.397728 0.059048
vt 0.392046 0.049207
vt 0.386364 0.039365
vt 0.142540 0.106039
vt 0.130880 0.105236
vt 0.136836 0.097568
vt 0.147744 0.114040
vt 0.136522 0.111991
vt 0.152507 0.121897
vt 0.141696 0.118674
vt 0.125371 0.113420
vt 0.131161 0.118520
vt 0.146189 0.125545
vt 0.136378 0.123547
vt 0.154969 0.148958
vt 0.161030 0.138459
vt 0.164799 0.147634
vt 0.145537 0.149637
vt 0.152779 0.140694
vt 0.136365 0.149858
vt 0.144542 0.142073
vt 0.156902 0.129952
vt 0.149854 0.132872
vt 0.136365 0.142562
vt 0.142987 0.135041
vt 0.111122 0.139458
vt 0.117647 0.149155
vt 0.107459 0.148450
vt 0.122767 0.133060
vt 0.119793 0.140968
vt 0.115455 0.130596
vt 0.126540 0.125545
vt 0.128167 0.142107
vt 0.127178 0.149661
vt 0.129729 0.135064
vt 0.132254 0.128844
vt 0.152507 0.121897
vt 0.146189 0.125545
vt 0.136365 0.142562
vt 0.136365 0.149858
vt 0.136364 0.135964
vt 0.120222 0.121897
vt 0.126540 0.125545
vt 0.136365 0.131218
vt 0.140475 0.128844
vt 0.144002 0.091515
vt 0.130683 0.088572
vt 0.149385 0.101147
vt 0.154327 0.109826
vt 0.159092 0.118096
vt 0.125001 0.098413
vt 0.119319 0.108254
vt 0.113637 0.118096
vt 0.166801 0.157461
vt 0.174310 0.144455
vt 0.145903 0.157461
vt 0.136365 0.157461
vt 0.168838 0.134976
vt 0.163861 0.126357
vt 0.096592 0.147620
vt 0.105800 0.157683
vt 0.102274 0.137778
vt 0.107955 0.127937
vt 0.120222 0.121897
vt 0.116833 0.157529
vt 0.163210 0.087242
vt 0.157158 0.097724
vt 0.153385 0.088557
vt 0.172646 0.086556
vt 0.165405 0.095497
vt 0.181819 0.086334
vt 0.173642 0.094119
vt 0.161282 0.106239
vt 0.168330 0.103320
vt 0.181819 0.093629
vt 0.175197 0.101151
vt 0.206480 0.097724
vt 0.200428 0.087242
vt 0.210253 0.088557
vt 0.202356 0.106239
vt 0.198233 0.095497
vt 0.197962 0.114294
vt 0.195308 0.103320
vt 0.190992 0.086556
vt 0.189996 0.094119
vt 0.191644 0.110646
vt 0.188441 0.101151
vt 0.175757 0.129956
vt 0.187881 0.129956
vt 0.181819 0.137808
vt 0.170454 0.122127
vt 0.181819 0.123928
vt 0.165676 0.114294
vt 0.176507 0.117484
vt 0.193184 0.122127
vt 0.187131 0.117484
vt 0.171994 0.110646
vt 0.181819 0.112621
vt 0.181819 0.093629
vt 0.197962 0.114294
vt 0.165676 0.114294
vt 0.181819 0.104974
vt 0.177708 0.107347
vt 0.181819 0.100227
vt 0.185930 0.107347
vt 0.151255 0.078953
vt 0.162288 0.078799
vt 0.172275 0.078739
vt 0.149385 0.101147
vt 0.219636 0.091515
vt 0.212383 0.078953
vt 0.214253 0.101147
vt 0.209311 0.109826
vt 0.204546 0.118096
vt 0.191363 0.078739
vt 0.181819 0.078730
vt 0.174310 0.144455
vt 0.189328 0.144455
vt 0.168838 0.134976
vt 0.194800 0.134976
vt 0.199777 0.126357
vt 0.232758 0.105236
vt 0.221099 0.106039
vt 0.226802 0.097568
vt 0.238267 0.113420
vt 0.227116 0.111991
vt 0.243416 0.121897
vt 0.232477 0.118520
vt 0.215894 0.114040
vt 0.221942 0.118674
vt 0.237098 0.125545
vt 0.227260 0.123547
vt 0.245991 0.149155
vt 0.252516 0.139458
vt 0.256179 0.148450
vt 0.235471 0.142107
vt 0.243845 0.140968
vt 0.236460 0.149661
vt 0.227274 0.142562
vt 0.240871 0.133060
vt 0.248183 0.130596
vt 0.233909 0.135064
vt 0.227274 0.135964
vt 0.202608 0.138459
vt 0.208670 0.148958
vt 0.198839 0.147634
vt 0.206736 0.129952
vt 0.210859 0.140694
vt 0.211131 0.121897
vt 0.213784 0.132872
vt 0.218101 0.149636
vt 0.219096 0.142073
vt 0.217449 0.125545
vt 0.220651 0.135041
vt 0.243416 0.121897
vt 0.231384 0.128844
vt 0.227274 0.149858
vt 0.227273 0.142562
vt 0.211131 0.121897
vt 0.217449 0.125545
vt 0.227274 0.131218
vt 0.223163 0.128844
vt 0.232955 0.088572
vt 0.219636 0.091515
vt 0.238637 0.098413
vt 0.244319 0.108254
vt 0.250001 0.118096
vt 0.214253 0.101147
vt 0.209311 0.109826
vt 0.204546 0.118096
vt 0.257840 0.157687
vt 0.267046 0.147620
vt 0.246805 0.157529
vt 0.236817 0.157470
vt 0.261364 0.137778
vt 0.255683 0.127937
vt 0.250001 0.118096
vt 0.189328 0.144455
vt 0.196837 0.157461
vt 0.194800 0.134976
vt 0.199777 0.126357
vt 0.204546 0.118096
vt 0.207782 0.157461
vt 0.217735 0.157461
vt 0.204546 0.039365
vt 0.295455 0.118096
vt 0.295455 0.196826
vt 0.113637 0.196826
vt 0.840909 0.196826
vt 0.659091 0.196826
vt 0.477273 0.196826
vt 0.227274 0.314921
vt 0.772728 0.314921
vt 0.522728 0.354286
vt 0.704546 0.354286
vt 0.886364 0.354286
vt 0.159092 0.354286
vt 0.340910 0.354286
vt 0.863637 0.314921
vt 0.022728 0.275556
vt 0.522728 0.275556
vt 0.613637 0.196826
vt 0.704546 0.275556
vt 0.795455 0.196826
vt 0.159092 0.275556
vt 0.250001 0.196826
vt 0.340910 0.275556
vt 0.431819 0.196826
vt 0.477273 0.118096
vt 0.590910 0.157461
vt 0.659091 0.118096
vt 0.772728 0.157461
vt 0.840909 0.118096
vt 0.954546 0.157461
vt 0.409092 0.157461
vt 0.113637 0.118096
vt 0.227274 0.157461
s 0
f 885/1/1 888/2/1 884/3/1
f 885/1/2 890/4/2 889/5/2
f 886/6/3 891/7/3 890/4/3
f 888/2/4 893/8/4 892/9/4
f 889/5/5 894/10/5 893/8/5
f 890/4/6 895/11/6 894/10/6
f 897/12/7 900/13/7 896/14/7
f 898/15/8 901/16/8 897/12/8
f 899/17/9 902/18/9 898/15/9
f 901/16/10 904/19/10 900/13/10
f 902/18/11 905/20/11 901/16/11
f 903/21/12 906/22/12 902/18/12
f 909/23/13 912/24/13 908/25/13
f 910/26/14 913/27/14 909/23/14
f 911/28/15 914/29/15 910/26/15
f 913/27/16 916/30/16 912/24/16
f 914/29/17 917/31/17 913/27/17
f 915/32/18 918/33/18 914/29/18
f 905/20/19 887/34/19 904/19/19
f 906/22/20 891/7/20 905/20/20
f 917/31/21 899/35/21 916/30/21
f 918/33/22 903/36/22 917/31/22
f 892/9/23 915/32/23 911/37/23
f 893/8/24 919/38/24 915/32/24
f 894/10/25 883/39/25 919/38/25
f 906/22/26 883/39/26 895/11/26
f 918/33/27 883/39/27 907/40/27
f 260/41/28 49/42/28 1/43/28
f 261/44/29 884/3/29 260/41/29
f 262/45/30 885/1/30 261/44/30
f 262/45/31 887/46/31 886/6/31
f 884/3/32 48/47/32 49/42/32
f 888/2/33 47/48/33 48/47/33
f 47/48/34 911/37/34 46/49/34
f 875/50/35 266/51/35 14/52/35
f 874/53/36 896/14/36 875/50/36
f 873/54/37 897/12/37 874/53/37
f 872/55/38 898/15/38 873/54/38
f 896/14/39 265/56/39 266/51/39
f 900/13/40 264/57/40 265/56/40
f 904/19/41 263/58/41 264/57/41
f 43/59/42 869/60/42 13/61/42
f 44/62/43 908/25/43 43/59/43
f 45/63/44 909/23/44 44/62/44
f 46/49/45 910/26/45 45/63/45
f 908/25/46 870/64/46 869/60/46
f 912/24/47 871/65/47 870/64/47
f 916/30/48 872/66/48 871/65/48
f 922/67/49 925/68/49 921/69/49
f 922/67/50 927/70/50 926/71/50
f 923/72/51 928/73/51 927/70/51
f 925/68/52 930/74/52 929/75/52
f 926/71/53 931/76/53 930/74/53
f 927/70/54 932/77/54 931/76/54
f 934/78/55 937/79/55 933/80/55
f 935/81/56 938/82/56 934/78/56
f 936/83/57 939/84/57 935/81/57
f 938/82/58 941/85/58 937/79/58
f 939/84/59 942/86/59 938/82/59
f 940/87/60 943/88/60 939/84/60
f 946/89/61 949/90/61 945/91/61
f 947/92/62 950/93/62 946/89/62
f 948/94/63 951/95/63 947/92/63
f 950/93/64 953/96/64 949/90/64
f 951/95/65 954/97/65 950/93/65
f 952/98/66 955/99/66 951/95/66
f 942/86/67 924/100/67 941/85/67
f 943/88/68 928/101/68 942/86/68
f 954/97/69 936/102/69 953/96/69
f 955/99/70 940/87/70 954/97/70
f 929/75/71 952/103/71 948/104/71
f 930/74/72 956/105/72 952/103/72
f 931/76/73 920/106/73 956/105/73
f 943/88/74 920/106/74 932/77/74
f 955/99/75 920/106/75 944/107/75
f 56/108/76 70/109/76 2/110/76
f 55/111/77 921/69/77 56/108/77
f 54/112/78 922/67/78 55/111/78
f 54/112/79 924/113/79 923/72/79
f 921/69/80 69/114/80 70/109/80
f 925/68/81 68/115/81 69/114/81
f 68/115/82 948/104/82 67/116/82
f 854/117/83 50/118/83 14/119/83
f 853/120/84 933/80/84 854/117/84
f 852/121/85 934/78/85 853/120/85
f 851/122/86 935/81/86 852/121/86
f 933/80/87 51/123/87 50/118/87
f 937/79/88 52/124/88 51/123/88
f 941/85/89 53/125/89 52/124/89
f 64/126/90 848/127/90 16/128/90
f 65/129/91 945/91/91 64/126/91
f 66/130/92 946/89/92 65/129/92
f 67/116/93 947/92/93 66/130/93
f 945/91/94 849/131/94 848/127/94
f 949/90/95 850/132/95 849/131/95
f 953/96/96 851/133/96 850/132/96
f 959/134/97 962/135/97 958/136/97
f 959/134/98 964/137/98 963/138/98
f 960/139/99 965/140/99 964/137/99
f 962/135/100 967/141/100 966/142/100
f 963/138/101 968/143/101 967/141/101
f 964/137/102 969/144/102 968/143/102
f 971/145/103 974/146/103 970/147/103
f 972/148/104 975/149/104 971/145/104
f 973/150/105 976/151/105 972/148/105
f 975/149/106 978/152/106 974/146/106
f 976/151/107 979/153/107 975/149/107
f 977/154/108 980/155/108 976/151/108
f 983/156/109 986/157/109 982/158/109
f 984/159/110 987/160/110 983/156/110
f 985/161/111 988/162/111 984/159/111
f 987/160/112 990/163/112 986/157/112
f 988/162/113 991/164/113 987/160/113
f 989/165/114 992/166/114 988/162/114
f 979/153/115 961/167/115 978/152/115
f 980/155/116 965/168/116 979/153/116
f 991/164/117 973/169/117 990/163/117
f 992/166/118 977/170/118 991/164/118
f 966/142/119 989/165/119 985/171/119
f 967/141/120 993/172/120 989/165/120
f 968/143/121 957/173/121 993/172/121
f 980/155/122 957/173/122 969/144/122
f 992/166/123 957/173/123 981/174/123
f 49/175/124 84/176/124 1/177/124
f 48/178/125 958/136/125 49/175/125
f 47/179/126 959/134/126 48/178/126
f 47/179/127 961/180/127 960/139/127
f 958/136/128 83/181/128 84/176/128
f 962/135/129 82/182/129 83/181/129
f 82/182/130 985/171/130 81/183/130
f 833/184/131 43/185/131 13/186/131
f 832/187/132 970/147/132 833/184/132
f 831/188/133 971/145/133 832/187/133
f 830/189/134 972/148/134 831/188/134
f 970/147/135 44/190/135 43/185/135
f 974/146/136 45/191/136 44/190/136
f 978/152/137 46/192/137 45/191/137
f 78/193/138 827/194/138 18/195/138
f 79/196/139 982/158/139 78/193/139
f 80/197/140 983/156/140 79/196/140
f 81/183/141 984/159/141 80/197/141
f 982/158/142 828/198/142 827/194/142
f 986/157/143 829/199/143 828/198/143
f 990/163/144 830/200/144 829/199/144
f 996/201/145 999/202/145 995/203/145
f 996/201/146 1001/204/146 1000/205/146
f 997/206/147 1002/207/147 1001/204/147
f 999/202/148 1004/208/148 1003/209/148
f 1000/205/149 1005/210/149 1004/208/149
f 1001/204/150 1006/211/150 1005/210/150
f 1008/212/151 1011/213/151 1007/214/151
f 1009/215/152 1012/216/152 1008/212/152
f 1010/217/153 1013/218/153 1009/215/153
f 1012/216/154 1015/219/154 1011/213/154
f 1013/218/155 1016/220/155 1012/216/155
f 1014/221/156 1017/222/156 1013/218/156
f 1020/223/157 1023/224/157 1019/225/157
f 1021/226/158 1024/227/158 1020/223/158
f 1022/228/159 1025/229/159 1021/226/159
f 1024/227/160 1027/230/160 1023/224/160
f 1025/229/161 1028/231/161 1024/227/161
f 1026/232/162 1029/233/162 1025/229/162
f 1016/220/163 998/234/163 1015/219/163
f 1017/222/164 1002/207/164 1016/220/164
f 1028/231/165 1010/235/165 1027/230/165
f 1029/233/166 1014/236/166 1028/231/166
f 1003/209/167 1026/232/167 1022/237/167
f 1004/208/168 1030/238/168 1026/232/168
f 1005/210/169 994/239/169 1030/238/169
f 1017/222/170 994/239/170 1006/211/170
f 1029/233/171 994/239/171 1018/240/171
f 84/241/172 98/242/172 1/243/172
f 83/244/173 995/203/173 84/241/173
f 82/245/174 996/201/174 83/244/174
f 82/245/175 998/246/175 997/206/175
f 995/203/176 97/247/176 98/242/176
f 999/202/177 96/248/177 97/247/177
f 96/248/178 1022/237/178 95/249/178
f 812/250/179 78/251/179 18/252/179
f 811/253/180 1007/214/180 812/250/180
f 810/254/181 1008/212/181 811/253/181
f 809/255/182 1009/215/182 810/254/182
f 1007/214/183 79/256/183 78/251/183
f 1011/213/184 80/257/184 79/256/184
f 1015/219/185 81/258/185 80/257/185
f 92/259/186 806/260/186 20/261/186
f 93/262/187 1019/225/187 92/259/187
f 94/263/188 1020/223/188 93/262/188
f 95/249/189 1021/226/189 94/263/189
f 1019/225/190 807/264/190 806/260/190
f 1023/224/191 808/265/191 807/264/191
f 1027/230/192 809/266/192 808/265/192
f 1033/267/193 1036/268/193 1032/269/193
f 1033/267/194 1038/270/194 1037/271/194
f 1034/272/195 1039/273/195 1038/270/195
f 1036/268/196 1041/274/196 1040/275/196
f 1037/271/197 1042/276/197 1041/274/197
f 1038/270/198 1043/277/198 1042/276/198
f 1045/278/199 1048/279/199 1044/280/199
f 1046/281/200 1049/282/200 1045/278/200
f 1047/283/201 1050/284/201 1046/281/201
f 1049/282/202 1052/285/202 1048/279/202
f 1050/284/203 1053/286/203 1049/282/203
f 1051/287/204 1054/288/204 1050/284/204
f 1057/289/205 1060/290/205 1056/291/205
f 1058/292/206 1061/293/206 1057/289/206
f 1059/294/207 1062/295/207 1058/292/207
f 1061/293/208 1064/296/208 1060/290/208
f 1062/295/209 1065/297/209 1061/293/209
f 1063/298/210 1066/299/210 1062/295/210
f 1053/286/211 1035/300/211 1052/285/211
f 1054/288/212 1039/301/212 1053/286/212
f 1065/297/213 1047/302/213 1064/296/213
f 1066/299/214 1051/303/214 1065/297/214
f 1040/275/215 1063/304/215 1059/305/215
f 1041/274/216 1067/306/216 1063/304/216
f 1042/276/217 1031/307/217 1067/306/217
f 1054/288/218 1031/307/218 1043/277/218
f 1066/299/219 1031/307/219 1055/308/219
f 98/309/220 281/310/220 1/311/220
f 97/312/221 1032/269/221 98/309/221
f 96/313/222 1033/267/222 97/312/222
f 96/313/223 1035/314/223 1034/272/223
f 1032/269/224 282/315/224 281/310/224
f 1036/268/225 283/316/225 282/315/225
f 283/316/226 1059/305/226 284/317/226
f 791/318/227 92/319/227 20/320/227
f 790/321/228 1044/280/228 791/318/228
f 789/322/229 1045/278/229 790/321/229
f 788/323/230 1046/281/230 789/322/230
f 1044/280/231 93/324/231 92/319/231
f 1048/279/232 94/325/232 93/324/232
f 1052/285/233 95/326/233 94/325/233
f 287/327/234 785/328/234 17/329/234
f 286/330/235 1056/291/235 287/327/235
f 285/331/236 1057/289/236 286/330/236
f 284/317/237 1058/292/237 285/331/237
f 1056/291/238 786/332/238 785/328/238
f 1060/290/239 787/333/239 786/332/239
f 1064/296/240 788/334/240 787/333/240
f 1070/335/241 1073/336/241 1069/337/241
f 1070/335/242 1075/338/242 1074/339/242
f 1071/340/243 1076/341/243 1075/338/243
f 1073/336/244 1078/342/244 1077/343/244
f 1074/339/245 1079/344/245 1078/342/245
f 1075/338/246 1080/345/246 1079/344/246
f 1082/346/247 1085/347/247 1081/348/247
f 1083/349/248 1086/350/248 1082/346/248
f 1084/351/249 1087/352/249 1083/349/249
f 1086/350/250 1089/353/250 1085/347/250
f 1087/352/251 1090/354/251 1086/350/251
f 1088/355/252 1091/356/252 1087/352/252
f 1094/357/253 1097/358/253 1093/359/253
f 1095/360/254 1098/361/254 1094/357/254
f 1096/362/255 1099/363/255 1095/360/255
f 1098/361/256 1101/364/256 1097/358/256
f 1099/363/257 1102/365/257 1098/361/257
f 1100/366/258 1103/367/258 1099/363/258
f 1090/354/259 1072/368/259 1089/353/259
f 1091/356/260 1076/369/260 1090/354/260
f 1102/365/261 1084/370/261 1101/364/261
f 1103/367/262 1088/355/262 1102/365/262
f 1077/343/263 1100/371/263 1096/372/263
f 1078/342/264 1104/373/264 1100/371/264
f 1079/344/265 1068/374/265 1104/373/265
f 1091/356/266 1068/374/266 1080/345/266
f 1103/367/267 1068/374/267 1092/375/267
f 70/376/268 119/377/268 2/110/268
f 69/378/269 1069/337/269 70/376/269
f 68/115/270 1070/335/270 69/378/270
f 68/115/271 1072/368/271 1071/340/271
f 1069/337/272 118/379/272 119/377/272
f 1073/336/273 117/380/273 118/379/273
f 117/380/274 1096/372/274 116/381/274
f 770/382/275 64/383/275 16/128/275
f 769/384/276 1081/348/276 770/382/276
f 768/385/277 1082/346/277 769/384/277
f 767/386/278 1083/349/278 768/385/278
f 1081/348/279 65/129/279 64/383/279
f 1085/347/280 66/387/280 65/129/280
f 1089/353/281 67/388/281 66/387/281
f 113/389/282 764/390/282 23/391/282
f 114/392/283 1093/359/283 113/389/283
f 115/393/284 1094/357/284 114/392/284
f 116/381/285 1095/360/285 115/393/285
f 1093/359/286 765/394/286 764/390/286
f 1097/358/287 766/395/287 765/394/287
f 1101/364/288 767/396/288 766/395/288
f 1107/397/289 1110/398/289 1106/399/289
f 1107/397/290 1112/400/290 1111/401/290
f 1108/402/291 1113/403/291 1112/400/291
f 1110/398/292 1115/404/292 1114/405/292
f 1111/401/293 1116/406/293 1115/404/293
f 1112/400/294 1117/407/294 1116/406/294
f 1119/408/295 1122/409/295 1118/410/295
f 1120/411/296 1123/412/296 1119/408/296
f 1121/413/297 1124/414/297 1120/411/297
f 1123/412/298 1126/415/298 1122/409/298
f 1124/414/299 1127/416/299 1123/412/299
f 1125/417/300 1128/418/300 1124/414/300
f 1131/419/301 1134/420/301 1130/421/301
f 1132/422/302 1135/423/302 1131/419/302
f 1133/424/303 1136/425/303 1132/422/303
f 1135/423/304 1138/426/304 1134/420/304
f 1136/425/305 1139/427/305 1135/423/305
f 1137/428/306 1140/429/306 1136/425/306
f 1127/416/307 1109/430/307 1126/415/307
f 1128/418/308 1113/403/308 1127/416/308
f 1139/427/309 1121/431/309 1138/426/309
f 1140/429/310 1125/417/310 1139/427/310
f 1114/405/311 1137/428/311 1133/432/311
f 1115/404/312 1141/433/312 1137/428/312
f 1116/406/313 1105/434/313 1141/433/313
f 1128/418/314 1105/434/314 1117/407/314
f 1140/429/315 1105/434/315 1129/435/315
f 63/436/316 133/437/316 3/438/316
f 62/439/317 1106/399/317 63/436/317
f 61/440/318 1107/397/318 62/439/318
f 61/440/319 1109/430/319 1108/402/319
f 1106/399/320 132/441/320 133/437/320
f 1110/398/321 131/442/321 132/441/321
f 131/442/322 1133/432/322 130/443/322
f 749/444/323 57/445/323 15/446/323
f 748/447/324 1118/410/324 749/444/324
f 747/448/325 1119/408/325 748/447/325
f 746/449/326 1120/411/326 747/448/326
f 1118/410/327 58/450/327 57/445/327
f 1122/409/328 59/451/328 58/450/328
f 1126/415/329 60/452/329 59/451/329
f 127/453/330 743/454/330 25/455/330
f 128/456/331 1130/421/331 127/453/331
f 129/457/332 1131/419/332 128/456/332
f 130/458/333 1132/422/333 129/457/333
f 1130/421/334 744/459/334 743/454/334
f 1134/420/335 745/460/335 744/459/335
f 1138/426/336 746/461/336 745/460/336
f 1144/462/337 1147/463/337 1143/464/337
f 1144/462/338 1149/465/338 1148/466/338
f 1145/467/339 1150/468/339 1149/465/339
f 1147/463/340 1152/469/340 1151/470/340
f 1148/466/341 1153/471/341 1152/469/341
f 1149/465/342 1154/472/342 1153/471/342
f 1156/473/343 1159/474/343 1155/475/343
f 1157/476/344 1160/477/344 1156/473/344
f 1158/478/345 1161/479/345 1157/476/345
f 1160/477/346 1163/480/346 1159/474/346
f 1161/479/347 1164/481/347 1160/477/347
f 1162/482/348 1165/483/348 1161/479/348
f 1168/484/349 1171/485/349 1167/486/349
f 1169/487/350 1172/488/350 1168/484/350
f 1170/489/351 1173/490/351 1169/487/351
f 1172/488/352 1175/491/352 1171/485/352
f 1173/490/353 1176/492/353 1172/488/353
f 1174/493/354 1177/494/354 1173/490/354
f 1164/481/355 1146/495/355 1163/480/355
f 1165/483/356 1150/496/356 1164/481/356
f 1176/492/357 1158/497/357 1175/491/357
f 1177/494/358 1162/482/358 1176/492/358
f 1151/470/359 1174/498/359 1170/499/359
f 1152/469/360 1178/500/360 1174/498/360
f 1153/471/361 1142/501/361 1178/500/361
f 1165/483/362 1142/501/362 1154/472/362
f 1177/494/363 1142/501/363 1166/502/363
f 91/503/364 147/504/364 4/505/364
f 90/506/365 1143/464/365 91/503/365
f 89/507/366 1144/462/366 90/506/366
f 89/507/367 1146/508/367 1145/467/367
f 1143/464/368 146/509/368 147/504/368
f 1147/463/369 145/510/369 146/509/369
f 145/510/370 1170/499/370 144/511/370
f 728/512/371 85/513/371 19/514/371
f 727/515/372 1155/475/372 728/512/372
f 726/516/373 1156/473/373 727/515/373
f 725/517/374 1157/476/374 726/516/374
f 1155/475/375 86/518/375 85/513/375
f 1159/474/376 87/519/376 86/518/376
f 1163/480/377 88/520/377 87/519/377
f 141/521/378 722/522/378 27/523/378
f 142/524/379 1167/486/379 141/521/379
f 143/525/380 1168/484/380 142/524/380
f 144/511/381 1169/487/381 143/525/381
f 1167/486/382 723/526/382 722/522/382
f 1171/485/383 724/527/383 723/526/383
f 1175/491/384 725/517/384 724/527/384
f 1181/528/385 1184/529/385 1180/530/385
f 1181/528/386 1186/531/386 1185/532/386
f 1182/533/387 1187/534/387 1186/531/387
f 1184/529/388 1189/535/388 1188/536/388
f 1185/532/389 1190/537/389 1189/535/389
f 1186/531/390 1191/538/390 1190/537/390
f 1193/539/391 1196/540/391 1192/541/391
f 1194/542/392 1197/543/392 1193/539/392
f 1195/544/393 1198/545/393 1194/542/393
f 1197/543/394 1200/546/394 1196/540/394
f 1198/545/395 1201/547/395 1197/543/395
f 1199/548/396 1202/549/396 1198/545/396
f 1205/550/397 1208/551/397 1204/552/397
f 1206/553/398 1209/554/398 1205/550/398
f 1207/555/399 1210/556/399 1206/553/399
f 1209/554/400 1212/557/400 1208/551/400
f 1210/556/401 1213/558/401 1209/554/401
f 1211/559/402 1214/560/402 1210/556/402
f 1201/547/403 1183/561/403 1200/546/403
f 1202/549/404 1187/562/404 1201/547/404
f 1213/558/405 1195/563/405 1212/557/405
f 1214/560/406 1199/548/406 1213/558/406
f 1188/536/407 1211/564/407 1207/565/407
f 1189/535/408 1215/566/408 1211/564/408
f 1190/537/409 1179/567/409 1215/566/409
f 1202/549/410 1179/567/410 1191/538/410
f 1214/560/411 1179/567/411 1203/568/411
f 105/569/412 161/570/412 5/571/412
f 104/572/413 1180/530/413 105/569/413
f 103/573/414 1181/528/414 104/572/414
f 103/573/415 1183/561/415 1182/533/415
f 1180/530/416 160/574/416 161/570/416
f 1184/529/417 159/575/417 160/574/417
f 159/575/418 1207/565/418 158/576/418
f 707/577/419 99/578/419 21/579/419
f 706/580/420 1192/541/420 707/577/420
f 705/581/421 1193/539/421 706/580/421
f 704/582/422 1194/542/422 705/581/422
f 1192/541/423 100/583/423 99/578/423
f 1196/540/424 101/584/424 100/583/424
f 1200/546/425 102/585/425 101/584/425
f 155/586/426 701/587/426 29/588/426
f 156/589/427 1204/552/427 155/586/427
f 157/590/428 1205/550/428 156/589/428
f 158/591/429 1206/553/429 157/590/429
f 1204/552/430 702/592/430 701/587/430
f 1208/551/431 703/593/431 702/592/431
f 1212/557/432 704/594/432 703/593/432
f 1218/595/433 1221/596/433 1217/597/433
f 1218/595/434 1223/598/434 1222/599/434
f 1219/600/435 1224/601/435 1223/598/435
f 1221/596/436 1226/602/436 1225/603/436
f 1222/599/437 1227/604/437 1226/602/437
f 1223/598/438 1228/605/438 1227/604/438
f 1230/606/439 1233/607/439 1229/608/439
f 1231/609/440 1234/610/440 1230/606/440
f 1232/611/441 1235/612/441 1231/609/441
f 1234/610/442 1237/613/442 1233/607/442
f 1235/612/443 1238/614/443 1234/610/443
f 1236/615/444 1239/616/444 1235/612/444
f 1242/617/445 1245/618/445 1241/619/445
f 1243/620/446 1246/621/446 1242/617/446
f 1244/622/447 1247/623/447 1243/620/447
f 1246/621/448 1249/624/448 1245/618/448
f 1247/623/449 1250/625/449 1246/621/449
f 1248/626/450 1251/627/450 1247/623/450
f 1238/614/451 1220/628/451 1237/613/451
f 1239/616/452 1224/601/452 1238/614/452
f 1250/625/453 1232/629/453 1249/624/453
f 1251/627/454 1236/615/454 1250/625/454
f 1225/603/455 1248/630/455 1244/631/455
f 1226/602/456 1252/632/456 1248/630/456
f 1227/604/457 1216/633/457 1252/632/457
f 1239/616/458 1216/633/458 1228/605/458
f 1251/627/459 1216/633/459 1240/634/459
f 112/635/460 175/636/460 6/637/460
f 111/638/461 1217/597/461 112/635/461
f 110/639/462 1218/595/462 111/638/462
f 110/639/463 1220/640/463 1219/600/463
f 1217/597/464 174/641/464 175/636/464
f 1221/596/465 173/642/465 174/641/465
f 173/642/466 1244/631/466 172/643/466
f 686/644/467 106/645/467 22/646/467
f 685/647/468 1229/608/468 686/644/468
f 684/648/469 1230/606/469 685/647/469
f 683/649/470 1231/609/470 684/648/470
f 1229/608/471 107/650/471 106/645/471
f 1233/607/472 108/651/472 107/650/472
f 1237/613/473 109/652/473 108/651/473
f 169/653/474 680/654/474 31/655/474
f 170/656/475 1241/619/475 169/653/475
f 171/657/476 1242/617/476 170/656/476
f 172/643/477 1243/620/477 171/657/477
f 1241/619/478 681/658/478 680/654/478
f 1245/618/479 682/659/479 681/658/479
f 1249/624/480 683/649/480 682/659/480
f 1255/660/481 1258/661/481 1254/662/481
f 1255/660/482 1260/663/482 1259/664/482
f 1256/665/483 1261/666/483 1260/663/483
f 1258/661/484 1263/667/484 1262/668/484
f 1259/664/485 1264/669/485 1263/667/485
f 1260/663/486 1265/670/486 1264/669/486
f 1267/671/487 1270/672/487 1266/673/487
f 1268/674/488 1271/675/488 1267/671/488
f 1269/676/489 1272/677/489 1268/674/489
f 1271/675/490 1274/678/490 1270/672/490
f 1272/677/491 1275/679/491 1271/675/491
f 1273/680/492 1276/681/492 1272/677/492
f 1279/682/493 1282/683/493 1278/684/493
f 1280/685/494 1283/686/494 1279/682/494
f 1281/687/495 1284/688/495 1280/685/495
f 1283/686/496 1286/689/496 1282/683/496
f 1284/688/497 1287/690/497 1283/686/497
f 1285/691/498 1288/692/498 1284/688/498
f 1275/679/499 1257/693/499 1274/678/499
f 1276/681/500 1261/694/500 1275/679/500
f 1287/690/501 1269/695/501 1286/689/501
f 1288/692/502 1273/696/502 1287/690/502
f 1262/668/503 1285/691/503 1281/697/503
f 1263/667/504 1289/698/504 1285/691/504
f 1264/669/505 1253/699/505 1289/698/505
f 1276/681/506 1253/699/506 1265/670/506
f 1288/692/507 1253/699/507 1277/700/507
f 119/701/508 344/702/508 2/110/508
f 118/703/509 1254/662/509 119/701/509
f 117/380/510 1255/660/510 118/703/510
f 117/380/511 1257/704/511 1256/665/511
f 1254/662/512 345/705/512 344/702/512
f 1258/661/513 346/706/513 345/705/513
f 346/706/514 1281/697/514 347/707/514
f 665/708/515 113/709/515 23/391/515
f 664/710/516 1266/673/516 665/708/516
f 663/711/517 1267/671/517 664/710/517
f 662/712/518 1268/674/518 663/711/518
f 1266/673/519 114/713/519 113/709/519
f 1270/672/520 115/714/520 114/713/520
f 1274/678/521 116/381/521 115/714/521
f 350/715/522 659/716/522 26/717/522
f 349/718/523 1278/684/523 350/715/523
f 348/719/524 1279/682/524 349/718/524
f 347/720/525 1280/685/525 348/719/525
f 1278/684/526 660/721/526 659/716/526
f 1282/683/527 661/722/527 660/721/527
f 1286/689/528 662/723/528 661/722/528
f 1292/724/529 1295/725/529 1291/726/529
f 1292/724/530 1297/727/530 1296/728/530
f 1293/729/531 1298/730/531 1297/727/531
f 1295/725/532 1300/731/532 1299/732/532
f 1296/728/533 1301/733/533 1300/731/533
f 1297/727/534 1302/734/534 1301/733/534
f 1304/735/535 1307/736/535 1303/737/535
f 1305/738/536 1308/739/536 1304/735/536
f 1306/740/537 1309/741/537 1305/738/537
f 1308/739/538 1311/742/538 1307/736/538
f 1309/741/539 1312/743/539 1308/739/539
f 1310/744/540 1313/745/540 1309/741/540
f 1316/746/541 1319/747/541 1315/748/541
f 1317/749/542 1320/750/542 1316/746/542
f 1318/751/543 1321/752/543 1317/749/543
f 1320/750/544 1323/753/544 1319/747/544
f 1321/752/545 1324/754/545 1320/750/545
f 1322/755/546 1325/756/546 1321/752/546
f 1312/743/547 1294/757/547 1311/742/547
f 1313/745/548 1298/758/548 1312/743/548
f 1324/754/549 1306/759/549 1323/753/549
f 1325/756/550 1310/760/550 1324/754/550
f 1299/732/551 1322/761/551 1318/751/551
f 1300/731/552 1326/762/552 1322/761/552
f 1301/733/553 1290/763/553 1326/762/553
f 1313/745/554 1290/763/554 1302/734/554
f 1325/756/555 1290/763/555 1314/764/555
f 133/765/556 358/766/556 3/438/556
f 132/767/557 1291/726/557 133/765/557
f 131/768/558 1292/724/558 132/767/558
f 131/768/559 1294/769/559 1293/729/559
f 1291/726/560 359/770/560 358/766/560
f 1295/725/561 360/771/561 359/770/561
f 360/771/562 1318/751/562 361/772/562
f 644/773/563 127/453/563 25/455/563
f 643/774/564 1303/737/564 644/773/564
f 642/775/565 1304/735/565 643/774/565
f 641/776/566 1305/738/566 642/775/566
f 1303/737/567 128/777/567 127/453/567
f 1307/736/568 129/778/568 128/777/568
f 1311/742/569 130/443/569 129/778/569
f 364/779/570 638/780/570 28/781/570
f 363/782/571 1315/748/571 364/779/571
f 362/783/572 1316/746/572 363/782/572
f 361/772/573 1317/749/573 362/783/573
f 1315/748/574 639/784/574 638/780/574
f 1319/747/575 640/785/575 639/784/575
f 1323/753/576 641/776/576 640/785/576
f 1329/786/577 1332/787/577 1328/788/577
f 1329/786/578 1334/789/578 1333/790/578
f 1330/791/579 1335/792/579 1334/789/579
f 1332/787/580 1337/793/580 1336/794/580
f 1333/790/581 1338/795/581 1337/793/581
f 1334/789/582 1339/796/582 1338/795/582
f 1341/797/583 1344/798/583 1340/799/583
f 1342/800/584 1345/801/584 1341/797/584
f 1343/802/585 1346/803/585 1342/800/585
f 1345/801/586 1348/804/586 1344/798/586
f 1346/803/587 1349/805/587 1345/801/587
f 1347/806/588 1350/807/588 1346/803/588
f 1353/808/589 1356/809/589 1352/810/589
f 1354/811/590 1357/812/590 1353/808/590
f 1355/813/591 1358/814/591 1354/811/591
f 1357/812/592 1360/815/592 1356/809/592
f 1358/814/593 1361/816/593 1357/812/593
f 1359/817/594 1362/818/594 1358/814/594
f 1349/805/595 1331/819/595 1348/804/595
f 1350/807/596 1335/820/596 1349/805/596
f 1361/816/597 1343/821/597 1360/815/597
f 1362/818/598 1347/822/598 1361/816/598
f 1336/794/599 1359/817/599 1355/823/599
f 1337/793/600 1363/824/600 1359/817/600
f 1338/795/601 1327/825/601 1363/824/601
f 1350/807/602 1327/825/602 1339/796/602
f 1362/818/603 1327/825/603 1351/826/603
f 147/827/604 372/828/604 4/505/604
f 146/829/605 1328/788/605 147/827/605
f 145/510/606 1329/786/606 146/829/606
f 145/510/607 1331/830/607 1330/791/607
f 1328/788/608 373/831/608 372/828/608
f 1332/787/609 374/832/609 373/831/609
f 374/832/610 1355/823/610 375/833/610
f 623/834/611 141/835/611 27/523/611
f 622/836/612 1340/799/612 623/834/612
f 621/837/613 1341/797/613 622/836/613
f 620/838/614 1342/800/614 621/837/614
f 1340/799/615 142/839/615 141/835/615
f 1344/798/616 143/840/616 142/839/616
f 1348/804/617 144/841/617 143/840/617
f 378/842/618 617/843/618 30/844/618
f 377/845/619 1352/810/619 378/842/619
f 376/846/620 1353/808/620 377/845/620
f 375/847/621 1354/811/621 376/846/621
f 1352/810/622 618/848/622 617/843/622
f 1356/809/623 619/849/623 618/848/623
f 1360/815/624 620/850/624 619/849/624
f 1366/851/625 1369/852/625 1365/853/625
f 1366/851/626 1371/854/626 1370/855/626
f 1367/856/627 1372/857/627 1371/854/627
f 1369/852/628 1374/858/628 1373/859/628
f 1370/855/629 1375/860/629 1374/858/629
f 1371/854/630 1376/861/630 1375/860/630
f 1378/862/631 1381/863/631 1377/864/631
f 1379/865/632 1382/866/632 1378/862/632
f 1380/867/633 1383/868/633 1379/865/633
f 1382/866/634 1385/869/634 1381/863/634
f 1383/868/635 1386/870/635 1382/866/635
f 1384/871/636 1387/872/636 1383/868/636
f 1390/873/637 1393/874/637 1389/875/637
f 1391/876/638 1394/877/638 1390/873/638
f 1392/878/639 1395/879/639 1391/876/639
f 1394/877/640 1397/880/640 1393/874/640
f 1395/879/641 1398/881/641 1394/877/641
f 1396/882/642 1399/883/642 1395/879/642
f 1386/870/643 1368/884/643 1385/869/643
f 1387/872/644 1372/885/644 1386/870/644
f 1398/881/645 1380/886/645 1397/880/645
f 1399/883/646 1384/871/646 1398/881/646
f 1373/859/647 1396/882/647 1392/887/647
f 1374/858/648 1400/888/648 1396/882/648
f 1375/860/649 1364/889/649 1400/888/649
f 1387/872/650 1364/889/650 1376/861/650
f 1399/883/651 1364/889/651 1388/890/651
f 161/891/652 386/892/652 5/571/652
f 160/893/653 1365/853/653 161/891/653
f 159/575/654 1366/851/654 160/893/654
f 159/575/655 1368/894/655 1367/856/655
f 1365/853/656 387/895/656 386/892/656
f 1369/852/657 388/896/657 387/895/657
f 388/896/658 1392/887/658 389/897/658
f 602/898/659 155/586/659 29/588/659
f 601/899/660 1377/864/660 602/898/660
f 600/900/661 1378/862/661 601/899/661
f 599/901/662 1379/865/662 600/900/662
f 1377/864/663 156/902/663 155/586/663
f 1381/863/664 157/903/664 156/902/664
f 1385/869/665 158/576/665 157/903/665
f 392/904/666 596/905/666 32/906/666
f 391/907/667 1389/875/667 392/904/667
f 390/908/668 1390/873/668 391/907/668
f 389/909/669 1391/876/669 390/908/669
f 1389/875/670 597/910/670 596/905/670
f 1393/874/671 598/911/671 597/910/671
f 1397/880/672 599/912/672 598/911/672
f 1403/913/673 1406/914/673 1402/915/673
f 1403/913/674 1408/916/674 1407/917/674
f 1404/918/675 1409/919/675 1408/916/675
f 1406/914/676 1411/920/676 1410/921/676
f 1407/917/677 1412/922/677 1411/920/677
f 1408/916/678 1413/923/678 1412/922/678
f 1415/924/679 1418/925/679 1414/926/679
f 1416/927/680 1419/928/680 1415/924/680
f 1417/929/681 1420/930/681 1416/927/681
f 1419/928/682 1422/931/682 1418/925/682
f 1420/930/683 1423/932/683 1419/928/683
f 1421/933/684 1424/934/684 1420/930/684
f 1427/935/685 1430/936/685 1426/937/685
f 1428/938/686 1431/939/686 1427/935/686
f 1429/940/687 1432/941/687 1428/938/687
f 1431/939/688 1434/942/688 1430/936/688
f 1432/941/689 1435/943/689 1431/939/689
f 1433/944/690 1436/945/690 1432/941/690
f 1423/932/691 1405/946/691 1422/931/691
f 1424/934/692 1409/947/692 1423/932/692
f 1435/943/693 1417/948/693 1434/942/693
f 1436/945/694 1421/949/694 1435/943/694
f 1410/921/695 1433/950/695 1429/951/695
f 1411/920/696 1437/952/696 1433/950/696
f 1412/922/697 1401/953/697 1437/952/697
f 1424/934/698 1401/953/698 1413/923/698
f 1436/945/699 1401/953/699 1425/954/699
f 175/955/700 330/956/700 6/637/700
f 174/957/701 1402/915/701 175/955/701
f 173/642/702 1403/913/702 174/957/702
f 173/642/703 1405/958/703 1404/918/703
f 1402/915/704 331/959/704 330/956/704
f 1406/914/705 332/960/705 331/959/705
f 332/960/706 1429/951/706 333/961/706
f 581/962/707 169/653/707 31/655/707
f 580/963/708 1414/926/708 581/962/708
f 579/964/709 1415/924/709 580/963/709
f 578/965/710 1416/927/710 579/964/710
f 1414/926/711 170/966/711 169/653/711
f 1418/925/712 171/967/712 170/966/712
f 1422/931/713 172/968/713 171/967/713
f 336/969/714 575/970/714 24/971/714
f 335/972/715 1426/937/715 336/969/715
f 334/973/716 1427/935/716 335/972/716
f 333/974/717 1428/938/717 334/973/717
f 1426/937/718 576/975/718 575/970/718
f 1430/936/719 577/976/719 576/975/719
f 1434/942/720 578/977/720 577/976/720
f 1440/978/721 1443/979/721 1439/980/721
f 1440/978/722 1445/981/722 1444/982/722
f 1441/983/723 1446/984/723 1445/981/723
f 1443/979/724 1448/985/724 1447/986/724
f 1444/982/725 1449/987/725 1448/985/725
f 1445/981/726 1450/988/726 1449/987/726
f 1452/989/727 1455/990/727 1451/991/727
f 1453/992/728 1456/993/728 1452/989/728
f 1454/994/729 1457/995/729 1453/992/729
f 1456/993/730 1459/996/730 1455/990/730
f 1457/995/731 1460/997/731 1456/993/731
f 1458/998/732 1461/999/732 1457/995/732
f 1464/1000/733 1467/1001/733 1463/1002/733
f 1465/1003/734 1468/1004/734 1464/1000/734
f 1466/1005/735 1469/1006/735 1465/1003/735
f 1468/1004/736 1471/1007/736 1467/1001/736
f 1469/1006/737 1472/1008/737 1468/1004/737
f 1470/1009/738 1473/1010/738 1469/1006/738
f 1460/997/739 1442/1011/739 1459/996/739
f 1461/999/740 1446/1012/740 1460/997/740
f 1472/1008/741 1454/1013/741 1471/1007/741
f 1473/1010/742 1458/1014/742 1472/1008/742
f 1447/986/743 1470/1009/743 1466/1015/743
f 1448/985/744 1474/1016/744 1470/1009/744
f 1449/987/745 1438/1017/745 1474/1016/745
f 1461/999/746 1438/1017/746 1450/988/746
f 1473/1010/747 1438/1017/747 1462/1018/747
f 189/1019/748 224/1020/748 7/1021/748
f 188/1022/749 1439/980/749 189/1019/749
f 187/1023/750 1440/978/750 188/1022/750
f 187/1023/751 1442/1024/751 1441/983/751
f 1439/980/752 223/1025/752 224/1020/752
f 1443/979/753 222/1026/753 223/1025/753
f 222/1026/754 1466/1015/754 221/1027/754
f 560/1028/755 183/1029/755 33/1030/755
f 559/1031/756 1451/991/756 560/1028/756
f 558/1032/757 1452/989/757 559/1031/757
f 557/1033/758 1453/992/758 558/1032/758
f 1451/991/759 184/1034/759 183/1029/759
f 1455/990/760 185/1035/760 184/1034/760
f 1459/996/761 186/1036/761 185/1035/761
f 218/1037/762 554/1038/762 38/1039/762
f 219/1040/763 1463/1002/763 218/1037/763
f 220/1041/764 1464/1000/764 219/1040/764
f 221/1042/765 1465/1003/765 220/1041/765
f 1463/1002/766 555/1043/766 554/1038/766
f 1467/1001/767 556/1044/767 555/1043/767
f 1471/1007/768 557/1045/768 556/1044/768
f 1477/1046/769 1480/1047/769 1476/1048/769
f 1477/1046/770 1482/1049/770 1481/1050/770
f 1478/1051/771 1483/1052/771 1482/1049/771
f 1480/1047/772 1485/1053/772 1484/1054/772
f 1481/1050/773 1486/1055/773 1485/1053/773
f 1482/1049/774 1487/1056/774 1486/1055/774
f 1489/1057/775 1492/1058/775 1488/1059/775
f 1490/1060/776 1493/1061/776 1489/1057/776
f 1491/1062/777 1494/1063/777 1490/1060/777
f 1493/1061/778 1496/1064/778 1492/1058/778
f 1494/1063/779 1497/1065/779 1493/1061/779
f 1495/1066/780 1498/1067/780 1494/1063/780
f 1501/1068/781 1504/1069/781 1500/1070/781
f 1502/1071/782 1505/1072/782 1501/1068/782
f 1503/1073/783 1506/1074/783 1502/1071/783
f 1505/1072/784 1508/1075/784 1504/1069/784
f 1506/1074/785 1509/1076/785 1505/1072/785
f 1507/1077/786 1510/1078/786 1506/1074/786
f 1497/1065/787 1479/1079/787 1496/1064/787
f 1498/1067/788 1483/1080/788 1497/1065/788
f 1509/1076/789 1491/1081/789 1508/1075/789
f 1510/1078/790 1495/1082/790 1509/1076/790
f 1484/1054/791 1507/1077/791 1503/1083/791
f 1485/1053/792 1511/1084/792 1507/1077/792
f 1486/1055/793 1475/1085/793 1511/1084/793
f 1498/1067/794 1475/1085/794 1487/1056/794
f 1510/1078/795 1475/1085/795 1499/1086/795
f 196/1087/796 238/1088/796 8/1089/796
f 195/1090/797 1476/1048/797 196/1087/797
f 194/1091/798 1477/1046/798 195/1090/798
f 194/1091/799 1479/1079/799 1478/1051/799
f 1476/1048/800 237/1092/800 238/1088/800
f 1480/1047/801 236/1093/801 237/1092/801
f 236/1093/802 1503/1083/802 235/1094/802
f 539/1095/803 190/1096/803 34/1097/803
f 538/1098/804 1488/1059/804 539/1095/804
f 537/1099/805 1489/1057/805 538/1098/805
f 536/1100/806 1490/1060/806 537/1099/806
f 1488/1059/807 191/1101/807 190/1096/807
f 1492/1058/808 192/1102/808 191/1101/808
f 1496/1064/809 193/1103/809 192/1102/809
f 232/1104/810 533/1105/810 40/1106/810
f 233/1107/811 1500/1070/811 232/1104/811
f 234/1108/812 1501/1068/812 233/1107/812
f 235/1109/813 1502/1071/813 234/1108/813
f 1500/1070/814 534/1110/814 533/1105/814
f 1504/1069/815 535/1111/815 534/1110/815
f 1508/1075/816 536/1112/816 535/1111/816
f 1514/1113/817 1517/1114/817 1513/1115/817
f 1514/1113/818 1519/1116/818 1518/1117/818
f 1515/1118/819 1520/1119/819 1519/1116/819
f 1517/1114/820 1522/1120/820 1521/1121/820
f 1518/1117/821 1523/1122/821 1522/1120/821
f 1519/1116/822 1524/1123/822 1523/1122/822
f 1526/1124/823 1529/1125/823 1525/1126/823
f 1527/1127/824 1530/1128/824 1526/1124/824
f 1528/1129/825 1531/1130/825 1527/1127/825
f 1530/1128/826 1533/1131/826 1529/1125/826
f 1531/1130/827 1534/1132/827 1530/1128/827
f 1532/1133/828 1535/1134/828 1531/1130/828
f 1538/1135/829 1541/1136/829 1537/1137/829
f 1539/1138/830 1542/1139/830 1538/1135/830
f 1540/1140/831 1543/1141/831 1539/1138/831
f 1542/1139/832 1545/1142/832 1541/1136/832
f 1543/1141/833 1546/1143/833 1542/1139/833
f 1544/1144/834 1547/1145/834 1543/1141/834
f 1534/1132/835 1516/1146/835 1533/1131/835
f 1535/1134/836 1520/1147/836 1534/1132/836
f 1546/1143/837 1528/1148/837 1545/1142/837
f 1547/1145/838 1532/1149/838 1546/1143/838
f 1521/1121/839 1544/1144/839 1540/1150/839
f 1522/1120/840 1548/1151/840 1544/1144/840
f 1523/1122/841 1512/1152/841 1548/1151/841
f 1535/1134/842 1512/1152/842 1524/1123/842
f 1547/1145/843 1512/1152/843 1536/1153/843
f 203/1154/844 245/1155/844 9/1156/844
f 202/1157/845 1513/1115/845 203/1154/845
f 201/1158/846 1514/1113/846 202/1157/846
f 201/1158/847 1516/1159/847 1515/1118/847
f 1513/1115/848 244/1160/848 245/1155/848
f 1517/1114/849 243/1161/849 244/1160/849
f 243/1161/850 1540/1150/850 242/1162/850
f 518/1163/851 197/1164/851 35/1165/851
f 517/1166/852 1525/1126/852 518/1163/852
f 516/1167/853 1526/1124/853 517/1166/853
f 515/1168/854 1527/1127/854 516/1167/854
f 1525/1126/855 198/1169/855 197/1164/855
f 1529/1125/856 199/1170/856 198/1169/856
f 1533/1131/857 200/1171/857 199/1170/857
f 239/1172/858 512/1173/858 41/1174/858
f 240/1175/859 1537/1137/859 239/1172/859
f 241/1176/860 1538/1135/860 240/1175/860
f 242/1177/861 1539/1138/861 241/1176/861
f 1537/1137/862 513/1178/862 512/1173/862
f 1541/1136/863 514/1179/863 513/1178/863
f 1545/1142/864 515/1180/864 514/1179/864
f 1551/1181/865 1554/1182/865 1550/1183/865
f 1551/1181/866 1556/1184/866 1555/1185/866
f 1552/1186/867 1557/1187/867 1556/1184/867
f 1554/1182/868 1559/1188/868 1558/1189/868
f 1555/1185/869 1560/1190/869 1559/1188/869
f 1556/1184/870 1561/1191/870 1560/1190/870
f 1563/1192/871 1566/1193/871 1562/1194/871
f 1564/1195/872 1567/1196/872 1563/1192/872
f 1565/1197/873 1568/1198/873 1564/1195/873
f 1567/1196/874 1570/1199/874 1566/1193/874
f 1568/1198/875 1571/1200/875 1567/1196/875
f 1569/1201/876 1572/1202/876 1568/1198/876
f 1575/1203/877 1578/1204/877 1574/1205/877
f 1576/1206/878 1579/1207/878 1575/1203/878
f 1577/1208/879 1580/1209/879 1576/1206/879
f 1579/1207/880 1582/1210/880 1578/1204/880
f 1580/1209/881 1583/1211/881 1579/1207/881
f 1581/1212/882 1584/1213/882 1580/1209/882
f 1571/1200/883 1553/1214/883 1570/1199/883
f 1572/1202/884 1557/1215/884 1571/1200/884
f 1583/1211/885 1565/1216/885 1582/1210/885
f 1584/1213/886 1569/1217/886 1583/1211/886
f 1558/1189/887 1581/1218/887 1577/1219/887
f 1559/1188/888 1585/1220/888 1581/1218/888
f 1560/1190/889 1549/1221/889 1585/1220/889
f 1572/1202/890 1549/1221/890 1561/1191/890
f 1584/1213/891 1549/1221/891 1573/1222/891
f 210/1223/892 252/1224/892 10/1225/892
f 209/1226/893 1550/1183/893 210/1223/893
f 208/1227/894 1551/1181/894 209/1226/894
f 208/1227/895 1553/1228/895 1552/1186/895
f 1550/1183/896 251/1229/896 252/1224/896
f 1554/1182/897 250/1230/897 251/1229/897
f 250/1230/898 1577/1219/898 249/1231/898
f 497/1232/899 204/1233/899 36/1234/899
f 496/1235/900 1562/1194/900 497/1232/900
f 495/1236/901 1563/1192/901 496/1235/901
f 494/1237/902 1564/1195/902 495/1236/902
f 1562/1194/903 205/1238/903 204/1233/903
f 1566/1193/904 206/1239/904 205/1238/904
f 1570/1199/905 207/1240/905 206/1239/905
f 246/1241/906 491/1242/906 42/1243/906
f 247/1244/907 1574/1205/907 246/1241/907
f 248/1245/908 1575/1203/908 247/1244/908
f 249/1246/909 1576/1206/909 248/1245/909
f 1574/1205/910 492/1247/910 491/1242/910
f 1578/1204/911 493/1248/911 492/1247/911
f 1582/1210/912 494/1249/912 493/1248/912
f 1588/1250/913 1591/1251/913 1587/1252/913
f 1588/1250/914 1593/1253/914 1592/1254/914
f 1589/1255/915 1594/1256/915 1593/1253/915
f 1591/1251/916 1596/1257/916 1595/1258/916
f 1592/1254/917 1597/1259/917 1596/1257/917
f 1593/1253/918 1598/1260/918 1597/1259/918
f 1600/1261/919 1603/1262/919 1599/1263/919
f 1601/1264/920 1604/1265/920 1600/1261/920
f 1602/1266/921 1605/1267/921 1601/1264/921
f 1604/1265/922 1607/1268/922 1603/1262/922
f 1605/1267/923 1608/1269/923 1604/1265/923
f 1606/1270/924 1609/1271/924 1605/1267/924
f 1612/1272/925 1615/1273/925 1611/1274/925
f 1613/1275/926 1616/1276/926 1612/1272/926
f 1614/1277/927 1617/1278/927 1613/1275/927
f 1616/1276/928 1619/1279/928 1615/1273/928
f 1617/1278/929 1620/1280/929 1616/1276/929
f 1618/1281/930 1621/1282/930 1617/1278/930
f 1608/1269/931 1590/1283/931 1607/1268/931
f 1609/1271/932 1594/1284/932 1608/1269/932
f 1620/1280/933 1602/1285/933 1619/1279/933
f 1621/1282/934 1606/1286/934 1620/1280/934
f 1595/1258/935 1618/1287/935 1614/1288/935
f 1596/1257/936 1622/1289/936 1618/1287/936
f 1597/1259/937 1586/1290/937 1622/1289/937
f 1609/1271/938 1586/1290/938 1598/1260/938
f 1621/1282/939 1586/1290/939 1610/1291/939
f 217/1292/940 435/1293/940 11/1294/940
f 216/1295/941 1587/1252/941 217/1292/941
f 215/1296/942 1588/1250/942 216/1295/942
f 215/1296/943 1590/1297/943 1589/1255/943
f 1587/1252/944 436/1298/944 435/1293/944
f 1591/1251/945 437/1299/945 436/1298/945
f 437/1299/946 1614/1288/946 438/1300/946
f 476/1301/947 211/1302/947 37/1303/947
f 475/1304/948 1599/1263/948 476/1301/948
f 474/1305/949 1600/1261/949 475/1304/949
f 473/1306/950 1601/1264/950 474/1305/950
f 1599/1263/951 212/1307/951 211/1302/951
f 1603/1262/952 213/1308/952 212/1307/952
f 1607/1268/953 214/1309/953 213/1308/953
f 441/1310/954 470/1311/954 39/1312/954
f 440/1313/955 1611/1274/955 441/1310/955
f 439/1314/956 1612/1272/956 440/1313/956
f 438/1315/957 1613/1275/957 439/1314/957
f 1611/1274/958 471/1316/958 470/1311/958
f 1615/1273/959 472/1317/959 471/1316/959
f 1619/1279/960 473/1318/960 472/1317/960
f 1625/1319/961 1628/1320/961 1624/1321/961
f 1626/1322/962 1629/1323/962 1625/1319/962
f 1627/1324/963 1630/1325/963 1626/1322/963
f 1629/1323/964 1632/1326/964 1628/1320/964
f 1630/1325/965 1633/1327/965 1629/1323/965
f 1631/1328/966 1634/1329/966 1630/1325/966
f 1637/1330/967 1640/1331/967 1636/1332/967
f 1638/1333/968 1641/1334/968 1637/1330/968
f 1639/1335/969 1642/1336/969 1638/1333/969
f 1641/1334/970 1644/1337/970 1640/1331/970
f 1642/1336/971 1645/1338/971 1641/1334/971
f 1643/1339/972 1646/1340/972 1642/1336/972
f 1649/1341/973 1652/1342/973 1648/1343/973
f 1649/1341/974 1654/1344/974 1653/1345/974
f 1650/1346/975 1655/1347/975 1654/1344/975
f 1652/1342/976 1657/1348/976 1656/1349/976
f 1653/1345/977 1658/1350/977 1657/1348/977
f 1654/1344/978 1659/1351/978 1658/1350/978
f 1645/1338/979 1627/1352/979 1644/1337/979
f 1646/1340/980 1631/1353/980 1645/1338/980
f 1656/1349/981 1643/1339/981 1639/1335/981
f 1657/1348/982 1647/1354/982 1643/1339/982
f 1633/1327/983 1651/1355/983 1632/1326/983
f 1634/1329/984 1655/1356/984 1633/1327/984
f 1634/1329/985 1623/1357/985 1659/1351/985
f 1646/1340/986 1623/1357/986 1635/1358/986
f 1658/1350/987 1623/1357/987 1647/1354/987
f 463/1359/988 225/1360/988 39/1312/988
f 464/1361/989 1624/1321/989 463/1359/989
f 465/1362/990 1625/1319/990 464/1361/990
f 466/1363/991 1626/1322/991 465/1362/991
f 1624/1321/992 226/1364/992 225/1360/992
f 1628/1320/993 227/1365/993 226/1364/993
f 1632/1326/994 228/1366/994 227/1365/994
f 462/1367/995 469/1368/995 42/1369/995
f 461/1370/996 1636/1332/996 462/1367/996
f 460/1371/997 1637/1330/997 461/1370/997
f 459/1372/998 1638/1333/998 460/1371/998
f 1636/1332/999 468/1373/999 469/1368/999
f 1640/1331/1000 467/1374/1000 468/1373/1000
f 1644/1337/1001 466/1363/1001 467/1374/1001
f 231/1375/1002 456/1376/1002 12/1377/1002
f 230/1378/1003 1648/1343/1003 231/1375/1003
f 229/1379/1004 1649/1341/1004 230/1378/1004
f 229/1379/1005 1651/1380/1005 1650/1346/1005
f 1648/1343/1006 457/1381/1006 456/1376/1006
f 1652/1342/1007 458/1382/1007 457/1381/1007
f 458/1382/1008 1639/1335/1008 459/1372/1008
f 1662/1383/1009 1665/1384/1009 1661/1385/1009
f 1663/1386/1010 1666/1387/1010 1662/1383/1010
f 1664/1388/1011 1667/1389/1011 1663/1386/1011
f 1666/1387/1012 1669/1390/1012 1665/1384/1012
f 1667/1389/1013 1670/1391/1013 1666/1387/1013
f 1668/1392/1014 1671/1393/1014 1667/1389/1014
f 1674/1394/1015 1677/1395/1015 1673/1396/1015
f 1675/1397/1016 1678/1398/1016 1674/1394/1016
f 1676/1399/1017 1679/1400/1017 1675/1397/1017
f 1678/1398/1018 1681/1401/1018 1677/1395/1018
f 1679/1400/1019 1682/1402/1019 1678/1398/1019
f 1680/1403/1020 1683/1404/1020 1679/1400/1020
f 1686/1405/1021 1689/1406/1021 1685/1407/1021
f 1687/1408/1022 1690/1409/1022 1686/1405/1022
f 1688/1410/1023 1691/1411/1023 1687/1408/1023
f 1690/1409/1024 1693/1412/1024 1689/1406/1024
f 1691/1411/1025 1694/1413/1025 1690/1409/1025
f 1692/1414/1026 1695/1415/1026 1691/1411/1026
f 1682/1402/1027 1664/1388/1027 1681/1401/1027
f 1683/1404/1028 1668/1392/1028 1682/1402/1028
f 1694/1413/1029 1676/1416/1029 1693/1412/1029
f 1695/1415/1030 1680/1417/1030 1694/1413/1030
f 1670/1391/1031 1688/1418/1031 1669/1390/1031
f 1671/1393/1032 1692/1419/1032 1670/1391/1032
f 1671/1393/1033 1660/1420/1033 1696/1421/1033
f 1683/1404/1034 1660/1420/1034 1672/1422/1034
f 1695/1415/1035 1660/1420/1035 1684/1423/1035
f 470/1424/1036 463/1425/1036 39/1312/1036
f 471/1426/1037 1661/1385/1037 470/1424/1037
f 472/1427/1038 1662/1383/1038 471/1426/1038
f 473/1428/1039 1663/1386/1039 472/1427/1039
f 1661/1385/1040 464/1429/1040 463/1425/1040
f 1665/1384/1041 465/1430/1041 464/1429/1041
f 1669/1390/1042 466/1431/1042 465/1430/1042
f 483/1432/1043 476/1433/1043 37/1303/1043
f 482/1434/1044 1673/1396/1044 483/1432/1044
f 481/1435/1045 1674/1394/1045 482/1434/1045
f 480/1436/1046 1675/1397/1046 481/1435/1046
f 1673/1396/1047 475/1304/1047 476/1433/1047
f 1677/1395/1048 474/1437/1048 475/1304/1048
f 1681/1401/1049 473/1438/1049 474/1437/1049
f 469/1439/1050 477/1440/1050 42/1369/1050
f 468/1441/1051 1685/1407/1051 469/1439/1051
f 467/1442/1052 1686/1405/1052 468/1441/1052
f 466/1443/1053 1687/1408/1053 467/1442/1053
f 1685/1407/1054 478/1444/1054 477/1440/1054
f 1689/1406/1055 479/1445/1055 478/1444/1055
f 1693/1412/1056 480/1446/1056 479/1445/1056
f 1699/1447/1057 1702/1448/1057 1698/1449/1057
f 1700/1450/1058 1703/1451/1058 1699/1447/1058
f 1701/1452/1059 1704/1453/1059 1700/1450/1059
f 1703/1451/1060 1706/1454/1060 1702/1448/1060
f 1704/1453/1061 1707/1455/1061 1703/1451/1061
f 1705/1456/1062 1708/1457/1062 1704/1453/1062
f 1711/1458/1063 1714/1459/1063 1710/1460/1063
f 1711/1458/1064 1716/1461/1064 1715/1462/1064
f 1712/1463/1065 1717/1464/1065 1716/1461/1065
f 1714/1459/1066 1719/1465/1066 1718/1466/1066
f 1715/1462/1067 1720/1467/1067 1719/1465/1067
f 1716/1461/1068 1721/1468/1068 1720/1467/1068
f 1723/1469/1069 1726/1470/1069 1722/1471/1069
f 1724/1472/1070 1727/1473/1070 1723/1469/1070
f 1725/1474/1071 1728/1475/1071 1724/1472/1071
f 1727/1473/1072 1730/1476/1072 1726/1470/1072
f 1728/1475/1073 1731/1477/1073 1727/1473/1073
f 1729/1478/1074 1732/1479/1074 1728/1475/1074
f 1718/1466/1075 1705/1480/1075 1701/1452/1075
f 1719/1465/1076 1709/1481/1076 1705/1480/1076
f 1731/1477/1077 1713/1482/1077 1730/1476/1077
f 1732/1479/1078 1717/1483/1078 1731/1477/1078
f 1707/1455/1079 1725/1484/1079 1706/1454/1079
f 1708/1457/1080 1729/1485/1080 1707/1455/1080
f 1708/1457/1081 1697/1486/1081 1733/1487/1081
f 1720/1467/1082 1697/1486/1082 1709/1481/1082
f 1732/1479/1083 1697/1486/1083 1721/1468/1083
f 427/1488/1084 483/1432/1084 37/1303/1084
f 426/1489/1085 1698/1449/1085 427/1488/1085
f 425/1490/1086 1699/1447/1086 426/1489/1086
f 424/1491/1087 1700/1450/1087 425/1490/1087
f 1698/1449/1088 482/1434/1088 483/1432/1088
f 1702/1448/1089 481/1435/1089 482/1434/1089
f 1706/1454/1090 480/1492/1090 481/1435/1090
f 252/1493/1091 421/1494/1091 10/1225/1091
f 251/1495/1092 1710/1460/1092 252/1493/1092
f 250/1496/1093 1711/1458/1093 251/1495/1093
f 250/1496/1094 1713/1497/1094 1712/1463/1094
f 1710/1460/1095 422/1498/1095 421/1494/1095
f 1714/1459/1096 423/1499/1096 422/1498/1096
f 423/1499/1097 1701/1452/1097 424/1491/1097
f 477/1500/1098 246/1501/1098 42/1369/1098
f 478/1502/1099 1722/1471/1099 477/1500/1099
f 479/1503/1100 1723/1469/1100 478/1502/1100
f 480/1446/1101 1724/1472/1101 479/1503/1101
f 1722/1471/1102 247/1504/1102 246/1501/1102
f 1726/1470/1103 248/1505/1103 247/1504/1103
f 1730/1476/1104 249/1506/1104 248/1505/1104
f 1736/1507/1105 1739/1508/1105 1735/1509/1105
f 1737/1510/1106 1740/1511/1106 1736/1507/1106
f 1738/1512/1107 1741/1513/1107 1737/1510/1107
f 1740/1511/1108 1743/1514/1108 1739/1508/1108
f 1741/1513/1109 1744/1515/1109 1740/1511/1109
f 1742/1516/1110 1745/1517/1110 1741/1513/1110
f 1748/1518/1111 1751/1519/1111 1747/1520/1111
f 1749/1521/1112 1752/1522/1112 1748/1518/1112
f 1750/1523/1113 1753/1524/1113 1749/1521/1113
f 1752/1522/1114 1755/1525/1114 1751/1519/1114
f 1753/1524/1115 1756/1526/1115 1752/1522/1115
f 1754/1527/1116 1757/1528/1116 1753/1524/1116
f 1760/1529/1117 1763/1530/1117 1759/1531/1117
f 1760/1529/1118 1765/1532/1118 1764/1533/1118
f 1761/1534/1119 1766/1535/1119 1765/1532/1119
f 1763/1530/1120 1768/1536/1120 1767/1537/1120
f 1764/1533/1121 1769/1538/1121 1768/1536/1121
f 1765/1532/1122 1770/1539/1122 1769/1538/1122
f 1756/1526/1123 1738/1540/1123 1755/1525/1123
f 1757/1528/1124 1742/1541/1124 1756/1526/1124
f 1767/1537/1125 1754/1542/1125 1750/1523/1125
f 1768/1536/1126 1758/1543/1126 1754/1542/1126
f 1744/1515/1127 1762/1544/1127 1743/1514/1127
f 1745/1517/1128 1766/1545/1128 1744/1515/1128
f 1745/1517/1129 1734/1546/1129 1770/1539/1129
f 1757/1528/1130 1734/1546/1130 1746/1547/1130
f 1769/1538/1131 1734/1546/1131 1758/1543/1131
f 484/1548/1132 462/1549/1132 42/1243/1132
f 485/1550/1133 1735/1509/1133 484/1548/1133
f 486/1551/1134 1736/1507/1134 485/1550/1134
f 487/1552/1135 1737/1510/1135 486/1551/1135
f 1735/1509/1136 461/1553/1136 462/1549/1136
f 1739/1508/1137 460/1554/1137 461/1553/1137
f 1743/1514/1138 459/1555/1138 460/1554/1138
f 455/1556/1139 490/1557/1139 41/1558/1139
f 454/1559/1140 1747/1520/1140 455/1556/1140
f 453/1560/1141 1748/1518/1141 454/1559/1141
f 452/1561/1142 1749/1521/1142 453/1560/1142
f 1747/1520/1143 489/1562/1143 490/1557/1143
f 1751/1519/1144 488/1563/1144 489/1562/1144
f 1755/1525/1145 487/1564/1145 488/1563/1145
f 456/1565/1146 449/1566/1146 12/1567/1146
f 457/1568/1147 1759/1531/1147 456/1565/1147
f 458/1569/1148 1760/1529/1148 457/1568/1148
f 458/1569/1149 1762/1570/1149 1761/1534/1149
f 1759/1531/1150 450/1571/1150 449/1566/1150
f 1763/1530/1151 451/1572/1151 450/1571/1151
f 451/1572/1152 1750/1523/1152 452/1561/1152
f 1773/1573/1153 1776/1574/1153 1772/1575/1153
f 1774/1576/1154 1777/1577/1154 1773/1573/1154
f 1775/1578/1155 1778/1579/1155 1774/1576/1155
f 1777/1577/1156 1780/1580/1156 1776/1574/1156
f 1778/1579/1157 1781/1581/1157 1777/1577/1157
f 1779/1582/1158 1782/1583/1158 1778/1579/1158
f 1785/1584/1159 1788/1585/1159 1784/1586/1159
f 1786/1587/1160 1789/1588/1160 1785/1584/1160
f 1787/1589/1161 1790/1590/1161 1786/1587/1161
f 1789/1588/1162 1792/1591/1162 1788/1585/1162
f 1790/1590/1163 1793/1592/1163 1789/1588/1163
f 1791/1593/1164 1794/1594/1164 1790/1590/1164
f 1797/1595/1165 1800/1596/1165 1796/1597/1165
f 1798/1598/1166 1801/1599/1166 1797/1595/1166
f 1799/1600/1167 1802/1601/1167 1798/1598/1167
f 1801/1599/1168 1804/1602/1168 1800/1596/1168
f 1802/1601/1169 1805/1603/1169 1801/1599/1169
f 1803/1604/1170 1806/1605/1170 1802/1601/1170
f 1793/1592/1171 1775/1606/1171 1792/1591/1171
f 1794/1594/1172 1779/1582/1172 1793/1592/1172
f 1805/1603/1173 1787/1607/1173 1804/1602/1173
f 1806/1605/1174 1791/1608/1174 1805/1603/1174
f 1781/1581/1175 1799/1600/1175 1780/1580/1175
f 1782/1583/1176 1803/1609/1176 1781/1581/1176
f 1782/1583/1177 1771/1610/1177 1807/1611/1177
f 1794/1594/1178 1771/1610/1178 1783/1612/1178
f 1806/1605/1179 1771/1610/1179 1795/1613/1179
f 491/1614/1180 484/1615/1180 42/1243/1180
f 492/1616/1181 1772/1575/1181 491/1614/1181
f 493/1617/1182 1773/1573/1182 492/1616/1182
f 494/1618/1183 1774/1576/1183 493/1617/1183
f 1772/1575/1184 485/1619/1184 484/1615/1184
f 1776/1574/1185 486/1620/1185 485/1619/1185
f 1780/1580/1186 487/1552/1186 486/1620/1186
f 504/1621/1187 497/1622/1187 36/1234/1187
f 503/1623/1188 1784/1586/1188 504/1621/1188
f 502/1624/1189 1785/1584/1189 503/1623/1189
f 501/1625/1190 1786/1587/1190 502/1624/1190
f 1784/1586/1191 496/1626/1191 497/1622/1191
f 1788/1585/1192 495/1627/1192 496/1626/1192
f 1792/1591/1193 494/1628/1193 495/1627/1193
f 490/1629/1194 498/1630/1194 41/1558/1194
f 489/1631/1195 1796/1597/1195 490/1629/1195
f 488/1632/1196 1797/1595/1196 489/1631/1196
f 487/1633/1197 1798/1598/1197 488/1632/1197
f 1796/1597/1198 499/1634/1198 498/1630/1198
f 1800/1596/1199 500/1635/1199 499/1634/1199
f 1804/1602/1200 501/1636/1200 500/1635/1200
f 1810/1637/1201 1813/1638/1201 1809/1639/1201
f 1811/1640/1202 1814/1641/1202 1810/1637/1202
f 1812/1642/1203 1815/1643/1203 1811/1640/1203
f 1814/1641/1204 1817/1644/1204 1813/1638/1204
f 1815/1643/1205 1818/1645/1205 1814/1641/1205
f 1816/1646/1206 1819/1647/1206 1815/1643/1206
f 1822/1648/1207 1825/1649/1207 1821/1650/1207
f 1822/1648/1208 1827/1651/1208 1826/1652/1208
f 1823/1653/1209 1828/1654/1209 1827/1651/1209
f 1825/1649/1210 1830/1655/1210 1829/1656/1210
f 1826/1652/1211 1831/1657/1211 1830/1655/1211
f 1827/1651/1212 1832/1658/1212 1831/1657/1212
f 1834/1659/1213 1837/1660/1213 1833/1661/1213
f 1835/1662/1214 1838/1663/1214 1834/1659/1214
f 1836/1664/1215 1839/1665/1215 1835/1662/1215
f 1838/1663/1216 1841/1666/1216 1837/1660/1216
f 1839/1665/1217 1842/1667/1217 1838/1663/1217
f 1840/1668/1218 1843/1669/1218 1839/1665/1218
f 1829/1656/1219 1816/1646/1219 1812/1670/1219
f 1830/1655/1220 1820/1671/1220 1816/1646/1220
f 1842/1667/1221 1824/1672/1221 1841/1666/1221
f 1843/1669/1222 1828/1673/1222 1842/1667/1222
f 1818/1645/1223 1836/1674/1223 1817/1644/1223
f 1819/1647/1224 1840/1668/1224 1818/1645/1224
f 1819/1647/1225 1808/1675/1225 1844/1676/1225
f 1831/1657/1226 1808/1675/1226 1820/1671/1226
f 1843/1669/1227 1808/1675/1227 1832/1658/1227
f 420/1677/1228 504/1621/1228 36/1234/1228
f 419/1678/1229 1809/1639/1229 420/1677/1229
f 418/1679/1230 1810/1637/1230 419/1678/1230
f 417/1680/1231 1811/1640/1231 418/1679/1231
f 1809/1639/1232 503/1623/1232 504/1621/1232
f 1813/1638/1233 502/1624/1233 503/1623/1233
f 1817/1644/1234 501/1625/1234 502/1624/1234
f 245/1681/1235 414/1682/1235 9/1156/1235
f 244/1683/1236 1821/1650/1236 245/1681/1236
f 243/1684/1237 1822/1648/1237 244/1683/1237
f 243/1684/1238 1824/1685/1238 1823/1653/1238
f 1821/1650/1239 415/1686/1239 414/1682/1239
f 1825/1649/1240 416/1687/1240 415/1686/1240
f 416/1687/1241 1812/1670/1241 417/1680/1241
f 498/1688/1242 239/1689/1242 41/1558/1242
f 499/1690/1243 1833/1661/1243 498/1688/1243
f 500/1635/1244 1834/1659/1244 499/1690/1244
f 501/1636/1245 1835/1662/1245 500/1635/1245
f 1833/1661/1246 240/1691/1246 239/1689/1246
f 1837/1660/1247 241/1692/1247 240/1691/1247
f 1841/1666/1248 242/1693/1248 241/1692/1248
f 1847/1694/1249 1850/1695/1249 1846/1696/1249
f 1848/1697/1250 1851/1698/1250 1847/1694/1250
f 1849/1699/1251 1852/1700/1251 1848/1697/1251
f 1851/1698/1252 1854/1701/1252 1850/1695/1252
f 1852/1700/1253 1855/1702/1253 1851/1698/1253
f 1853/1703/1254 1856/1704/1254 1852/1700/1254
f 1859/1705/1255 1862/1706/1255 1858/1707/1255
f 1860/1708/1256 1863/1709/1256 1859/1705/1256
f 1861/1710/1257 1864/1711/1257 1860/1708/1257
f 1863/1709/1258 1866/1712/1258 1862/1706/1258
f 1864/1711/1259 1867/1713/1259 1863/1709/1259
f 1865/1714/1260 1868/1715/1260 1864/1711/1260
f 1871/1716/1261 1874/1717/1261 1870/1718/1261
f 1871/1716/1262 1876/1719/1262 1875/1720/1262
f 1872/1721/1263 1877/1722/1263 1876/1719/1263
f 1874/1717/1264 1879/1723/1264 1878/1724/1264
f 1875/1720/1265 1880/1725/1265 1879/1723/1265
f 1876/1719/1266 1881/1726/1266 1880/1725/1266
f 1867/1713/1267 1849/1727/1267 1866/1712/1267
f 1868/1715/1268 1853/1728/1268 1867/1713/1268
f 1878/1724/1269 1865/1729/1269 1861/1730/1269
f 1879/1723/1270 1869/1731/1270 1865/1729/1270
f 1855/1702/1271 1873/1732/1271 1854/1701/1271
f 1856/1704/1272 1877/1733/1272 1855/1702/1272
f 1856/1704/1273 1845/1734/1273 1881/1726/1273
f 1868/1715/1274 1845/1734/1274 1857/1735/1274
f 1880/1725/1275 1845/1734/1275 1869/1731/1275
f 505/1736/1276 455/1737/1276 41/1174/1276
f 506/1738/1277 1846/1696/1277 505/1736/1277
f 507/1739/1278 1847/1694/1278 506/1738/1278
f 508/1740/1279 1848/1697/1279 507/1739/1279
f 1846/1696/1280 454/1741/1280 455/1737/1280
f 1850/1695/1281 453/1742/1281 454/1741/1281
f 1854/1701/1282 452/1743/1282 453/1742/1282
f 448/1744/1283 511/1745/1283 40/1746/1283
f 447/1747/1284 1858/1707/1284 448/1744/1284
f 446/1748/1285 1859/1705/1285 447/1747/1285
f 445/1749/1286 1860/1708/1286 446/1748/1286
f 1858/1707/1287 510/1750/1287 511/1745/1287
f 1862/1706/1288 509/1751/1288 510/1750/1288
f 1866/1712/1289 508/1740/1289 509/1751/1289
f 449/1752/1290 442/1753/1290 12/1754/1290
f 450/1755/1291 1870/1718/1291 449/1752/1291
f 451/1756/1292 1871/1716/1292 450/1755/1292
f 451/1756/1293 1873/1757/1293 1872/1721/1293
f 1870/1718/1294 443/1758/1294 442/1753/1294
f 1874/1717/1295 444/1759/1295 443/1758/1295
f 444/1759/1296 1861/1730/1296 445/1749/1296
f 1884/1760/1297 1887/1761/1297 1883/1762/1297
f 1885/1763/1298 1888/1764/1298 1884/1760/1298
f 1886/1765/1299 1889/1766/1299 1885/1763/1299
f 1888/1764/1300 1891/1767/1300 1887/1761/1300
f 1889/1766/1301 1892/1768/1301 1888/1764/1301
f 1890/1769/1302 1893/1770/1302 1889/1766/1302
f 1896/1771/1303 1899/1772/1303 1895/1773/1303
f 1897/1774/1304 1900/1775/1304 1896/1771/1304
f 1898/1776/1305 1901/1777/1305 1897/1774/1305
f 1900/1775/1306 1903/1778/1306 1899/1772/1306
f 1901/1777/1307 1904/1779/1307 1900/1775/1307
f 1902/1780/1308 1905/1781/1308 1901/1777/1308
f 1908/1782/1309 1911/1783/1309 1907/1784/1309
f 1909/1785/1310 1912/1786/1310 1908/1782/1310
f 1910/1787/1311 1913/1788/1311 1909/1785/1311
f 1912/1786/1312 1915/1789/1312 1911/1783/1312
f 1913/1788/1313 1916/1790/1313 1912/1786/1313
f 1914/1791/1314 1917/1792/1314 1913/1788/1314
f 1904/1779/1315 1886/1793/1315 1903/1778/1315
f 1905/1781/1316 1890/1794/1316 1904/1779/1316
f 1916/1790/1317 1898/1795/1317 1915/1789/1317
f 1917/1792/1318 1902/1796/1318 1916/1790/1318
f 1892/1768/1319 1910/1797/1319 1891/1767/1319
f 1893/1770/1320 1914/1791/1320 1892/1768/1320
f 1893/1770/1321 1882/1798/1321 1918/1799/1321
f 1905/1781/1322 1882/1798/1322 1894/1800/1322
f 1917/1792/1323 1882/1798/1323 1906/1801/1323
f 512/1802/1324 505/1803/1324 41/1174/1324
f 513/1178/1325 1883/1762/1325 512/1802/1325
f 514/1804/1326 1884/1760/1326 513/1178/1326
f 515/1805/1327 1885/1763/1327 514/1804/1327
f 1883/1762/1328 506/1806/1328 505/1803/1328
f 1887/1761/1329 507/1739/1329 506/1806/1329
f 1891/1767/1330 508/1807/1330 507/1739/1330
f 525/1808/1331 518/1809/1331 35/1165/1331
f 524/1810/1332 1895/1773/1332 525/1808/1332
f 523/1811/1333 1896/1771/1333 524/1810/1333
f 522/1812/1334 1897/1774/1334 523/1811/1334
f 1895/1773/1335 517/1166/1335 518/1809/1335
f 1899/1772/1336 516/1813/1336 517/1166/1336
f 1903/1778/1337 515/1814/1337 516/1813/1337
f 511/1815/1338 519/1816/1338 40/1746/1338
f 510/1817/1339 1907/1784/1339 511/1815/1339
f 509/1818/1340 1908/1782/1340 510/1817/1340
f 508/1819/1341 1909/1785/1341 509/1818/1341
f 1907/1784/1342 520/1820/1342 519/1816/1342
f 1911/1783/1343 521/1821/1343 520/1820/1343
f 1915/1789/1344 522/1822/1344 521/1821/1344
f 1921/1823/1345 1924/1824/1345 1920/1825/1345
f 1922/1826/1346 1925/1827/1346 1921/1823/1346
f 1923/1828/1347 1926/1829/1347 1922/1826/1347
f 1925/1827/1348 1928/1830/1348 1924/1824/1348
f 1926/1829/1349 1929/1831/1349 1925/1827/1349
f 1927/1832/1350 1930/1833/1350 1926/1829/1350
f 1933/1834/1351 1936/1835/1351 1932/1836/1351
f 1933/1834/1352 1938/1837/1352 1937/1838/1352
f 1934/1839/1353 1939/1840/1353 1938/1837/1353
f 1936/1835/1354 1941/1841/1354 1940/1842/1354
f 1937/1838/1355 1942/1843/1355 1941/1841/1355
f 1938/1837/1356 1943/1844/1356 1942/1843/1356
f 1945/1845/1357 1948/1846/1357 1944/1847/1357
f 1946/1848/1358 1949/1849/1358 1945/1845/1358
f 1947/1850/1359 1950/1851/1359 1946/1848/1359
f 1949/1849/1360 1952/1852/1360 1948/1846/1360
f 1950/1851/1361 1953/1853/1361 1949/1849/1361
f 1951/1854/1362 1954/1855/1362 1950/1851/1362
f 1940/1842/1363 1927/1832/1363 1923/1828/1363
f 1941/1841/1364 1931/1856/1364 1927/1832/1364
f 1953/1853/1365 1935/1857/1365 1952/1852/1365
f 1954/1855/1366 1939/1858/1366 1953/1853/1366
f 1929/1831/1367 1947/1850/1367 1928/1830/1367
f 1930/1833/1368 1951/1859/1368 1929/1831/1368
f 1930/1833/1369 1919/1860/1369 1955/1861/1369
f 1942/1843/1370 1919/1860/1370 1931/1856/1370
f 1954/1855/1371 1919/1860/1371 1943/1844/1371
f 413/1862/1372 525/1863/1372 35/1165/1372
f 412/1864/1373 1920/1825/1373 413/1862/1373
f 411/1865/1374 1921/1823/1374 412/1864/1374
f 410/1866/1375 1922/1826/1375 411/1865/1375
f 1920/1825/1376 524/1867/1376 525/1863/1376
f 1924/1824/1377 523/1868/1377 524/1867/1377
f 1928/1830/1378 522/1869/1378 523/1868/1378
f 238/1870/1379 407/1871/1379 8/1872/1379
f 237/1873/1380 1932/1836/1380 238/1870/1380
f 236/1874/1381 1933/1834/1381 237/1873/1381
f 236/1874/1382 1935/1875/1382 1934/1839/1382
f 1932/1836/1383 408/1876/1383 407/1871/1383
f 1936/1835/1384 409/1877/1384 408/1876/1384
f 409/1877/1385 1923/1828/1385 410/1866/1385
f 519/1878/1386 232/1879/1386 40/1746/1386
f 520/1880/1387 1944/1847/1387 519/1878/1387
f 521/1821/1388 1945/1845/1388 520/1880/1388
f 522/1881/1389 1946/1848/1389 521/1821/1389
f 1944/1847/1390 233/1882/1390 232/1879/1390
f 1948/1846/1391 234/1883/1391 233/1882/1391
f 1952/1852/1392 235/1884/1392 234/1883/1392
f 1958/1885/1393 1961/1886/1393 1957/1887/1393
f 1959/1888/1394 1962/1889/1394 1958/1885/1394
f 1960/1890/1395 1963/1891/1395 1959/1888/1395
f 1962/1889/1396 1965/1892/1396 1961/1886/1396
f 1963/1891/1397 1966/1893/1397 1962/1889/1397
f 1964/1894/1398 1967/1895/1398 1963/1891/1398
f 1970/1896/1399 1973/1897/1399 1969/1898/1399
f 1971/1899/1400 1974/1900/1400 1970/1896/1400
f 1972/1901/1401 1975/1902/1401 1971/1899/1401
f 1974/1900/1402 1977/1903/1402 1973/1897/1402
f 1975/1902/1403 1978/1904/1403 1974/1900/1403
f 1976/1905/1404 1979/1906/1404 1975/1902/1404
f 1982/1907/1405 1985/1908/1405 1981/1909/1405
f 1982/1907/1406 1987/1910/1406 1986/1911/1406
f 1983/1912/1407 1988/1913/1407 1987/1910/1407
f 1985/1908/1408 1990/1914/1408 1989/1915/1408
f 1986/1911/1409 1991/1916/1409 1990/1914/1409
f 1987/1910/1410 1992/1917/1410 1991/1916/1410
f 1978/1904/1411 1960/1918/1411 1977/1903/1411
f 1979/1906/1412 1964/1919/1412 1978/1904/1412
f 1989/1915/1413 1976/1920/1413 1972/1921/1413
f 1990/1914/1414 1980/1922/1414 1976/1920/1414
f 1966/1893/1415 1984/1923/1415 1965/1892/1415
f 1967/1895/1416 1988/1924/1416 1966/1893/1416
f 1967/1895/1417 1956/1925/1417 1992/1917/1417
f 1979/1906/1418 1956/1925/1418 1968/1926/1418
f 1991/1916/1419 1956/1925/1419 1980/1922/1419
f 526/1927/1420 448/1928/1420 40/1106/1420
f 527/1929/1421 1957/1887/1421 526/1927/1421
f 528/1930/1422 1958/1885/1422 527/1929/1422
f 529/1931/1423 1959/1888/1423 528/1930/1423
f 1957/1887/1424 447/1932/1424 448/1928/1424
f 1961/1886/1425 446/1933/1425 447/1932/1425
f 1965/1892/1426 445/1934/1426 446/1933/1426
f 434/1935/1427 532/1936/1427 38/1937/1427
f 433/1938/1428 1969/1898/1428 434/1935/1428
f 432/1939/1429 1970/1896/1429 433/1938/1429
f 431/1940/1430 1971/1899/1430 432/1939/1430
f 1969/1898/1431 531/1941/1431 532/1936/1431
f 1973/1897/1432 530/1942/1432 531/1941/1432
f 1977/1903/1433 529/1931/1433 530/1942/1433
f 442/1943/1434 428/1944/1434 12/1945/1434
f 443/1946/1435 1981/1909/1435 442/1943/1435
f 444/1947/1436 1982/1907/1436 443/1946/1436
f 444/1947/1437 1984/1948/1437 1983/1912/1437
f 1981/1909/1438 429/1949/1438 428/1944/1438
f 1985/1908/1439 430/1950/1439 429/1949/1439
f 430/1950/1440 1972/1921/1440 431/1951/1440
f 1995/1952/1441 1998/1953/1441 1994/1954/1441
f 1996/1955/1442 1999/1956/1442 1995/1952/1442
f 1997/1957/1443 2000/1958/1443 1996/1955/1443
f 1999/1956/1444 2002/1959/1444 1998/1953/1444
f 2000/1958/1445 2003/1960/1445 1999/1956/1445
f 2001/1961/1446 2004/1962/1446 2000/1958/1446
f 2007/1963/1447 2010/1964/1447 2006/1965/1447
f 2008/1966/1448 2011/1967/1448 2007/1963/1448
f 2009/1968/1449 2012/1969/1449 2008/1966/1449
f 2011/1967/1450 2014/1970/1450 2010/1964/1450
f 2012/1969/1451 2015/1971/1451 2011/1967/1451
f 2013/1972/1452 2016/1973/1452 2012/1969/1452
f 2019/1974/1453 2022/1975/1453 2018/1976/1453
f 2020/1977/1454 2023/1978/1454 2019/1974/1454
f 2021/1979/1455 2024/1980/1455 2020/1977/1455
f 2023/1978/1456 2026/1981/1456 2022/1975/1456
f 2024/1980/1457 2027/1982/1457 2023/1978/1457
f 2025/1983/1458 2028/1984/1458 2024/1980/1458
f 2015/1971/1459 1997/1985/1459 2014/1970/1459
f 2016/1973/1460 2001/1961/1460 2015/1971/1460
f 2027/1982/1461 2009/1986/1461 2026/1981/1461
f 2028/1984/1462 2013/1987/1462 2027/1982/1462
f 2003/1960/1463 2021/1979/1463 2002/1959/1463
f 2004/1962/1464 2025/1983/1464 2003/1960/1464
f 2004/1962/1465 1993/1988/1465 2029/1989/1465
f 2016/1973/1466 1993/1988/1466 2005/1990/1466
f 2028/1984/1467 1993/1988/1467 2017/1991/1467
f 533/1992/1468 526/1993/1468 40/1106/1468
f 534/1110/1469 1994/1954/1469 533/1992/1469
f 535/1994/1470 1995/1952/1470 534/1110/1470
f 536/1995/1471 1996/1955/1471 535/1994/1471
f 1994/1954/1472 527/1996/1472 526/1993/1472
f 1998/1953/1473 528/1930/1473 527/1996/1473
f 2002/1959/1474 529/1931/1474 528/1930/1474
f 546/1997/1475 539/1998/1475 34/1097/1475
f 545/1999/1476 2006/1965/1476 546/1997/1476
f 544/2000/1477 2007/1963/1477 545/1999/1477
f 543/2001/1478 2008/1966/1478 544/2000/1478
f 2006/1965/1479 538/2002/1479 539/1998/1479
f 2010/1964/1480 537/2003/1480 538/2002/1480
f 2014/1970/1481 536/2004/1481 537/2003/1481
f 532/2005/1482 540/2006/1482 38/1937/1482
f 531/2007/1483 2018/1976/1483 532/2005/1483
f 530/2008/1484 2019/1974/1484 531/2007/1484
f 529/2009/1485 2020/1977/1485 530/2008/1485
f 2018/1976/1486 541/2010/1486 540/2006/1486
f 2022/1975/1487 542/2011/1487 541/2010/1487
f 2026/1981/1488 543/2012/1488 542/2011/1488
f 2032/2013/1489 2035/2014/1489 2031/2015/1489
f 2033/2016/1490 2036/2017/1490 2032/2013/1490
f 2034/2018/1491 2037/2019/1491 2033/2016/1491
f 2036/2017/1492 2039/2020/1492 2035/2014/1492
f 2037/2019/1493 2040/2021/1493 2036/2017/1493
f 2038/2022/1494 2041/2023/1494 2037/2019/1494
f 2044/2024/1495 2047/2025/1495 2043/2026/1495
f 2044/2024/1496 2049/2027/1496 2048/2028/1496
f 2045/2029/1497 2050/2030/1497 2049/2027/1497
f 2047/2025/1498 2052/2031/1498 2051/2032/1498
f 2048/2028/1499 2053/2033/1499 2052/2031/1499
f 2049/2027/1500 2054/2034/1500 2053/2033/1500
f 2056/2035/1501 2059/2036/1501 2055/2037/1501
f 2057/2038/1502 2060/2039/1502 2056/2035/1502
f 2058/2040/1503 2061/2041/1503 2057/2038/1503
f 2060/2039/1504 2063/2042/1504 2059/2036/1504
f 2061/2041/1505 2064/2043/1505 2060/2039/1505
f 2062/2044/1506 2065/2045/1506 2061/2041/1506
f 2051/2032/1507 2038/2046/1507 2034/2018/1507
f 2052/2031/1508 2042/2047/1508 2038/2046/1508
f 2064/2043/1509 2046/2048/1509 2063/2042/1509
f 2065/2045/1510 2050/2049/1510 2064/2043/1510
f 2040/2021/1511 2058/2050/1511 2039/2020/1511
f 2041/2023/1512 2062/2044/1512 2040/2021/1512
f 2041/2023/1513 2030/2051/1513 2066/2052/1513
f 2053/2033/1514 2030/2051/1514 2042/2047/1514
f 2065/2045/1515 2030/2051/1515 2054/2034/1515
f 406/2053/1516 546/2054/1516 34/1097/1516
f 405/2055/1517 2031/2015/1517 406/2053/1517
f 404/2056/1518 2032/2013/1518 405/2055/1518
f 403/2057/1519 2033/2016/1519 404/2056/1519
f 2031/2015/1520 545/2058/1520 546/2054/1520
f 2035/2014/1521 544/2000/1521 545/2058/1521
f 2039/2020/1522 543/2059/1522 544/2000/1522
f 224/2060/1523 400/2061/1523 7/1021/1523
f 223/2062/1524 2043/2026/1524 224/2060/1524
f 222/2063/1525 2044/2024/1525 223/2062/1525
f 222/2063/1526 2046/2064/1526 2045/2029/1526
f 2043/2026/1527 401/2065/1527 400/2061/1527
f 2047/2025/1528 402/2066/1528 401/2065/1528
f 402/2066/1529 2034/2018/1529 403/2067/1529
f 540/2068/1530 218/2069/1530 38/1937/1530
f 541/2070/1531 2055/2037/1531 540/2068/1531
f 542/2071/1532 2056/2035/1532 541/2070/1532
f 543/2072/1533 2057/2038/1533 542/2071/1533
f 2055/2037/1534 219/2073/1534 218/2069/1534
f 2059/2036/1535 220/2074/1535 219/2073/1535
f 2063/2042/1536 221/2075/1536 220/2074/1536
f 2069/2076/1537 2072/2077/1537 2068/2078/1537
f 2070/2079/1538 2073/2080/1538 2069/2076/1538
f 2071/2081/1539 2074/2082/1539 2070/2079/1539
f 2073/2080/1540 2076/2083/1540 2072/2077/1540
f 2074/2082/1541 2077/2084/1541 2073/2080/1541
f 2075/2085/1542 2078/2086/1542 2074/2082/1542
f 2081/2087/1543 2084/2088/1543 2080/2089/1543
f 2082/2090/1544 2085/2091/1544 2081/2087/1544
f 2083/2092/1545 2086/2093/1545 2082/2090/1545
f 2085/2091/1546 2088/2094/1546 2084/2088/1546
f 2086/2093/1547 2089/2095/1547 2085/2091/1547
f 2087/2096/1548 2090/2097/1548 2086/2093/1548
f 2093/2098/1549 2096/2099/1549 2092/2100/1549
f 2093/2098/1550 2098/2101/1550 2097/2102/1550
f 2094/2103/1551 2099/2104/1551 2098/2101/1551
f 2096/2099/1552 2101/2105/1552 2100/2106/1552
f 2097/2102/1553 2102/2107/1553 2101/2105/1553
f 2098/2101/1554 2103/2108/1554 2102/2107/1554
f 2089/2095/1555 2071/2109/1555 2088/2094/1555
f 2090/2097/1556 2075/2110/1556 2089/2095/1556
f 2100/2106/1557 2087/2111/1557 2083/2112/1557
f 2101/2105/1558 2091/2113/1558 2087/2111/1558
f 2077/2084/1559 2095/2114/1559 2076/2083/1559
f 2078/2086/1560 2099/2115/1560 2077/2084/1560
f 2078/2086/1561 2067/2116/1561 2103/2108/1561
f 2090/2097/1562 2067/2116/1562 2079/2117/1562
f 2102/2107/1563 2067/2116/1563 2091/2113/1563
f 547/2118/1564 434/2119/1564 38/1039/1564
f 548/2120/1565 2068/2078/1565 547/2118/1565
f 549/2121/1566 2069/2076/1566 548/2120/1566
f 550/2122/1567 2070/2079/1567 549/2121/1567
f 2068/2078/1568 433/2123/1568 434/2119/1568
f 2072/2077/1569 432/2124/1569 433/2123/1569
f 2076/2083/1570 431/2125/1570 432/2124/1570
f 225/2126/1571 553/2127/1571 39/2128/1571
f 226/2129/1572 2080/2089/1572 225/2126/1572
f 227/2130/1573 2081/2087/1573 226/2129/1573
f 228/2131/1574 2082/2090/1574 227/2130/1574
f 2080/2089/1575 552/2132/1575 553/2127/1575
f 2084/2088/1576 551/2133/1576 552/2132/1576
f 2088/2094/1577 550/2122/1577 551/2133/1577
f 428/2134/1578 231/2135/1578 12/2136/1578
f 429/2137/1579 2092/2100/1579 428/2134/1579
f 430/2138/1580 2093/2098/1580 429/2137/1580
f 430/2138/1581 2095/2114/1581 2094/2103/1581
f 2092/2100/1582 230/2139/1582 231/2135/1582
f 2096/2099/1583 229/2140/1583 230/2139/1583
f 229/2140/1584 2083/2112/1584 228/2131/1584
f 2106/2141/1585 2109/2142/1585 2105/2143/1585
f 2107/2144/1586 2110/2145/1586 2106/2141/1586
f 2108/2146/1587 2111/2147/1587 2107/2144/1587
f 2110/2145/1588 2113/2148/1588 2109/2142/1588
f 2111/2147/1589 2114/2149/1589 2110/2145/1589
f 2112/2150/1590 2115/2151/1590 2111/2147/1590
f 2118/2152/1591 2121/2153/1591 2117/2154/1591
f 2119/2155/1592 2122/2156/1592 2118/2152/1592
f 2120/2157/1593 2123/2158/1593 2119/2155/1593
f 2122/2156/1594 2125/2159/1594 2121/2153/1594
f 2123/2158/1595 2126/2160/1595 2122/2156/1595
f 2124/2161/1596 2127/2162/1596 2123/2158/1596
f 2130/2163/1597 2133/2164/1597 2129/2165/1597
f 2131/2166/1598 2134/2167/1598 2130/2163/1598
f 2132/2168/1599 2135/2169/1599 2131/2166/1599
f 2134/2167/1600 2137/2170/1600 2133/2164/1600
f 2135/2169/1601 2138/2171/1601 2134/2167/1601
f 2136/2172/1602 2139/2173/1602 2135/2169/1602
f 2126/2160/1603 2108/2174/1603 2125/2159/1603
f 2127/2162/1604 2112/2150/1604 2126/2160/1604
f 2138/2171/1605 2120/2175/1605 2137/2170/1605
f 2139/2173/1606 2124/2176/1606 2138/2171/1606
f 2114/2149/1607 2132/2168/1607 2113/2148/1607
f 2115/2151/1608 2136/2177/1608 2114/2149/1608
f 2115/2151/1609 2104/2178/1609 2140/2179/1609
f 2127/2162/1610 2104/2178/1610 2116/2180/1610
f 2139/2173/1611 2104/2178/1611 2128/2181/1611
f 554/2182/1612 547/2183/1612 38/1039/1612
f 555/1043/1613 2105/2143/1613 554/2182/1613
f 556/2184/1614 2106/2141/1614 555/1043/1614
f 557/1033/1615 2107/2144/1615 556/2184/1615
f 2105/2143/1616 548/2185/1616 547/2183/1616
f 2109/2142/1617 549/2186/1617 548/2185/1617
f 2113/2148/1618 550/2122/1618 549/2186/1618
f 567/2187/1619 560/2188/1619 33/1030/1619
f 566/2189/1620 2117/2154/1620 567/2187/1620
f 565/2190/1621 2118/2152/1621 566/2189/1621
f 564/2191/1622 2119/2155/1622 565/2190/1622
f 2117/2154/1623 559/1031/1623 560/2188/1623
f 2121/2153/1624 558/2192/1624 559/1031/1624
f 2125/2159/1625 557/2193/1625 558/2192/1625
f 553/2194/1626 561/2195/1626 39/2128/1626
f 552/2196/1627 2129/2165/1627 553/2194/1627
f 551/2197/1628 2130/2163/1628 552/2196/1628
f 550/2198/1629 2131/2166/1629 551/2197/1629
f 2129/2165/1630 562/2199/1630 561/2195/1630
f 2133/2164/1631 563/2200/1631 562/2199/1631
f 2137/2170/1632 564/2201/1632 563/2200/1632
f 2143/2202/1633 2146/2203/1633 2142/2204/1633
f 2144/2205/1634 2147/2206/1634 2143/2202/1634
f 2145/2207/1635 2148/2208/1635 2144/2205/1635
f 2147/2206/1636 2150/2209/1636 2146/2203/1636
f 2148/2208/1637 2151/2210/1637 2147/2206/1637
f 2149/2211/1638 2152/2212/1638 2148/2208/1638
f 2155/2213/1639 2158/2214/1639 2154/2215/1639
f 2155/2213/1640 2160/2216/1640 2159/2217/1640
f 2156/2218/1641 2161/2219/1641 2160/2216/1641
f 2158/2214/1642 2163/2220/1642 2162/2221/1642
f 2159/2217/1643 2164/2222/1643 2163/2220/1643
f 2160/2216/1644 2165/2223/1644 2164/2222/1644
f 2167/2224/1645 2170/2225/1645 2166/2226/1645
f 2168/2227/1646 2171/2228/1646 2167/2224/1646
f 2169/2229/1647 2172/2230/1647 2168/2227/1647
f 2171/2228/1648 2174/2231/1648 2170/2225/1648
f 2172/2230/1649 2175/2232/1649 2171/2228/1649
f 2173/2233/1650 2176/2234/1650 2172/2230/1650
f 2162/2221/1651 2149/2211/1651 2145/2207/1651
f 2163/2220/1652 2153/2235/1652 2149/2211/1652
f 2175/2232/1653 2157/2236/1653 2174/2231/1653
f 2176/2234/1654 2161/2237/1654 2175/2232/1654
f 2151/2210/1655 2169/2238/1655 2150/2209/1655
f 2152/2212/1656 2173/2239/1656 2151/2210/1656
f 2152/2212/1657 2141/2240/1657 2177/2241/1657
f 2164/2222/1658 2141/2240/1658 2153/2235/1658
f 2176/2234/1659 2141/2240/1659 2165/2223/1659
f 399/2242/1660 567/2187/1660 33/1030/1660
f 398/2243/1661 2142/2204/1661 399/2242/1661
f 397/2244/1662 2143/2202/1662 398/2243/1662
f 396/2245/1663 2144/2205/1663 397/2244/1663
f 2142/2204/1664 566/2246/1664 567/2187/1664
f 2146/2203/1665 565/2247/1665 566/2246/1665
f 2150/2209/1666 564/2248/1666 565/2247/1666
f 435/2249/1667 393/2250/1667 11/1294/1667
f 436/2251/1668 2154/2215/1668 435/2249/1668
f 437/2252/1669 2155/2213/1669 436/2251/1669
f 437/2252/1670 2157/2253/1670 2156/2218/1670
f 2154/2215/1671 394/2254/1671 393/2250/1671
f 2158/2214/1672 395/2255/1672 394/2254/1672
f 395/2255/1673 2145/2207/1673 396/2256/1673
f 561/2257/1674 441/2258/1674 39/2128/1674
f 562/2259/1675 2166/2226/1675 561/2257/1675
f 563/2260/1676 2167/2224/1676 562/2259/1676
f 564/2201/1677 2168/2227/1677 563/2260/1677
f 2166/2226/1678 440/2261/1678 441/2258/1678
f 2170/2225/1679 439/2262/1679 440/2261/1679
f 2174/2231/1680 438/2263/1680 439/2262/1680
f 2180/2264/1681 2183/2265/1681 2179/2266/1681
f 2181/2267/1682 2184/2268/1682 2180/2264/1682
f 2182/2269/1683 2185/2270/1683 2181/2267/1683
f 2184/2268/1684 2187/2271/1684 2183/2265/1684
f 2185/2270/1685 2188/2272/1685 2184/2268/1685
f 2186/2273/1686 2189/2274/1686 2185/2270/1686
f 2192/2275/1687 2195/2276/1687 2191/2277/1687
f 2193/2278/1688 2196/2279/1688 2192/2275/1688
f 2194/2280/1689 2197/2281/1689 2193/2278/1689
f 2196/2279/1690 2199/2282/1690 2195/2276/1690
f 2197/2281/1691 2200/2283/1691 2196/2279/1691
f 2198/2284/1692 2201/2285/1692 2197/2281/1692
f 2204/2286/1693 2207/2287/1693 2203/2288/1693
f 2204/2286/1694 2209/2289/1694 2208/2290/1694
f 2205/2291/1695 2210/2292/1695 2209/2289/1695
f 2207/2287/1696 2212/2293/1696 2211/2294/1696
f 2208/2290/1697 2213/2295/1697 2212/2293/1697
f 2209/2289/1698 2214/2296/1698 2213/2295/1698
f 2200/2283/1699 2182/2297/1699 2199/2282/1699
f 2201/2285/1700 2186/2298/1700 2200/2283/1700
f 2211/2294/1701 2198/2299/1701 2194/2300/1701
f 2212/2293/1702 2202/2301/1702 2198/2299/1702
f 2188/2272/1703 2206/2302/1703 2187/2271/1703
f 2189/2274/1704 2210/2303/1704 2188/2272/1704
f 2189/2274/1705 2178/2304/1705 2214/2296/1705
f 2201/2285/1706 2178/2304/1706 2190/2305/1706
f 2213/2295/1707 2178/2304/1707 2202/2301/1707
f 568/2306/1708 120/2307/1708 24/971/1708
f 569/2308/1709 2179/2266/1709 568/2306/1709
f 570/2309/1710 2180/2264/1710 569/2308/1710
f 571/2310/1711 2181/2267/1711 570/2309/1711
f 2179/2266/1712 121/2311/1712 120/2307/1712
f 2183/2265/1713 122/2312/1713 121/2311/1713
f 2187/2271/1714 123/2313/1714 122/2312/1714
f 211/1302/1715 574/2314/1715 37/1303/1715
f 212/1307/1716 2191/2277/1716 211/1302/1716
f 213/1308/1717 2192/2275/1717 212/1307/1717
f 214/2315/1718 2193/2278/1718 213/1308/1718
f 2191/2277/1719 573/2316/1719 574/2314/1719
f 2195/2276/1720 572/2317/1720 573/2316/1720
f 2199/2282/1721 571/2318/1721 572/2317/1721
f 126/2319/1722 217/2320/1722 11/1294/1722
f 125/2321/1723 2203/2288/1723 126/2319/1723
f 124/2322/1724 2204/2286/1724 125/2321/1724
f 124/2322/1725 2206/2323/1725 2205/2291/1725
f 2203/2288/1726 216/2324/1726 217/2320/1726
f 2207/2287/1727 215/2325/1727 216/2324/1727
f 215/2325/1728 2194/2300/1728 214/2326/1728
f 2217/2327/1729 2220/2328/1729 2216/2329/1729
f 2218/2330/1730 2221/2331/1730 2217/2327/1730
f 2219/2332/1731 2222/2333/1731 2218/2330/1731
f 2221/2331/1732 2224/2334/1732 2220/2328/1732
f 2222/2333/1733 2225/2335/1733 2221/2331/1733
f 2223/2336/1734 2226/2337/1734 2222/2333/1734
f 2229/2338/1735 2232/2339/1735 2228/2340/1735
f 2230/2341/1736 2233/2342/1736 2229/2338/1736
f 2231/2343/1737 2234/2344/1737 2230/2341/1737
f 2233/2342/1738 2236/2345/1738 2232/2339/1738
f 2234/2344/1739 2237/2346/1739 2233/2342/1739
f 2235/2347/1740 2238/2348/1740 2234/2344/1740
f 2241/2349/1741 2244/2350/1741 2240/2351/1741
f 2242/2352/1742 2245/2353/1742 2241/2349/1742
f 2243/2354/1743 2246/2355/1743 2242/2352/1743
f 2245/2353/1744 2248/2356/1744 2244/2350/1744
f 2246/2355/1745 2249/2357/1745 2245/2353/1745
f 2247/2358/1746 2250/2359/1746 2246/2355/1746
f 2237/2346/1747 2219/2360/1747 2236/2345/1747
f 2238/2348/1748 2223/2361/1748 2237/2346/1748
f 2249/2357/1749 2231/2343/1749 2248/2356/1749
f 2250/2359/1750 2235/2362/1750 2249/2357/1750
f 2225/2335/1751 2243/2363/1751 2224/2334/1751
f 2226/2337/1752 2247/2358/1752 2225/2335/1752
f 2226/2337/1753 2215/2364/1753 2251/2365/1753
f 2238/2348/1754 2215/2364/1754 2227/2366/1754
f 2250/2359/1755 2215/2364/1755 2239/2367/1755
f 575/2368/1756 568/2306/1756 24/971/1756
f 576/2369/1757 2216/2329/1757 575/2368/1757
f 577/2370/1758 2217/2327/1758 576/2369/1758
f 578/2371/1759 2218/2330/1759 577/2370/1759
f 2216/2329/1760 569/2372/1760 568/2306/1760
f 2220/2328/1761 570/2309/1761 569/2372/1761
f 2224/2334/1762 571/2373/1762 570/2309/1762
f 588/2374/1763 581/962/1763 31/655/1763
f 587/2375/1764 2228/2340/1764 588/2374/1764
f 586/2376/1765 2229/2338/1765 587/2375/1765
f 585/2377/1766 2230/2341/1766 586/2376/1766
f 2228/2340/1767 580/2378/1767 581/962/1767
f 2232/2339/1768 579/2379/1768 580/2378/1768
f 2236/2345/1769 578/2380/1769 579/2379/1769
f 574/2381/1770 582/2382/1770 37/1303/1770
f 573/2383/1771 2240/2351/1771 574/2381/1771
f 572/2384/1772 2241/2349/1772 573/2383/1772
f 571/2373/1773 2242/2352/1773 572/2384/1773
f 2240/2351/1774 583/2385/1774 582/2382/1774
f 2244/2350/1775 584/2386/1775 583/2385/1775
f 2248/2356/1776 585/2387/1776 584/2386/1776
f 2254/2388/1777 2257/2389/1777 2253/2390/1777
f 2255/2391/1778 2258/2392/1778 2254/2388/1778
f 2256/2393/1779 2259/2394/1779 2255/2391/1779
f 2258/2392/1780 2261/2395/1780 2257/2389/1780
f 2259/2394/1781 2262/2396/1781 2258/2392/1781
f 2260/2397/1782 2263/2398/1782 2259/2394/1782
f 2266/2399/1783 2269/2400/1783 2265/2401/1783
f 2266/2399/1784 2271/2402/1784 2270/2403/1784
f 2267/2404/1785 2272/2405/1785 2271/2402/1785
f 2269/2400/1786 2274/2406/1786 2273/2407/1786
f 2270/2403/1787 2275/2408/1787 2274/2406/1787
f 2271/2402/1788 2276/2409/1788 2275/2408/1788
f 2278/2410/1789 2281/2411/1789 2277/2412/1789
f 2279/2413/1790 2282/2414/1790 2278/2410/1790
f 2280/2415/1791 2283/2416/1791 2279/2413/1791
f 2282/2414/1792 2285/2417/1792 2281/2411/1792
f 2283/2416/1793 2286/2418/1793 2282/2414/1793
f 2284/2419/1794 2287/2420/1794 2283/2416/1794
f 2273/2407/1795 2260/2397/1795 2256/2421/1795
f 2274/2406/1796 2264/2422/1796 2260/2397/1796
f 2286/2418/1797 2268/2423/1797 2285/2417/1797
f 2287/2420/1798 2272/2405/1798 2286/2418/1798
f 2262/2396/1799 2280/2424/1799 2261/2395/1799
f 2263/2398/1800 2284/2425/1800 2262/2396/1800
f 2263/2398/1801 2252/2426/1801 2288/2427/1801
f 2275/2408/1802 2252/2426/1802 2264/2422/1802
f 2287/2420/1803 2252/2426/1803 2276/2409/1803
f 385/2428/1804 588/2374/1804 31/655/1804
f 384/2429/1805 2253/2390/1805 385/2428/1805
f 383/2430/1806 2254/2388/1806 384/2429/1806
f 382/2431/1807 2255/2391/1807 383/2430/1807
f 2253/2390/1808 587/2375/1808 588/2374/1808
f 2257/2389/1809 586/2432/1809 587/2375/1809
f 2261/2395/1810 585/2387/1810 586/2432/1810
f 421/2433/1811 379/2434/1811 10/1225/1811
f 422/1498/1812 2265/2401/1812 421/2433/1812
f 423/2435/1813 2266/2399/1813 422/1498/1813
f 423/2435/1814 2268/2423/1814 2267/2404/1814
f 2265/2401/1815 380/2436/1815 379/2434/1815
f 2269/2400/1816 381/2437/1816 380/2436/1816
f 381/2437/1817 2256/2421/1817 382/2431/1817
f 582/2382/1818 427/1488/1818 37/1303/1818
f 583/2438/1819 2277/2412/1819 582/2382/1819
f 584/2439/1820 2278/2410/1820 583/2438/1820
f 585/2377/1821 2279/2413/1821 584/2439/1821
f 2277/2412/1822 426/2440/1822 427/1488/1822
f 2281/2411/1823 425/1490/1823 426/2440/1823
f 2285/2417/1824 424/2441/1824 425/1490/1824
f 2291/2442/1825 2294/2443/1825 2290/2444/1825
f 2292/2445/1826 2295/2446/1826 2291/2442/1826
f 2293/2447/1827 2296/2448/1827 2292/2445/1827
f 2295/2446/1828 2298/2449/1828 2294/2443/1828
f 2296/2448/1829 2299/2450/1829 2295/2446/1829
f 2297/2451/1830 2300/2452/1830 2296/2448/1830
f 2303/2453/1831 2306/2454/1831 2302/2455/1831
f 2304/2456/1832 2307/2457/1832 2303/2453/1832
f 2305/2458/1833 2308/2459/1833 2304/2456/1833
f 2307/2457/1834 2310/2460/1834 2306/2454/1834
f 2308/2459/1835 2311/2461/1835 2307/2457/1835
f 2309/2462/1836 2312/2463/1836 2308/2459/1836
f 2315/2464/1837 2318/2465/1837 2314/2466/1837
f 2315/2464/1838 2320/2467/1838 2319/2468/1838
f 2316/2469/1839 2321/2470/1839 2320/2467/1839
f 2318/2465/1840 2323/2471/1840 2322/2472/1840
f 2319/2468/1841 2324/2473/1841 2323/2471/1841
f 2320/2467/1842 2325/2474/1842 2324/2473/1842
f 2311/2461/1843 2293/2475/1843 2310/2460/1843
f 2312/2463/1844 2297/2451/1844 2311/2461/1844
f 2322/2472/1845 2309/2476/1845 2305/2458/1845
f 2323/2471/1846 2313/2477/1846 2309/2476/1846
f 2299/2450/1847 2317/2478/1847 2298/2449/1847
f 2300/2452/1848 2321/2479/1848 2299/2450/1848
f 2300/2452/1849 2289/2480/1849 2325/2474/1849
f 2312/2463/1850 2289/2480/1850 2301/2481/1850
f 2324/2473/1851 2289/2480/1851 2313/2477/1851
f 589/2482/1852 176/2483/1852 32/906/1852
f 590/2484/1853 2290/2444/1853 589/2482/1853
f 591/2485/1854 2291/2442/1854 590/2484/1854
f 592/2486/1855 2292/2445/1855 591/2485/1855
f 2290/2444/1856 177/2487/1856 176/2483/1856
f 2294/2443/1857 178/2488/1857 177/2487/1857
f 2298/2449/1858 179/2489/1858 178/2488/1858
f 204/1233/1859 595/2490/1859 36/1234/1859
f 205/2491/1860 2302/2455/1860 204/1233/1860
f 206/1239/1861 2303/2453/1861 205/2491/1861
f 207/2492/1862 2304/2456/1862 206/1239/1862
f 2302/2455/1863 594/2493/1863 595/2490/1863
f 2306/2454/1864 593/2494/1864 594/2493/1864
f 2310/2460/1865 592/2495/1865 593/2494/1865
f 182/2496/1866 210/2497/1866 10/1225/1866
f 181/2498/1867 2314/2466/1867 182/2496/1867
f 180/2499/1868 2315/2464/1868 181/2498/1868
f 180/2499/1869 2317/2500/1869 2316/2469/1869
f 2314/2466/1870 209/2501/1870 210/2497/1870
f 2318/2465/1871 208/2502/1871 209/2501/1871
f 208/2502/1872 2305/2458/1872 207/2503/1872
f 2328/2504/1873 2331/2505/1873 2327/2506/1873
f 2329/2507/1874 2332/2508/1874 2328/2504/1874
f 2330/2509/1875 2333/2510/1875 2329/2507/1875
f 2332/2508/1876 2335/2511/1876 2331/2505/1876
f 2333/2510/1877 2336/2512/1877 2332/2508/1877
f 2334/2513/1878 2337/2514/1878 2333/2510/1878
f 2340/2515/1879 2343/2516/1879 2339/2517/1879
f 2341/2518/1880 2344/2519/1880 2340/2515/1880
f 2342/2520/1881 2345/2521/1881 2341/2518/1881
f 2344/2519/1882 2347/2522/1882 2343/2516/1882
f 2345/2521/1883 2348/2523/1883 2344/2519/1883
f 2346/2524/1884 2349/2525/1884 2345/2521/1884
f 2352/2526/1885 2355/2527/1885 2351/2528/1885
f 2353/2529/1886 2356/2530/1886 2352/2526/1886
f 2354/2531/1887 2357/2532/1887 2353/2529/1887
f 2356/2530/1888 2359/2533/1888 2355/2527/1888
f 2357/2532/1889 2360/2534/1889 2356/2530/1889
f 2358/2535/1890 2361/2536/1890 2357/2532/1890
f 2348/2523/1891 2330/2537/1891 2347/2522/1891
f 2349/2525/1892 2334/2538/1892 2348/2523/1892
f 2360/2534/1893 2342/2539/1893 2359/2533/1893
f 2361/2536/1894 2346/2524/1894 2360/2534/1894
f 2336/2512/1895 2354/2540/1895 2335/2511/1895
f 2337/2514/1896 2358/2535/1896 2336/2512/1896
f 2337/2514/1897 2326/2541/1897 2362/2542/1897
f 2349/2525/1898 2326/2541/1898 2338/2543/1898
f 2361/2536/1899 2326/2541/1899 2350/2544/1899
f 596/2545/1900 589/2482/1900 32/906/1900
f 597/2546/1901 2327/2506/1901 596/2545/1901
f 598/2547/1902 2328/2504/1902 597/2546/1902
f 599/2548/1903 2329/2507/1903 598/2547/1903
f 2327/2506/1904 590/2484/1904 589/2482/1904
f 2331/2505/1905 591/2549/1905 590/2484/1905
f 2335/2511/1906 592/2495/1906 591/2549/1906
f 609/2550/1907 602/2551/1907 29/588/1907
f 608/2552/1908 2339/2517/1908 609/2550/1908
f 607/2553/1909 2340/2515/1909 608/2552/1909
f 606/2554/1910 2341/2518/1910 607/2553/1910
f 2339/2517/1911 601/2555/1911 602/2551/1911
f 2343/2516/1912 600/900/1912 601/2555/1912
f 2347/2522/1913 599/2556/1913 600/900/1913
f 595/2557/1914 603/2558/1914 36/1234/1914
f 594/2559/1915 2351/2528/1915 595/2557/1915
f 593/2494/1916 2352/2526/1916 594/2559/1916
f 592/2560/1917 2353/2529/1917 593/2494/1917
f 2351/2528/1918 604/2561/1918 603/2558/1918
f 2355/2527/1919 605/2562/1919 604/2561/1919
f 2359/2533/1920 606/2563/1920 605/2562/1920
f 2365/2564/1921 2368/2565/1921 2364/2566/1921
f 2366/2567/1922 2369/2568/1922 2365/2564/1922
f 2367/2569/1923 2370/2570/1923 2366/2567/1923
f 2369/2568/1924 2372/2571/1924 2368/2565/1924
f 2370/2570/1925 2373/2572/1925 2369/2568/1925
f 2371/2573/1926 2374/2574/1926 2370/2570/1926
f 2377/2575/1927 2380/2576/1927 2376/2577/1927
f 2377/2575/1928 2382/2578/1928 2381/2579/1928
f 2378/2580/1929 2383/2581/1929 2382/2578/1929
f 2380/2576/1930 2385/2582/1930 2384/2583/1930
f 2381/2579/1931 2386/2584/1931 2385/2582/1931
f 2382/2578/1932 2387/2585/1932 2386/2584/1932
f 2389/2586/1933 2392/2587/1933 2388/2588/1933
f 2390/2589/1934 2393/2590/1934 2389/2586/1934
f 2391/2591/1935 2394/2592/1935 2390/2589/1935
f 2393/2590/1936 2396/2593/1936 2392/2587/1936
f 2394/2592/1937 2397/2594/1937 2393/2590/1937
f 2395/2595/1938 2398/2596/1938 2394/2592/1938
f 2384/2583/1939 2371/2597/1939 2367/2569/1939
f 2385/2582/1940 2375/2598/1940 2371/2597/1940
f 2397/2594/1941 2379/2599/1941 2396/2593/1941
f 2398/2596/1942 2383/2581/1942 2397/2594/1942
f 2373/2572/1943 2391/2600/1943 2372/2571/1943
f 2374/2574/1944 2395/2601/1944 2373/2572/1944
f 2374/2574/1945 2363/2602/1945 2399/2603/1945
f 2386/2584/1946 2363/2602/1946 2375/2598/1946
f 2398/2596/1947 2363/2602/1947 2387/2585/1947
f 371/2604/1948 609/2550/1948 29/588/1948
f 370/2605/1949 2364/2566/1949 371/2604/1949
f 369/2606/1950 2365/2564/1950 370/2605/1950
f 368/2607/1951 2366/2567/1951 369/2606/1951
f 2364/2566/1952 608/2608/1952 609/2550/1952
f 2368/2565/1953 607/2609/1953 608/2608/1953
f 2372/2571/1954 606/2563/1954 607/2609/1954
f 414/1682/1955 365/2610/1955 9/1156/1955
f 415/2611/1956 2376/2577/1956 414/1682/1956
f 416/2612/1957 2377/2575/1957 415/2611/1957
f 416/2612/1958 2379/2599/1958 2378/2580/1958
f 2376/2577/1959 366/2613/1959 365/2610/1959
f 2380/2576/1960 367/2614/1960 366/2613/1960
f 367/2614/1961 2367/2569/1961 368/2607/1961
f 603/2615/1962 420/2616/1962 36/1234/1962
f 604/2561/1963 2388/2588/1963 603/2615/1963
f 605/2617/1964 2389/2586/1964 604/2561/1964
f 606/2618/1965 2390/2589/1965 605/2617/1965
f 2388/2588/1966 419/2619/1966 420/2616/1966
f 2392/2587/1967 418/1679/1967 419/2619/1967
f 2396/2593/1968 417/2620/1968 418/1679/1968
f 2402/2621/1969 2405/2622/1969 2401/2623/1969
f 2403/2624/1970 2406/2625/1970 2402/2621/1970
f 2404/2626/1971 2407/2627/1971 2403/2624/1971
f 2406/2625/1972 2409/2628/1972 2405/2622/1972
f 2407/2627/1973 2410/2629/1973 2406/2625/1973
f 2408/2630/1974 2411/2631/1974 2407/2627/1974
f 2414/2632/1975 2417/2633/1975 2413/2634/1975
f 2415/2635/1976 2418/2636/1976 2414/2632/1976
f 2416/2637/1977 2419/2638/1977 2415/2635/1977
f 2418/2636/1978 2421/2639/1978 2417/2633/1978
f 2419/2638/1979 2422/2640/1979 2418/2636/1979
f 2420/2641/1980 2423/2642/1980 2419/2638/1980
f 2426/2643/1981 2429/2644/1981 2425/2645/1981
f 2426/2643/1982 2431/2646/1982 2430/2647/1982
f 2427/2648/1983 2432/2649/1983 2431/2646/1983
f 2429/2644/1984 2434/2650/1984 2433/2651/1984
f 2430/2647/1985 2435/2652/1985 2434/2650/1985
f 2431/2646/1986 2436/2653/1986 2435/2652/1986
f 2422/2640/1987 2404/2654/1987 2421/2639/1987
f 2423/2642/1988 2408/2655/1988 2422/2640/1988
f 2433/2651/1989 2420/2656/1989 2416/2657/1989
f 2434/2650/1990 2424/2658/1990 2420/2656/1990
f 2410/2629/1991 2428/2659/1991 2409/2628/1991
f 2411/2631/1992 2432/2649/1992 2410/2629/1992
f 2411/2631/1993 2400/2660/1993 2436/2653/1993
f 2423/2642/1994 2400/2660/1994 2412/2661/1994
f 2435/2652/1995 2400/2660/1995 2424/2658/1995
f 610/2662/1996 162/2663/1996 30/844/1996
f 611/2664/1997 2401/2623/1997 610/2662/1997
f 612/2665/1998 2402/2621/1998 611/2664/1998
f 613/2666/1999 2403/2624/1999 612/2665/1999
f 2401/2623/2000 163/2667/2000 162/2663/2000
f 2405/2622/2001 164/2668/2001 163/2667/2001
f 2409/2628/2002 165/2669/2002 164/2668/2002
f 197/2670/2003 616/2671/2003 35/1165/2003
f 198/2672/2004 2413/2634/2004 197/2670/2004
f 199/1170/2005 2414/2632/2005 198/2672/2005
f 200/2673/2006 2415/2635/2006 199/1170/2006
f 2413/2634/2007 615/2674/2007 616/2671/2007
f 2417/2633/2008 614/2675/2008 615/2674/2008
f 2421/2639/2009 613/2676/2009 614/2675/2009
f 168/2677/2010 203/2678/2010 9/1156/2010
f 167/2679/2011 2425/2645/2011 168/2677/2011
f 166/2680/2012 2426/2643/2012 167/2679/2012
f 166/2680/2013 2428/2681/2013 2427/2648/2013
f 2425/2645/2014 202/2682/2014 203/2678/2014
f 2429/2644/2015 201/2683/2015 202/2682/2015
f 201/2683/2016 2416/2657/2016 200/2673/2016
f 2439/2684/2017 2442/2685/2017 2438/2686/2017
f 2440/2687/2018 2443/2688/2018 2439/2684/2018
f 2441/2689/2019 2444/2690/2019 2440/2687/2019
f 2443/2688/2020 2446/2691/2020 2442/2685/2020
f 2444/2690/2021 2447/2692/2021 2443/2688/2021
f 2445/2693/2022 2448/2694/2022 2444/2690/2022
f 2451/2695/2023 2454/2696/2023 2450/2697/2023
f 2452/2698/2024 2455/2699/2024 2451/2695/2024
f 2453/2700/2025 2456/2701/2025 2452/2698/2025
f 2455/2699/2026 2458/2702/2026 2454/2696/2026
f 2456/2701/2027 2459/2703/2027 2455/2699/2027
f 2457/2704/2028 2460/2705/2028 2456/2701/2028
f 2463/2706/2029 2466/2707/2029 2462/2708/2029
f 2464/2709/2030 2467/2710/2030 2463/2706/2030
f 2465/2711/2031 2468/2712/2031 2464/2709/2031
f 2467/2710/2032 2470/2713/2032 2466/2707/2032
f 2468/2712/2033 2471/2714/2033 2467/2710/2033
f 2469/2715/2034 2472/2716/2034 2468/2712/2034
f 2459/2703/2035 2441/2717/2035 2458/2702/2035
f 2460/2705/2036 2445/2718/2036 2459/2703/2036
f 2471/2714/2037 2453/2700/2037 2470/2713/2037
f 2472/2716/2038 2457/2704/2038 2471/2714/2038
f 2447/2692/2039 2465/2719/2039 2446/2691/2039
f 2448/2694/2040 2469/2720/2040 2447/2692/2040
f 2448/2694/2041 2437/2721/2041 2473/2722/2041
f 2460/2705/2042 2437/2721/2042 2449/2723/2042
f 2472/2716/2043 2437/2721/2043 2461/2724/2043
f 617/2725/2044 610/2662/2044 30/844/2044
f 618/2726/2045 2438/2686/2045 617/2725/2045
f 619/2727/2046 2439/2684/2046 618/2726/2046
f 620/2728/2047 2440/2687/2047 619/2727/2047
f 2438/2686/2048 611/2729/2048 610/2662/2048
f 2442/2685/2049 612/2730/2049 611/2729/2049
f 2446/2691/2050 613/2676/2050 612/2730/2050
f 630/2731/2051 623/2732/2051 27/523/2051
f 629/2733/2052 2450/2697/2052 630/2731/2052
f 628/2734/2053 2451/2695/2053 629/2733/2053
f 627/2735/2054 2452/2698/2054 628/2734/2054
f 2450/2697/2055 622/2736/2055 623/2732/2055
f 2454/2696/2056 621/2737/2056 622/2736/2056
f 2458/2702/2057 620/2728/2057 621/2737/2057
f 616/2738/2058 624/2739/2058 35/1165/2058
f 615/2740/2059 2462/2708/2059 616/2738/2059
f 614/2675/2060 2463/2706/2060 615/2740/2060
f 613/2676/2061 2464/2709/2061 614/2675/2061
f 2462/2708/2062 625/2741/2062 624/2739/2062
f 2466/2707/2063 626/2742/2063 625/2741/2063
f 2470/2713/2064 627/2743/2064 626/2742/2064
f 2476/2744/2065 2479/2745/2065 2475/2746/2065
f 2477/2747/2066 2480/2748/2066 2476/2744/2066
f 2478/2749/2067 2481/2750/2067 2477/2747/2067
f 2480/2748/2068 2483/2751/2068 2479/2745/2068
f 2481/2750/2069 2484/2752/2069 2480/2748/2069
f 2482/2753/2070 2485/2754/2070 2481/2750/2070
f 2488/2755/2071 2491/2756/2071 2487/2757/2071
f 2488/2755/2072 2493/2758/2072 2492/2759/2072
f 2489/2760/2073 2494/2761/2073 2493/2758/2073
f 2491/2756/2074 2496/2762/2074 2495/2763/2074
f 2492/2759/2075 2497/2764/2075 2496/2762/2075
f 2493/2758/2076 2498/2765/2076 2497/2764/2076
f 2500/2766/2077 2503/2767/2077 2499/2768/2077
f 2501/2769/2078 2504/2770/2078 2500/2766/2078
f 2502/2771/2079 2505/2772/2079 2501/2769/2079
f 2504/2770/2080 2507/2773/2080 2503/2767/2080
f 2505/2772/2081 2508/2774/2081 2504/2770/2081
f 2506/2775/2082 2509/2776/2082 2505/2772/2082
f 2495/2763/2083 2482/2777/2083 2478/2778/2083
f 2496/2762/2084 2486/2779/2084 2482/2777/2084
f 2508/2774/2085 2490/2780/2085 2507/2773/2085
f 2509/2776/2086 2494/2781/2086 2508/2774/2086
f 2484/2752/2087 2502/2782/2087 2483/2751/2087
f 2485/2754/2088 2506/2783/2088 2484/2752/2088
f 2485/2754/2089 2474/2784/2089 2510/2785/2089
f 2497/2764/2090 2474/2784/2090 2486/2779/2090
f 2509/2776/2091 2474/2784/2091 2498/2765/2091
f 357/2786/2092 630/2787/2092 27/523/2092
f 356/2788/2093 2475/2746/2093 357/2786/2093
f 355/2789/2094 2476/2744/2094 356/2788/2094
f 354/2790/2095 2477/2747/2095 355/2789/2095
f 2475/2746/2096 629/2791/2096 630/2787/2096
f 2479/2745/2097 628/2792/2097 629/2791/2097
f 2483/2751/2098 627/2743/2098 628/2792/2098
f 407/2793/2099 351/2794/2099 8/1872/2099
f 408/2795/2100 2487/2757/2100 407/2793/2100
f 409/2796/2101 2488/2755/2101 408/2795/2101
f 409/2796/2102 2490/2780/2102 2489/2760/2102
f 2487/2757/2103 352/2797/2103 351/2794/2103
f 2491/2756/2104 353/2798/2104 352/2797/2104
f 353/2798/2105 2478/2778/2105 354/2790/2105
f 624/2799/2106 413/1862/2106 35/1165/2106
f 625/2741/2107 2499/2768/2107 624/2799/2107
f 626/2800/2108 2500/2766/2108 625/2741/2108
f 627/2801/2109 2501/2769/2109 626/2800/2109
f 2499/2768/2110 412/2802/2110 413/1862/2110
f 2503/2767/2111 411/1865/2111 412/2802/2111
f 2507/2773/2112 410/2803/2112 411/1865/2112
f 2513/2804/2113 2516/2805/2113 2512/2806/2113
f 2514/2807/2114 2517/2808/2114 2513/2804/2114
f 2515/2809/2115 2518/2810/2115 2514/2807/2115
f 2517/2808/2116 2520/2811/2116 2516/2805/2116
f 2518/2810/2117 2521/2812/2117 2517/2808/2117
f 2519/2813/2118 2522/2814/2118 2518/2810/2118
f 2525/2815/2119 2528/2816/2119 2524/2817/2119
f 2526/2818/2120 2529/2819/2120 2525/2815/2120
f 2527/2820/2121 2530/2821/2121 2526/2818/2121
f 2529/2819/2122 2532/2822/2122 2528/2816/2122
f 2530/2821/2123 2533/2823/2123 2529/2819/2123
f 2531/2824/2124 2534/2825/2124 2530/2821/2124
f 2537/2826/2125 2540/2827/2125 2536/2828/2125
f 2537/2826/2126 2542/2829/2126 2541/2830/2126
f 2538/2831/2127 2543/2832/2127 2542/2829/2127
f 2540/2827/2128 2545/2833/2128 2544/2834/2128
f 2541/2830/2129 2546/2835/2129 2545/2833/2129
f 2542/2829/2130 2547/2836/2130 2546/2835/2130
f 2533/2823/2131 2515/2837/2131 2532/2822/2131
f 2534/2825/2132 2519/2838/2132 2533/2823/2132
f 2544/2834/2133 2531/2839/2133 2527/2840/2133
f 2545/2833/2134 2535/2841/2134 2531/2839/2134
f 2521/2812/2135 2539/2842/2135 2520/2811/2135
f 2522/2814/2136 2543/2832/2136 2521/2812/2136
f 2522/2814/2137 2511/2843/2137 2547/2836/2137
f 2534/2825/2138 2511/2843/2138 2523/2844/2138
f 2546/2835/2139 2511/2843/2139 2535/2841/2139
f 631/2845/2140 148/2846/2140 28/781/2140
f 632/2847/2141 2512/2806/2141 631/2845/2141
f 633/2848/2142 2513/2804/2142 632/2847/2142
f 634/2849/2143 2514/2807/2143 633/2848/2143
f 2512/2806/2144 149/2850/2144 148/2846/2144
f 2516/2805/2145 150/2851/2145 149/2850/2145
f 2520/2811/2146 151/2852/2146 150/2851/2146
f 190/2853/2147 637/2854/2147 34/1097/2147
f 191/1101/2148 2524/2817/2148 190/2853/2148
f 192/1102/2149 2525/2815/2149 191/1101/2149
f 193/2855/2150 2526/2818/2150 192/1102/2150
f 2524/2817/2151 636/2856/2151 637/2854/2151
f 2528/2816/2152 635/2857/2152 636/2856/2152
f 2532/2822/2153 634/2858/2153 635/2857/2153
f 154/2859/2154 196/1087/2154 8/1089/2154
f 153/2860/2155 2536/2828/2155 154/2859/2155
f 152/2861/2156 2537/2826/2156 153/2860/2156
f 152/2861/2157 2539/2862/2157 2538/2831/2157
f 2536/2828/2158 195/2863/2158 196/1087/2158
f 2540/2827/2159 194/2864/2159 195/2863/2159
f 194/2864/2160 2527/2840/2160 193/2865/2160
f 2550/2866/2161 2553/2867/2161 2549/2868/2161
f 2551/2869/2162 2554/2870/2162 2550/2866/2162
f 2552/2871/2163 2555/2872/2163 2551/2869/2163
f 2554/2870/2164 2557/2873/2164 2553/2867/2164
f 2555/2872/2165 2558/2874/2165 2554/2870/2165
f 2556/2875/2166 2559/2876/2166 2555/2872/2166
f 2562/2877/2167 2565/2878/2167 2561/2879/2167
f 2563/2880/2168 2566/2881/2168 2562/2877/2168
f 2564/2882/2169 2567/2883/2169 2563/2880/2169
f 2566/2881/2170 2569/2884/2170 2565/2878/2170
f 2567/2883/2171 2570/2885/2171 2566/2881/2171
f 2568/2886/2172 2571/2887/2172 2567/2883/2172
f 2574/2888/2173 2577/2889/2173 2573/2890/2173
f 2575/2891/2174 2578/2892/2174 2574/2888/2174
f 2576/2893/2175 2579/2894/2175 2575/2891/2175
f 2578/2892/2176 2581/2895/2176 2577/2889/2176
f 2579/2894/2177 2582/2896/2177 2578/2892/2177
f 2580/2897/2178 2583/2898/2178 2579/2894/2178
f 2570/2885/2179 2552/2871/2179 2569/2884/2179
f 2571/2887/2180 2556/2899/2180 2570/2885/2180
f 2582/2896/2181 2564/2900/2181 2581/2895/2181
f 2583/2898/2182 2568/2901/2182 2582/2896/2182
f 2558/2874/2183 2576/2902/2183 2557/2873/2183
f 2559/2876/2184 2580/2903/2184 2558/2874/2184
f 2559/2876/2185 2548/2904/2185 2584/2905/2185
f 2571/2887/2186 2548/2904/2186 2560/2906/2186
f 2583/2898/2187 2548/2904/2187 2572/2907/2187
f 638/2908/2188 631/2845/2188 28/781/2188
f 639/2909/2189 2549/2868/2189 638/2908/2189
f 640/2910/2190 2550/2866/2190 639/2909/2190
f 641/2911/2191 2551/2869/2191 640/2910/2191
f 2549/2868/2192 632/2912/2192 631/2845/2192
f 2553/2867/2193 633/2913/2193 632/2912/2193
f 2557/2873/2194 634/2914/2194 633/2913/2194
f 651/2915/2195 644/773/2195 25/455/2195
f 650/2916/2196 2561/2879/2196 651/2915/2196
f 649/2917/2197 2562/2877/2197 650/2916/2197
f 648/2918/2198 2563/2880/2198 649/2917/2198
f 2561/2879/2199 643/2919/2199 644/773/2199
f 2565/2878/2200 642/2920/2200 643/2919/2200
f 2569/2884/2201 641/2921/2201 642/2920/2201
f 637/2922/2202 645/2923/2202 34/1097/2202
f 636/2924/2203 2573/2890/2203 637/2922/2203
f 635/2925/2204 2574/2888/2204 636/2924/2204
f 634/2858/2205 2575/2891/2205 635/2925/2205
f 2573/2890/2206 646/2926/2206 645/2923/2206
f 2577/2889/2207 647/2927/2207 646/2926/2207
f 2581/2895/2208 648/2928/2208 647/2927/2208
f 2587/2929/2209 2590/2930/2209 2586/2931/2209
f 2588/2932/2210 2591/2933/2210 2587/2929/2210
f 2589/2934/2211 2592/2935/2211 2588/2932/2211
f 2591/2933/2212 2594/2936/2212 2590/2930/2212
f 2592/2935/2213 2595/2937/2213 2591/2933/2213
f 2593/2938/2214 2596/2939/2214 2592/2935/2214
f 2599/2940/2215 2602/2941/2215 2598/2942/2215
f 2599/2940/2216 2604/2943/2216 2603/2944/2216
f 2600/2945/2217 2605/2946/2217 2604/2943/2217
f 2602/2941/2218 2607/2947/2218 2606/2948/2218
f 2603/2944/2219 2608/2949/2219 2607/2947/2219
f 2604/2943/2220 2609/2950/2220 2608/2949/2220
f 2611/2951/2221 2614/2952/2221 2610/2953/2221
f 2612/2954/2222 2615/2955/2222 2611/2951/2222
f 2613/2956/2223 2616/2957/2223 2612/2954/2223
f 2615/2955/2224 2618/2958/2224 2614/2952/2224
f 2616/2957/2225 2619/2959/2225 2615/2955/2225
f 2617/2960/2226 2620/2961/2226 2616/2957/2226
f 2606/2948/2227 2593/2962/2227 2589/2934/2227
f 2607/2947/2228 2597/2963/2228 2593/2962/2228
f 2619/2959/2229 2601/2964/2229 2618/2958/2229
f 2620/2961/2230 2605/2965/2230 2619/2959/2230
f 2595/2937/2231 2613/2956/2231 2594/2936/2231
f 2596/2939/2232 2617/2966/2232 2595/2937/2232
f 2596/2939/2233 2585/2967/2233 2621/2968/2233
f 2608/2949/2234 2585/2967/2234 2597/2963/2234
f 2620/2961/2235 2585/2967/2235 2609/2950/2235
f 343/2969/2236 651/2915/2236 25/455/2236
f 342/2970/2237 2586/2931/2237 343/2969/2237
f 341/2971/2238 2587/2929/2238 342/2970/2238
f 340/2972/2239 2588/2932/2239 341/2971/2239
f 2586/2931/2240 650/2916/2240 651/2915/2240
f 2590/2930/2241 649/2973/2241 650/2916/2241
f 2594/2936/2242 648/2974/2242 649/2973/2242
f 400/2975/2243 337/2976/2243 7/1021/2243
f 401/2977/2244 2598/2942/2244 400/2975/2244
f 402/2978/2245 2599/2940/2245 401/2977/2245
f 402/2978/2246 2601/2964/2246 2600/2945/2246
f 2598/2942/2247 338/2979/2247 337/2976/2247
f 2602/2941/2248 339/2980/2248 338/2979/2248
f 339/2980/2249 2589/2934/2249 340/2981/2249
f 645/2923/2250 406/2053/2250 34/1097/2250
f 646/2982/2251 2610/2953/2251 645/2923/2251
f 647/2983/2252 2611/2951/2252 646/2982/2252
f 648/2984/2253 2612/2954/2253 647/2983/2253
f 2610/2953/2254 405/2055/2254 406/2053/2254
f 2614/2952/2255 404/2056/2255 405/2055/2255
f 2618/2958/2256 403/2985/2256 404/2056/2256
f 2624/2986/2257 2627/2987/2257 2623/2988/2257
f 2625/2989/2258 2628/2990/2258 2624/2986/2258
f 2626/2991/2259 2629/2992/2259 2625/2989/2259
f 2628/2990/2260 2631/2993/2260 2627/2987/2260
f 2629/2992/2261 2632/2994/2261 2628/2990/2261
f 2630/2995/2262 2633/2996/2262 2629/2992/2262
f 2636/2997/2263 2639/2998/2263 2635/2999/2263
f 2637/3000/2264 2640/3001/2264 2636/2997/2264
f 2638/3002/2265 2641/3003/2265 2637/3000/2265
f 2640/3001/2266 2643/3004/2266 2639/2998/2266
f 2641/3003/2267 2644/3005/2267 2640/3001/2267
f 2642/3006/2268 2645/3007/2268 2641/3003/2268
f 2648/3008/2269 2651/3009/2269 2647/3010/2269
f 2648/3008/2270 2653/3011/2270 2652/3012/2270
f 2649/3013/2271 2654/3014/2271 2653/3011/2271
f 2651/3009/2272 2656/3015/2272 2655/3016/2272
f 2652/3012/2273 2657/3017/2273 2656/3015/2273
f 2653/3011/2274 2658/3018/2274 2657/3017/2274
f 2644/3005/2275 2626/3019/2275 2643/3004/2275
f 2645/3007/2276 2630/3020/2276 2644/3005/2276
f 2655/3016/2277 2642/3021/2277 2638/3022/2277
f 2656/3015/2278 2646/3023/2278 2642/3021/2278
f 2632/2994/2279 2650/3024/2279 2631/2993/2279
f 2633/2996/2280 2654/3025/2280 2632/2994/2280
f 2633/2996/2281 2622/3026/2281 2658/3018/2281
f 2645/3007/2282 2622/3026/2282 2634/3027/2282
f 2657/3017/2283 2622/3026/2283 2646/3023/2283
f 652/3028/2284 134/3029/2284 26/717/2284
f 653/3030/2285 2623/2988/2285 652/3028/2285
f 654/3031/2286 2624/2986/2286 653/3030/2286
f 655/3032/2287 2625/2989/2287 654/3031/2287
f 2623/2988/2288 135/3033/2288 134/3029/2288
f 2627/2987/2289 136/3034/2289 135/3033/2289
f 2631/2993/2290 137/3035/2290 136/3034/2290
f 183/1029/2291 658/3036/2291 33/1030/2291
f 184/1034/2292 2635/2999/2292 183/1029/2292
f 185/3037/2293 2636/2997/2293 184/1034/2293
f 186/3038/2294 2637/3000/2294 185/3037/2294
f 2635/2999/2295 657/3039/2295 658/3036/2295
f 2639/2998/2296 656/3040/2296 657/3039/2296
f 2643/3004/2297 655/3041/2297 656/3040/2297
f 140/3042/2298 189/3043/2298 7/1021/2298
f 139/3044/2299 2647/3010/2299 140/3042/2299
f 138/3045/2300 2648/3008/2300 139/3044/2300
f 138/3045/2301 2650/3046/2301 2649/3013/2301
f 2647/3010/2302 188/3047/2302 189/3043/2302
f 2651/3009/2303 187/3048/2303 188/3047/2303
f 187/3048/2304 2638/3022/2304 186/3049/2304
f 2661/3050/2305 2664/3051/2305 2660/3052/2305
f 2662/3053/2306 2665/3054/2306 2661/3050/2306
f 2663/3055/2307 2666/3056/2307 2662/3053/2307
f 2665/3054/2308 2668/3057/2308 2664/3051/2308
f 2666/3056/2309 2669/3058/2309 2665/3054/2309
f 2667/3059/2310 2670/3060/2310 2666/3056/2310
f 2673/3061/2311 2676/3062/2311 2672/3063/2311
f 2674/3064/2312 2677/3065/2312 2673/3061/2312
f 2675/3066/2313 2678/3067/2313 2674/3064/2313
f 2677/3065/2314 2680/3068/2314 2676/3062/2314
f 2678/3067/2315 2681/3069/2315 2677/3065/2315
f 2679/3070/2316 2682/3071/2316 2678/3067/2316
f 2685/3072/2317 2688/3073/2317 2684/3074/2317
f 2686/3075/2318 2689/3076/2318 2685/3072/2318
f 2687/3077/2319 2690/3078/2319 2686/3075/2319
f 2689/3076/2320 2692/3079/2320 2688/3073/2320
f 2690/3078/2321 2693/3080/2321 2689/3076/2321
f 2691/3081/2322 2694/3082/2322 2690/3078/2322
f 2681/3069/2323 2663/3083/2323 2680/3068/2323
f 2682/3071/2324 2667/3084/2324 2681/3069/2324
f 2693/3080/2325 2675/3066/2325 2692/3079/2325
f 2694/3082/2326 2679/3085/2326 2693/3080/2326
f 2669/3058/2327 2687/3086/2327 2668/3057/2327
f 2670/3060/2328 2691/3087/2328 2669/3058/2328
f 2670/3060/2329 2659/3088/2329 2695/3089/2329
f 2682/3071/2330 2659/3088/2330 2671/3090/2330
f 2694/3082/2331 2659/3088/2331 2683/3091/2331
f 659/3092/2332 652/3093/2332 26/717/2332
f 660/3094/2333 2660/3052/2333 659/3092/2333
f 661/3095/2334 2661/3050/2334 660/3094/2334
f 662/723/2335 2662/3053/2335 661/3095/2335
f 2660/3052/2336 653/3096/2336 652/3093/2336
f 2664/3051/2337 654/3031/2337 653/3096/2337
f 2668/3057/2338 655/3041/2338 654/3031/2338
f 672/3097/2339 665/708/2339 23/391/2339
f 671/3098/2340 2672/3063/2340 672/3097/2340
f 670/3099/2341 2673/3061/2341 671/3098/2341
f 669/3100/2342 2674/3064/2342 670/3099/2342
f 2672/3063/2343 664/3101/2343 665/708/2343
f 2676/3062/2344 663/711/2344 664/3101/2344
f 2680/3068/2345 662/723/2345 663/711/2345
f 658/3102/2346 666/3103/2346 33/1030/2346
f 657/3104/2347 2684/3074/2347 658/3102/2347
f 656/3105/2348 2685/3072/2348 657/3104/2348
f 655/3041/2349 2686/3075/2349 656/3105/2349
f 2684/3074/2350 667/3106/2350 666/3103/2350
f 2688/3073/2351 668/3107/2351 667/3106/2351
f 2692/3079/2352 669/3108/2352 668/3107/2352
f 2698/3109/2353 2701/3110/2353 2697/3111/2353
f 2699/3112/2354 2702/3113/2354 2698/3109/2354
f 2700/3114/2355 2703/3115/2355 2699/3112/2355
f 2702/3113/2356 2705/3116/2356 2701/3110/2356
f 2703/3115/2357 2706/3117/2357 2702/3113/2357
f 2704/3118/2358 2707/3119/2358 2703/3115/2358
f 2710/3120/2359 2713/3121/2359 2709/3122/2359
f 2710/3120/2360 2715/3123/2360 2714/3124/2360
f 2711/3125/2361 2716/3126/2361 2715/3123/2361
f 2713/3121/2362 2718/3127/2362 2717/3128/2362
f 2714/3124/2363 2719/3129/2363 2718/3127/2363
f 2715/3123/2364 2720/3130/2364 2719/3129/2364
f 2722/3131/2365 2725/3132/2365 2721/3133/2365
f 2723/3134/2366 2726/3135/2366 2722/3131/2366
f 2724/3136/2367 2727/3137/2367 2723/3134/2367
f 2726/3135/2368 2729/3138/2368 2725/3132/2368
f 2727/3137/2369 2730/3139/2369 2726/3135/2369
f 2728/3140/2370 2731/3141/2370 2727/3137/2370
f 2717/3128/2371 2704/3142/2371 2700/3114/2371
f 2718/3127/2372 2708/3143/2372 2704/3142/2372
f 2730/3139/2373 2712/3144/2373 2729/3138/2373
f 2731/3141/2374 2716/3145/2374 2730/3139/2374
f 2706/3117/2375 2724/3146/2375 2705/3116/2375
f 2707/3119/2376 2728/3147/2376 2706/3117/2376
f 2707/3119/2377 2696/3148/2377 2732/3149/2377
f 2719/3129/2378 2696/3148/2378 2708/3143/2378
f 2731/3141/2379 2696/3148/2379 2720/3130/2379
f 329/3150/2380 672/3097/2380 23/391/2380
f 328/3151/2381 2697/3111/2381 329/3150/2381
f 327/3152/2382 2698/3109/2382 328/3151/2382
f 326/3153/2383 2699/3112/2383 327/3152/2383
f 2697/3111/2384 671/3098/2384 672/3097/2384
f 2701/3110/2385 670/3154/2385 671/3098/2385
f 2705/3116/2386 669/3155/2386 670/3154/2386
f 393/2250/2387 323/3156/2387 11/1294/2387
f 394/2254/2388 2709/3122/2388 393/2250/2388
f 395/3157/2389 2710/3120/2389 394/2254/2389
f 395/3157/2390 2712/3144/2390 2711/3125/2390
f 2709/3122/2391 324/3158/2391 323/3156/2391
f 2713/3121/2392 325/3159/2392 324/3158/2392
f 325/3159/2393 2700/3114/2393 326/3160/2393
f 666/3103/2394 399/2242/2394 33/1030/2394
f 667/3161/2395 2721/3133/2395 666/3103/2395
f 668/3162/2396 2722/3131/2396 667/3161/2396
f 669/3163/2397 2723/3134/2397 668/3162/2397
f 2721/3133/2398 398/2243/2398 399/2242/2398
f 2725/3132/2399 397/2244/2399 398/2243/2399
f 2729/3138/2400 396/3164/2400 397/2244/2400
f 2735/3165/2401 2738/3166/2401 2734/3167/2401
f 2736/3168/2402 2739/3169/2402 2735/3165/2402
f 2737/3170/2403 2740/3171/2403 2736/3168/2403
f 2739/3169/2404 2742/3172/2404 2738/3166/2404
f 2740/3171/2405 2743/3173/2405 2739/3169/2405
f 2741/3174/2406 2744/3175/2406 2740/3171/2406
f 2747/3176/2407 2750/3177/2407 2746/3178/2407
f 2748/3179/2408 2751/3180/2408 2747/3176/2408
f 2749/3181/2409 2752/3182/2409 2748/3179/2409
f 2751/3180/2410 2754/3183/2410 2750/3177/2410
f 2752/3182/2411 2755/3184/2411 2751/3180/2411
f 2753/3185/2412 2756/3186/2412 2752/3182/2412
f 2759/3187/2413 2762/3188/2413 2758/3189/2413
f 2759/3187/2414 2764/3190/2414 2763/3191/2414
f 2760/3192/2415 2765/3193/2415 2764/3190/2415
f 2762/3188/2416 2767/3194/2416 2766/3195/2416
f 2763/3191/2417 2768/3196/2417 2767/3194/2417
f 2764/3190/2418 2769/3197/2418 2768/3196/2418
f 2755/3184/2419 2737/3198/2419 2754/3183/2419
f 2756/3186/2420 2741/3174/2420 2755/3184/2420
f 2766/3195/2421 2753/3199/2421 2749/3200/2421
f 2767/3194/2422 2757/3201/2422 2753/3199/2422
f 2743/3173/2423 2761/3202/2423 2742/3172/2423
f 2744/3175/2424 2765/3203/2424 2743/3173/2424
f 2744/3175/2425 2733/3204/2425 2769/3197/2425
f 2756/3186/2426 2733/3204/2426 2745/3205/2426
f 2768/3196/2427 2733/3204/2427 2757/3201/2427
f 673/3206/2428 385/3207/2428 31/655/2428
f 674/3208/2429 2734/3167/2429 673/3206/2429
f 675/3209/2430 2735/3165/2430 674/3208/2430
f 676/3210/2431 2736/3168/2431 675/3209/2431
f 2734/3167/2432 384/3211/2432 385/3207/2432
f 2738/3166/2433 383/3212/2433 384/3211/2433
f 2742/3172/2434 382/3213/2434 383/3212/2434
f 176/2483/2435 679/3214/2435 32/906/2435
f 177/3215/2436 2746/3178/2436 176/2483/2436
f 178/3216/2437 2747/3176/2437 177/3215/2437
f 179/3217/2438 2748/3179/2438 178/3216/2438
f 2746/3178/2439 678/3218/2439 679/3214/2439
f 2750/3177/2440 677/3219/2440 678/3218/2440
f 2754/3183/2441 676/3220/2441 677/3219/2441
f 379/2434/2442 182/3221/2442 10/1225/2442
f 380/3222/2443 2758/3189/2443 379/2434/2443
f 381/2437/2444 2759/3187/2444 380/3222/2444
f 381/2437/2445 2761/3223/2445 2760/3192/2445
f 2758/3189/2446 181/3224/2446 182/3221/2446
f 2762/3188/2447 180/3225/2447 181/3224/2447
f 180/3225/2448 2749/3200/2448 179/3226/2448
f 2772/3227/2449 2775/3228/2449 2771/3229/2449
f 2773/3230/2450 2776/3231/2450 2772/3227/2450
f 2774/3232/2451 2777/3233/2451 2773/3230/2451
f 2776/3231/2452 2779/3234/2452 2775/3228/2452
f 2777/3233/2453 2780/3235/2453 2776/3231/2453
f 2778/3236/2454 2781/3237/2454 2777/3233/2454
f 2784/3238/2455 2787/3239/2455 2783/3240/2455
f 2785/3241/2456 2788/3242/2456 2784/3238/2456
f 2786/3243/2457 2789/3244/2457 2785/3241/2457
f 2788/3242/2458 2791/3245/2458 2787/3239/2458
f 2789/3244/2459 2792/3246/2459 2788/3242/2459
f 2790/3247/2460 2793/3248/2460 2789/3244/2460
f 2796/3249/2461 2799/3250/2461 2795/3251/2461
f 2797/3252/2462 2800/3253/2462 2796/3249/2462
f 2798/3254/2463 2801/3255/2463 2797/3252/2463
f 2800/3253/2464 2803/3256/2464 2799/3250/2464
f 2801/3255/2465 2804/3257/2465 2800/3253/2465
f 2802/3258/2466 2805/3259/2466 2801/3255/2466
f 2792/3246/2467 2774/3232/2467 2791/3245/2467
f 2793/3248/2468 2778/3260/2468 2792/3246/2468
f 2804/3257/2469 2786/3261/2469 2803/3256/2469
f 2805/3259/2470 2790/3262/2470 2804/3257/2470
f 2780/3235/2471 2798/3254/2471 2779/3234/2471
f 2781/3237/2472 2802/3258/2472 2780/3235/2472
f 2781/3237/2473 2770/3263/2473 2806/3264/2473
f 2793/3248/2474 2770/3263/2474 2782/3265/2474
f 2805/3259/2475 2770/3263/2475 2794/3266/2475
f 680/654/2476 673/3267/2476 31/655/2476
f 681/3268/2477 2771/3229/2477 680/654/2477
f 682/659/2478 2772/3227/2478 681/3268/2478
f 683/3269/2479 2773/3230/2479 682/659/2479
f 2771/3229/2480 674/3270/2480 673/3267/2480
f 2775/3228/2481 675/3209/2481 674/3270/2481
f 2779/3234/2482 676/3271/2482 675/3209/2482
f 693/3272/2483 686/3273/2483 22/646/2483
f 692/3274/2484 2783/3240/2484 693/3272/2484
f 691/3275/2485 2784/3238/2485 692/3274/2485
f 690/3276/2486 2785/3241/2486 691/3275/2486
f 2783/3240/2487 685/647/2487 686/3273/2487
f 2787/3239/2488 684/3277/2488 685/647/2488
f 2791/3245/2489 683/649/2489 684/3277/2489
f 679/3214/2490 687/3278/2490 32/906/2490
f 678/3279/2491 2795/3251/2491 679/3214/2491
f 677/3280/2492 2796/3249/2492 678/3279/2492
f 676/3271/2493 2797/3252/2493 677/3280/2493
f 2795/3251/2494 688/3281/2494 687/3278/2494
f 2799/3250/2495 689/3282/2495 688/3281/2495
f 2803/3256/2496 690/3283/2496 689/3282/2496
f 2809/3284/2497 2812/3285/2497 2808/3286/2497
f 2810/3287/2498 2813/3288/2498 2809/3284/2498
f 2811/3289/2499 2814/3290/2499 2810/3287/2499
f 2813/3288/2500 2816/3291/2500 2812/3285/2500
f 2814/3290/2501 2817/3292/2501 2813/3288/2501
f 2815/3293/2502 2818/3294/2502 2814/3290/2502
f 2821/3295/2503 2824/3296/2503 2820/3297/2503
f 2821/3295/2504 2826/3298/2504 2825/3299/2504
f 2822/3300/2505 2827/3301/2505 2826/3298/2505
f 2824/3296/2506 2829/3302/2506 2828/3303/2506
f 2825/3299/2507 2830/3304/2507 2829/3302/2507
f 2826/3298/2508 2831/3305/2508 2830/3304/2508
f 2833/3306/2509 2836/3307/2509 2832/3308/2509
f 2834/3309/2510 2837/3310/2510 2833/3306/2510
f 2835/3311/2511 2838/3312/2511 2834/3309/2511
f 2837/3310/2512 2840/3313/2512 2836/3307/2512
f 2838/3312/2513 2841/3314/2513 2837/3310/2513
f 2839/3315/2514 2842/3316/2514 2838/3312/2514
f 2828/3303/2515 2815/3293/2515 2811/3317/2515
f 2829/3302/2516 2819/3318/2516 2815/3293/2516
f 2841/3314/2517 2823/3319/2517 2840/3313/2517
f 2842/3316/2518 2827/3320/2518 2841/3314/2518
f 2817/3292/2519 2835/3321/2519 2816/3291/2519
f 2818/3294/2520 2839/3322/2520 2817/3292/2520
f 2818/3294/2521 2807/3323/2521 2843/3324/2521
f 2830/3304/2522 2807/3323/2522 2819/3318/2522
f 2842/3316/2523 2807/3323/2523 2831/3305/2523
f 322/3325/2524 693/3326/2524 22/646/2524
f 321/3327/2525 2808/3286/2525 322/3325/2525
f 320/3328/2526 2809/3284/2526 321/3327/2526
f 319/3329/2527 2810/3287/2527 320/3328/2527
f 2808/3286/2528 692/3330/2528 693/3326/2528
f 2812/3285/2529 691/3331/2529 692/3330/2529
f 2816/3291/2530 690/3332/2530 691/3331/2530
f 386/3333/2531 316/3334/2531 5/571/2531
f 387/3335/2532 2820/3297/2532 386/3333/2532
f 388/896/2533 2821/3295/2533 387/3335/2533
f 388/896/2534 2823/3336/2534 2822/3300/2534
f 2820/3297/2535 317/3337/2535 316/3334/2535
f 2824/3296/2536 318/3338/2536 317/3337/2536
f 318/3338/2537 2811/3317/2537 319/3329/2537
f 687/3278/2538 392/3339/2538 32/906/2538
f 688/3340/2539 2832/3308/2539 687/3278/2539
f 689/3341/2540 2833/3306/2540 688/3340/2540
f 690/3276/2541 2834/3309/2541 689/3341/2541
f 2832/3308/2542 391/3342/2542 392/3339/2542
f 2836/3307/2543 390/3343/2543 391/3342/2543
f 2840/3313/2544 389/3344/2544 390/3343/2544
f 2846/3345/2545 2849/3346/2545 2845/3347/2545
f 2847/3348/2546 2850/3349/2546 2846/3345/2546
f 2848/3350/2547 2851/3351/2547 2847/3348/2547
f 2850/3349/2548 2853/3352/2548 2849/3346/2548
f 2851/3351/2549 2854/3353/2549 2850/3349/2549
f 2852/3354/2550 2855/3355/2550 2851/3351/2550
f 2858/3356/2551 2861/3357/2551 2857/3358/2551
f 2859/3359/2552 2862/3360/2552 2858/3356/2552
f 2860/3361/2553 2863/3362/2553 2859/3359/2553
f 2862/3360/2554 2865/3363/2554 2861/3357/2554
f 2863/3362/2555 2866/3364/2555 2862/3360/2555
f 2864/3365/2556 2867/3366/2556 2863/3362/2556
f 2870/3367/2557 2873/3368/2557 2869/3369/2557
f 2870/3367/2558 2875/3370/2558 2874/3371/2558
f 2871/3372/2559 2876/3373/2559 2875/3370/2559
f 2873/3368/2560 2878/3374/2560 2877/3375/2560
f 2874/3371/2561 2879/3376/2561 2878/3374/2561
f 2875/3370/2562 2880/3377/2562 2879/3376/2562
f 2866/3364/2563 2848/3378/2563 2865/3363/2563
f 2867/3366/2564 2852/3354/2564 2866/3364/2564
f 2877/3375/2565 2864/3379/2565 2860/3380/2565
f 2878/3374/2566 2868/3381/2566 2864/3379/2566
f 2854/3353/2567 2872/3382/2567 2853/3352/2567
f 2855/3355/2568 2876/3383/2568 2854/3353/2568
f 2855/3355/2569 2844/3384/2569 2880/3377/2569
f 2867/3366/2570 2844/3384/2570 2856/3385/2570
f 2879/3376/2571 2844/3384/2571 2868/3381/2571
f 694/3386/2572 371/2604/2572 29/588/2572
f 695/3387/2573 2845/3347/2573 694/3386/2573
f 696/3388/2574 2846/3345/2574 695/3387/2574
f 697/3389/2575 2847/3348/2575 696/3388/2575
f 2845/3347/2576 370/3390/2576 371/2604/2576
f 2849/3346/2577 369/3391/2577 370/3390/2577
f 2853/3352/2578 368/3392/2578 369/3391/2578
f 162/3393/2579 700/3394/2579 30/844/2579
f 163/3395/2580 2857/3358/2580 162/3393/2580
f 164/3396/2581 2858/3356/2581 163/3395/2581
f 165/3397/2582 2859/3359/2582 164/3396/2582
f 2857/3358/2583 699/3398/2583 700/3394/2583
f 2861/3357/2584 698/3399/2584 699/3398/2584
f 2865/3363/2585 697/3400/2585 698/3399/2585
f 365/2610/2586 168/3401/2586 9/1156/2586
f 366/3402/2587 2869/3369/2587 365/2610/2587
f 367/2614/2588 2870/3367/2588 366/3402/2588
f 367/2614/2589 2872/3382/2589 2871/3372/2589
f 2869/3369/2590 167/3403/2590 168/3401/2590
f 2873/3368/2591 166/3404/2591 167/3403/2591
f 166/3404/2592 2860/3380/2592 165/3405/2592
f 2883/3406/2593 2886/3407/2593 2882/3408/2593
f 2884/3409/2594 2887/3410/2594 2883/3406/2594
f 2885/3411/2595 2888/3412/2595 2884/3409/2595
f 2887/3410/2596 2890/3413/2596 2886/3407/2596
f 2888/3412/2597 2891/3414/2597 2887/3410/2597
f 2889/3415/2598 2892/3416/2598 2888/3412/2598
f 2895/3417/2599 2898/3418/2599 2894/3419/2599
f 2896/3420/2600 2899/3421/2600 2895/3417/2600
f 2897/3422/2601 2900/3423/2601 2896/3420/2601
f 2899/3421/2602 2902/3424/2602 2898/3418/2602
f 2900/3423/2603 2903/3425/2603 2899/3421/2603
f 2901/3426/2604 2904/3427/2604 2900/3423/2604
f 2907/3428/2605 2910/3429/2605 2906/3430/2605
f 2908/3431/2606 2911/3432/2606 2907/3428/2606
f 2909/3433/2607 2912/3434/2607 2908/3431/2607
f 2911/3432/2608 2914/3435/2608 2910/3429/2608
f 2912/3434/2609 2915/3436/2609 2911/3432/2609
f 2913/3437/2610 2916/3438/2610 2912/3434/2610
f 2903/3425/2611 2885/3439/2611 2902/3424/2611
f 2904/3427/2612 2889/3440/2612 2903/3425/2612
f 2915/3436/2613 2897/3441/2613 2914/3435/2613
f 2916/3438/2614 2901/3442/2614 2915/3436/2614
f 2891/3414/2615 2909/3443/2615 2890/3413/2615
f 2892/3416/2616 2913/3444/2616 2891/3414/2616
f 2892/3416/2617 2881/3445/2617 2917/3446/2617
f 2904/3427/2618 2881/3445/2618 2893/3447/2618
f 2916/3438/2619 2881/3445/2619 2905/3448/2619
f 701/587/2620 694/3449/2620 29/588/2620
f 702/3450/2621 2882/3408/2621 701/587/2621
f 703/593/2622 2883/3406/2622 702/3450/2622
f 704/3451/2623 2884/3409/2623 703/593/2623
f 2882/3408/2624 695/3452/2624 694/3449/2624
f 2886/3407/2625 696/3388/2625 695/3452/2625
f 2890/3413/2626 697/3453/2626 696/3388/2626
f 714/3454/2627 707/3455/2627 21/579/2627
f 713/3456/2628 2894/3419/2628 714/3454/2628
f 712/3457/2629 2895/3417/2629 713/3456/2629
f 711/3458/2630 2896/3420/2630 712/3457/2630
f 2894/3419/2631 706/3459/2631 707/3455/2631
f 2898/3418/2632 705/581/2632 706/3459/2632
f 2902/3424/2633 704/594/2633 705/581/2633
f 700/3394/2634 708/3460/2634 30/844/2634
f 699/3461/2635 2906/3430/2635 700/3394/2635
f 698/3462/2636 2907/3428/2636 699/3461/2636
f 697/3463/2637 2908/3431/2637 698/3462/2637
f 2906/3430/2638 709/3464/2638 708/3460/2638
f 2910/3429/2639 710/3465/2639 709/3464/2639
f 2914/3435/2640 711/3466/2640 710/3465/2640
f 2920/3467/2641 2923/3468/2641 2919/3469/2641
f 2921/3470/2642 2924/3471/2642 2920/3467/2642
f 2922/3472/2643 2925/3473/2643 2921/3470/2643
f 2924/3471/2644 2927/3474/2644 2923/3468/2644
f 2925/3473/2645 2928/3475/2645 2924/3471/2645
f 2926/3476/2646 2929/3477/2646 2925/3473/2646
f 2932/3478/2647 2935/3479/2647 2931/3480/2647
f 2932/3478/2648 2937/3481/2648 2936/3482/2648
f 2933/3483/2649 2938/3484/2649 2937/3481/2649
f 2935/3479/2650 2940/3485/2650 2939/3486/2650
f 2936/3482/2651 2941/3487/2651 2940/3485/2651
f 2937/3481/2652 2942/3488/2652 2941/3487/2652
f 2944/3489/2653 2947/3490/2653 2943/3491/2653
f 2945/3492/2654 2948/3493/2654 2944/3489/2654
f 2946/3494/2655 2949/3495/2655 2945/3492/2655
f 2948/3493/2656 2951/3496/2656 2947/3490/2656
f 2949/3495/2657 2952/3497/2657 2948/3493/2657
f 2950/3498/2658 2953/3499/2658 2949/3495/2658
f 2939/3486/2659 2926/3500/2659 2922/3501/2659
f 2940/3485/2660 2930/3502/2660 2926/3500/2660
f 2952/3497/2661 2934/3503/2661 2951/3496/2661
f 2953/3499/2662 2938/3504/2662 2952/3497/2662
f 2928/3475/2663 2946/3505/2663 2927/3474/2663
f 2929/3477/2664 2950/3506/2664 2928/3475/2664
f 2929/3477/2665 2918/3507/2665 2954/3508/2665
f 2941/3487/2666 2918/3507/2666 2930/3502/2666
f 2953/3499/2667 2918/3507/2667 2942/3488/2667
f 315/3509/2668 714/3454/2668 21/579/2668
f 314/3510/2669 2919/3469/2669 315/3509/2669
f 313/3511/2670 2920/3467/2670 314/3510/2670
f 312/3512/2671 2921/3470/2671 313/3511/2671
f 2919/3469/2672 713/3513/2672 714/3454/2672
f 2923/3468/2673 712/3514/2673 713/3513/2673
f 2927/3474/2674 711/3515/2674 712/3514/2674
f 372/828/2675 309/3516/2675 4/505/2675
f 373/831/2676 2931/3480/2676 372/828/2676
f 374/3517/2677 2932/3478/2677 373/831/2677
f 374/3517/2678 2934/3518/2678 2933/3483/2678
f 2931/3480/2679 310/3519/2679 309/3516/2679
f 2935/3479/2680 311/3520/2680 310/3519/2680
f 311/3520/2681 2922/3501/2681 312/3521/2681
f 708/3522/2682 378/3523/2682 30/844/2682
f 709/3524/2683 2943/3491/2683 708/3522/2683
f 710/3525/2684 2944/3489/2684 709/3524/2684
f 711/3526/2685 2945/3492/2685 710/3525/2685
f 2943/3491/2686 377/3527/2686 378/3523/2686
f 2947/3490/2687 376/846/2687 377/3527/2687
f 2951/3496/2688 375/847/2688 376/846/2688
f 2957/3528/2689 2960/3529/2689 2956/3530/2689
f 2958/3531/2690 2961/3532/2690 2957/3528/2690
f 2959/3533/2691 2962/3534/2691 2958/3531/2691
f 2961/3532/2692 2964/3535/2692 2960/3529/2692
f 2962/3534/2693 2965/3536/2693 2961/3532/2693
f 2963/3537/2694 2966/3538/2694 2962/3534/2694
f 2969/3539/2695 2972/3540/2695 2968/3541/2695
f 2970/3542/2696 2973/3543/2696 2969/3539/2696
f 2971/3544/2697 2974/3545/2697 2970/3542/2697
f 2973/3543/2698 2976/3546/2698 2972/3540/2698
f 2974/3545/2699 2977/3547/2699 2973/3543/2699
f 2975/3548/2700 2978/3549/2700 2974/3545/2700
f 2981/3550/2701 2984/3551/2701 2980/3552/2701
f 2981/3550/2702 2986/3553/2702 2985/3554/2702
f 2982/3555/2703 2987/3556/2703 2986/3553/2703
f 2984/3551/2704 2989/3557/2704 2988/3558/2704
f 2985/3554/2705 2990/3559/2705 2989/3557/2705
f 2986/3553/2706 2991/3560/2706 2990/3559/2706
f 2977/3547/2707 2959/3561/2707 2976/3546/2707
f 2978/3549/2708 2963/3537/2708 2977/3547/2708
f 2988/3558/2709 2975/3562/2709 2971/3563/2709
f 2989/3557/2710 2979/3564/2710 2975/3562/2710
f 2965/3536/2711 2983/3565/2711 2964/3535/2711
f 2966/3538/2712 2987/3556/2712 2965/3536/2712
f 2966/3538/2713 2955/3566/2713 2991/3560/2713
f 2978/3549/2714 2955/3566/2714 2967/3567/2714
f 2990/3559/2715 2955/3566/2715 2979/3564/2715
f 715/3568/2716 357/3569/2716 27/523/2716
f 716/3570/2717 2956/3530/2717 715/3568/2717
f 717/3571/2718 2957/3528/2718 716/3570/2718
f 718/3572/2719 2958/3531/2719 717/3571/2719
f 2956/3530/2720 356/2788/2720 357/3569/2720
f 2960/3529/2721 355/2789/2721 356/2788/2721
f 2964/3535/2722 354/3573/2722 355/2789/2722
f 148/3574/2723 721/3575/2723 28/3576/2723
f 149/3577/2724 2968/3541/2724 148/3574/2724
f 150/3578/2725 2969/3539/2725 149/3577/2725
f 151/3579/2726 2970/3542/2726 150/3578/2726
f 2968/3541/2727 720/3580/2727 721/3575/2727
f 2972/3540/2728 719/3581/2728 720/3580/2728
f 2976/3546/2729 718/3582/2729 719/3581/2729
f 351/2794/2730 154/3583/2730 8/1872/2730
f 352/3584/2731 2980/3552/2731 351/2794/2731
f 353/2798/2732 2981/3550/2732 352/3584/2732
f 353/2798/2733 2983/3585/2733 2982/3555/2733
f 2980/3552/2734 153/3586/2734 154/3583/2734
f 2984/3551/2735 152/3587/2735 153/3586/2735
f 152/3587/2736 2971/3563/2736 151/3579/2736
f 2994/3588/2737 2997/3589/2737 2993/3590/2737
f 2995/3591/2738 2998/3592/2738 2994/3588/2738
f 2996/3593/2739 2999/3594/2739 2995/3591/2739
f 2998/3592/2740 3001/3595/2740 2997/3589/2740
f 2999/3594/2741 3002/3596/2741 2998/3592/2741
f 3000/3597/2742 3003/3598/2742 2999/3594/2742
f 3006/3599/2743 3009/3600/2743 3005/3601/2743
f 3007/3602/2744 3010/3603/2744 3006/3599/2744
f 3008/3604/2745 3011/3605/2745 3007/3602/2745
f 3010/3603/2746 3013/3606/2746 3009/3600/2746
f 3011/3605/2747 3014/3607/2747 3010/3603/2747
f 3012/3608/2748 3015/3609/2748 3011/3605/2748
f 3018/3610/2749 3021/3611/2749 3017/3612/2749
f 3019/3613/2750 3022/3614/2750 3018/3610/2750
f 3020/3615/2751 3023/3616/2751 3019/3613/2751
f 3022/3614/2752 3025/3617/2752 3021/3611/2752
f 3023/3616/2753 3026/3618/2753 3022/3614/2753
f 3024/3619/2754 3027/3620/2754 3023/3616/2754
f 3014/3607/2755 2996/3621/2755 3013/3606/2755
f 3015/3609/2756 3000/3622/2756 3014/3607/2756
f 3026/3618/2757 3008/3604/2757 3025/3617/2757
f 3027/3620/2758 3012/3623/2758 3026/3618/2758
f 3002/3596/2759 3020/3615/2759 3001/3595/2759
f 3003/3598/2760 3024/3624/2760 3002/3596/2760
f 3003/3598/2761 2992/3625/2761 3028/3626/2761
f 3015/3609/2762 2992/3625/2762 3004/3627/2762
f 3027/3620/2763 2992/3625/2763 3016/3628/2763
f 722/3629/2764 715/3630/2764 27/523/2764
f 723/3631/2765 2993/3590/2765 722/3629/2765
f 724/3632/2766 2994/3588/2766 723/3631/2766
f 725/3633/2767 2995/3591/2767 724/3632/2767
f 2993/3590/2768 716/3634/2768 715/3630/2768
f 2997/3589/2769 717/3635/2769 716/3634/2769
f 3001/3595/2770 718/3636/2770 717/3635/2770
f 735/3637/2771 728/3638/2771 19/514/2771
f 734/3639/2772 3005/3601/2772 735/3637/2772
f 733/3640/2773 3006/3599/2773 734/3639/2773
f 732/3641/2774 3007/3602/2774 733/3640/2774
f 3005/3601/2775 727/515/2775 728/3638/2775
f 3009/3600/2776 726/516/2776 727/515/2776
f 3013/3606/2777 725/3633/2777 726/516/2777
f 721/3642/2778 729/3643/2778 28/3576/2778
f 720/3644/2779 3017/3612/2779 721/3642/2779
f 719/3645/2780 3018/3610/2780 720/3644/2780
f 718/3646/2781 3019/3613/2781 719/3645/2781
f 3017/3612/2782 730/3647/2782 729/3643/2782
f 3021/3611/2783 731/3648/2783 730/3647/2783
f 3025/3617/2784 732/3649/2784 731/3648/2784
f 3031/3650/2785 3034/3651/2785 3030/3652/2785
f 3032/3653/2786 3035/3654/2786 3031/3650/2786
f 3033/3655/2787 3036/3656/2787 3032/3653/2787
f 3035/3654/2788 3038/3657/2788 3034/3651/2788
f 3036/3656/2789 3039/3658/2789 3035/3654/2789
f 3037/3659/2790 3040/3660/2790 3036/3656/2790
f 3043/3661/2791 3046/3662/2791 3042/3663/2791
f 3043/3661/2792 3048/3664/2792 3047/3665/2792
f 3044/3666/2793 3049/3667/2793 3048/3664/2793
f 3046/3662/2794 3051/3668/2794 3050/3669/2794
f 3047/3665/2795 3052/3670/2795 3051/3668/2795
f 3048/3664/2796 3053/3671/2796 3052/3670/2796
f 3055/3672/2797 3058/3673/2797 3054/3674/2797
f 3056/3675/2798 3059/3676/2798 3055/3672/2798
f 3057/3677/2799 3060/3678/2799 3056/3675/2799
f 3059/3676/2800 3062/3679/2800 3058/3673/2800
f 3060/3678/2801 3063/3680/2801 3059/3676/2801
f 3061/3681/2802 3064/3682/2802 3060/3678/2802
f 3050/3669/2803 3037/3659/2803 3033/3683/2803
f 3051/3668/2804 3041/3684/2804 3037/3659/2804
f 3063/3680/2805 3045/3685/2805 3062/3679/2805
f 3064/3682/2806 3049/3686/2806 3063/3680/2806
f 3039/3658/2807 3057/3687/2807 3038/3657/2807
f 3040/3660/2808 3061/3681/2808 3039/3658/2808
f 3040/3660/2809 3029/3688/2809 3065/3689/2809
f 3052/3670/2810 3029/3688/2810 3041/3684/2810
f 3064/3682/2811 3029/3688/2811 3053/3671/2811
f 301/3690/2812 735/3637/2812 19/514/2812
f 300/3691/2813 3030/3652/2813 301/3690/2813
f 299/3692/2814 3031/3650/2814 300/3691/2814
f 298/3693/2815 3032/3653/2815 299/3692/2815
f 3030/3652/2816 734/3694/2816 735/3637/2816
f 3034/3651/2817 733/3695/2817 734/3694/2817
f 3038/3657/2818 732/3696/2818 733/3695/2818
f 358/3697/2819 295/3698/2819 3/3699/2819
f 359/3700/2820 3042/3663/2820 358/3697/2820
f 360/3701/2821 3043/3661/2821 359/3700/2821
f 360/3701/2822 3045/3685/2822 3044/3666/2822
f 3042/3663/2823 296/3702/2823 295/3698/2823
f 3046/3662/2824 297/3703/2824 296/3702/2824
f 297/3703/2825 3033/3683/2825 298/3693/2825
f 729/3704/2826 364/3705/2826 28/3576/2826
f 730/3706/2827 3054/3674/2827 729/3704/2827
f 731/3648/2828 3055/3672/2828 730/3706/2828
f 732/3696/2829 3056/3675/2829 731/3648/2829
f 3054/3674/2830 363/3707/2830 364/3705/2830
f 3058/3673/2831 362/3708/2831 363/3707/2831
f 3062/3679/2832 361/3709/2832 362/3708/2832
f 3068/3710/2833 3071/3711/2833 3067/3712/2833
f 3069/3713/2834 3072/3714/2834 3068/3710/2834
f 3070/3715/2835 3073/3716/2835 3069/3713/2835
f 3072/3714/2836 3075/3717/2836 3071/3711/2836
f 3073/3716/2837 3076/3718/2837 3072/3714/2837
f 3074/3719/2838 3077/3720/2838 3073/3716/2838
f 3080/3721/2839 3083/3722/2839 3079/3723/2839
f 3081/3724/2840 3084/3725/2840 3080/3721/2840
f 3082/3726/2841 3085/3727/2841 3081/3724/2841
f 3084/3725/2842 3087/3728/2842 3083/3722/2842
f 3085/3727/2843 3088/3729/2843 3084/3725/2843
f 3086/3730/2844 3089/3731/2844 3085/3727/2844
f 3092/3732/2845 3095/3733/2845 3091/3734/2845
f 3092/3732/2846 3097/3735/2846 3096/3736/2846
f 3093/3737/2847 3098/3738/2847 3097/3735/2847
f 3095/3733/2848 3100/3739/2848 3099/3740/2848
f 3096/3736/2849 3101/3741/2849 3100/3739/2849
f 3097/3735/2850 3102/3742/2850 3101/3741/2850
f 3088/3729/2851 3070/3743/2851 3087/3728/2851
f 3089/3731/2852 3074/3719/2852 3088/3729/2852
f 3099/3740/2853 3086/3744/2853 3082/3745/2853
f 3100/3739/2854 3090/3746/2854 3086/3744/2854
f 3076/3718/2855 3094/3747/2855 3075/3717/2855
f 3077/3720/2856 3098/3748/2856 3076/3718/2856
f 3077/3720/2857 3066/3749/2857 3102/3742/2857
f 3089/3731/2858 3066/3749/2858 3078/3750/2858
f 3101/3741/2859 3066/3749/2859 3090/3746/2859
f 736/3751/2860 343/2969/2860 25/455/2860
f 737/3752/2861 3067/3712/2861 736/3751/2861
f 738/3753/2862 3068/3710/2862 737/3752/2862
f 739/3754/2863 3069/3713/2863 738/3753/2863
f 3067/3712/2864 342/2970/2864 343/2969/2864
f 3071/3711/2865 341/3755/2865 342/2970/2865
f 3075/3717/2866 340/2972/2866 341/3755/2866
f 134/3029/2867 742/3756/2867 26/717/2867
f 135/3757/2868 3079/3723/2868 134/3029/2868
f 136/3758/2869 3080/3721/2869 135/3757/2869
f 137/3759/2870 3081/3724/2870 136/3758/2870
f 3079/3723/2871 741/3760/2871 742/3756/2871
f 3083/3722/2872 740/3761/2872 741/3760/2872
f 3087/3728/2873 739/3754/2873 740/3761/2873
f 337/3762/2874 140/3763/2874 7/1021/2874
f 338/3764/2875 3091/3734/2875 337/3762/2875
f 339/2980/2876 3092/3732/2876 338/3764/2876
f 339/2980/2877 3094/3747/2877 3093/3737/2877
f 3091/3734/2878 139/3765/2878 140/3763/2878
f 3095/3733/2879 138/3766/2879 139/3765/2879
f 138/3766/2880 3082/3745/2880 137/3767/2880
f 3105/3768/2881 3108/3769/2881 3104/3770/2881
f 3106/3771/2882 3109/3772/2882 3105/3768/2882
f 3107/3773/2883 3110/3774/2883 3106/3771/2883
f 3109/3772/2884 3112/3775/2884 3108/3769/2884
f 3110/3774/2885 3113/3776/2885 3109/3772/2885
f 3111/3777/2886 3114/3778/2886 3110/3774/2886
f 3117/3779/2887 3120/3780/2887 3116/3781/2887
f 3118/3782/2888 3121/3783/2888 3117/3779/2888
f 3119/3784/2889 3122/3785/2889 3118/3782/2889
f 3121/3783/2890 3124/3786/2890 3120/3780/2890
f 3122/3785/2891 3125/3787/2891 3121/3783/2891
f 3123/3788/2892 3126/3789/2892 3122/3785/2892
f 3129/3790/2893 3132/3791/2893 3128/3792/2893
f 3130/3793/2894 3133/3794/2894 3129/3790/2894
f 3131/3795/2895 3134/3796/2895 3130/3793/2895
f 3133/3794/2896 3136/3797/2896 3132/3791/2896
f 3134/3796/2897 3137/3798/2897 3133/3794/2897
f 3135/3799/2898 3138/3800/2898 3134/3796/2898
f 3125/3787/2899 3107/3773/2899 3124/3786/2899
f 3126/3789/2900 3111/3777/2900 3125/3787/2900
f 3137/3798/2901 3119/3801/2901 3136/3797/2901
f 3138/3800/2902 3123/3802/2902 3137/3798/2902
f 3113/3776/2903 3131/3795/2903 3112/3775/2903
f 3114/3778/2904 3135/3799/2904 3113/3776/2904
f 3114/3778/2905 3103/3803/2905 3139/3804/2905
f 3126/3789/2906 3103/3803/2906 3115/3805/2906
f 3138/3800/2907 3103/3803/2907 3127/3806/2907
f 743/454/2908 736/3807/2908 25/455/2908
f 744/3808/2909 3104/3770/2909 743/454/2909
f 745/460/2910 3105/3768/2910 744/3808/2910
f 746/461/2911 3106/3771/2911 745/460/2911
f 3104/3770/2912 737/3809/2912 736/3807/2912
f 3108/3769/2913 738/3753/2913 737/3809/2913
f 3112/3775/2914 739/3810/2914 738/3753/2914
f 756/3811/2915 749/3812/2915 15/446/2915
f 755/3813/2916 3116/3781/2916 756/3811/2916
f 754/3814/2917 3117/3779/2917 755/3813/2917
f 753/3815/2918 3118/3782/2918 754/3814/2918
f 3116/3781/2919 748/447/2919 749/3812/2919
f 3120/3780/2920 747/448/2920 748/447/2920
f 3124/3786/2921 746/449/2921 747/448/2921
f 742/3756/2922 750/3816/2922 26/717/2922
f 741/3817/2923 3128/3792/2923 742/3756/2923
f 740/3818/2924 3129/3790/2924 741/3817/2924
f 739/3819/2925 3130/3793/2925 740/3818/2925
f 3128/3792/2926 751/3820/2926 750/3816/2926
f 3132/3791/2927 752/3821/2927 751/3820/2927
f 3136/3797/2928 753/3822/2928 752/3821/2928
f 3142/3823/2929 3145/3824/2929 3141/3825/2929
f 3143/3826/2930 3146/3827/2930 3142/3823/2930
f 3144/3828/2931 3147/3829/2931 3143/3826/2931
f 3146/3827/2932 3149/3830/2932 3145/3824/2932
f 3147/3829/2933 3150/3831/2933 3146/3827/2933
f 3148/3832/2934 3151/3833/2934 3147/3829/2934
f 3154/3834/2935 3157/3835/2935 3153/3836/2935
f 3154/3834/2936 3159/3837/2936 3158/3838/2936
f 3155/3839/2937 3160/3840/2937 3159/3837/2937
f 3157/3835/2938 3162/3841/2938 3161/3842/2938
f 3158/3838/2939 3163/3843/2939 3162/3841/2939
f 3159/3837/2940 3164/3844/2940 3163/3843/2940
f 3166/3845/2941 3169/3846/2941 3165/3847/2941
f 3167/3848/2942 3170/3849/2942 3166/3845/2942
f 3168/3850/2943 3171/3851/2943 3167/3848/2943
f 3170/3849/2944 3173/3852/2944 3169/3846/2944
f 3171/3851/2945 3174/3853/2945 3170/3849/2945
f 3172/3854/2946 3175/3855/2946 3171/3851/2946
f 3161/3842/2947 3148/3832/2947 3144/3856/2947
f 3162/3841/2948 3152/3857/2948 3148/3832/2948
f 3174/3853/2949 3156/3858/2949 3173/3852/2949
f 3175/3855/2950 3160/3859/2950 3174/3853/2950
f 3150/3831/2951 3168/3860/2951 3149/3830/2951
f 3151/3833/2952 3172/3854/2952 3150/3831/2952
f 3151/3833/2953 3140/3861/2953 3176/3862/2953
f 3163/3843/2954 3140/3861/2954 3152/3857/2954
f 3175/3855/2955 3140/3861/2955 3164/3844/2955
f 273/3863/2956 756/3864/2956 15/446/2956
f 272/3865/2957 3141/3825/2957 273/3863/2957
f 271/3866/2958 3142/3823/2958 272/3865/2958
f 270/3867/2959 3143/3826/2959 271/3866/2959
f 3141/3825/2960 755/3868/2960 756/3864/2960
f 3145/3824/2961 754/3869/2961 755/3868/2961
f 3149/3830/2962 753/3870/2962 754/3869/2962
f 344/3871/2963 267/3872/2963 2/110/2963
f 345/3873/2964 3153/3836/2964 344/3871/2964
f 346/706/2965 3154/3834/2965 345/3873/2965
f 346/706/2966 3156/3874/2966 3155/3839/2966
f 3153/3836/2967 268/3875/2967 267/3872/2967
f 3157/3835/2968 269/3876/2968 268/3875/2968
f 269/3876/2969 3144/3856/2969 270/3867/2969
f 750/3877/2970 350/3878/2970 26/717/2970
f 751/3879/2971 3165/3847/2971 750/3877/2971
f 752/3880/2972 3166/3845/2972 751/3879/2972
f 753/3881/2973 3167/3848/2973 752/3880/2973
f 3165/3847/2974 349/3882/2974 350/3878/2974
f 3169/3846/2975 348/719/2975 349/3882/2975
f 3173/3852/2976 347/3883/2976 348/719/2976
f 3179/3884/2977 3182/3885/2977 3178/3886/2977
f 3180/3887/2978 3183/3888/2978 3179/3884/2978
f 3181/3889/2979 3184/3890/2979 3180/3887/2979
f 3183/3888/2980 3186/3891/2980 3182/3885/2980
f 3184/3890/2981 3187/3892/2981 3183/3888/2981
f 3185/3893/2982 3188/3894/2982 3184/3890/2982
f 3191/3895/2983 3194/3896/2983 3190/3897/2983
f 3192/3898/2984 3195/3899/2984 3191/3895/2984
f 3193/3900/2985 3196/3901/2985 3192/3898/2985
f 3195/3899/2986 3198/3902/2986 3194/3896/2986
f 3196/3901/2987 3199/3903/2987 3195/3899/2987
f 3197/3904/2988 3200/3905/2988 3196/3901/2988
f 3203/3906/2989 3206/3907/2989 3202/3908/2989
f 3203/3906/2990 3208/3909/2990 3207/3910/2990
f 3204/3911/2991 3209/3912/2991 3208/3909/2991
f 3206/3907/2992 3211/3913/2992 3210/3914/2992
f 3207/3910/2993 3212/3915/2993 3211/3913/2993
f 3208/3909/2994 3213/3916/2994 3212/3915/2994
f 3199/3903/2995 3181/3917/2995 3198/3902/2995
f 3200/3905/2996 3185/3893/2996 3199/3903/2996
f 3210/3914/2997 3197/3918/2997 3193/3919/2997
f 3211/3913/2998 3201/3920/2998 3197/3918/2998
f 3187/3892/2999 3205/3921/2999 3186/3891/2999
f 3188/3894/3000 3209/3922/3000 3187/3892/3000
f 3188/3894/3001 3177/3923/3001 3213/3916/3001
f 3200/3905/3002 3177/3923/3002 3189/3924/3002
f 3212/3915/3003 3177/3923/3003 3201/3920/3003
f 757/3925/3004 329/3150/3004 23/391/3004
f 758/3926/3005 3178/3886/3005 757/3925/3005
f 759/3927/3006 3179/3884/3006 758/3926/3006
f 760/3928/3007 3180/3887/3007 759/3927/3007
f 3178/3886/3008 328/3151/3008 329/3150/3008
f 3182/3885/3009 327/3929/3009 328/3151/3009
f 3186/3891/3010 326/3153/3010 327/3929/3010
f 120/3930/3011 763/3931/3011 24/971/3011
f 121/3932/3012 3190/3897/3012 120/3930/3012
f 122/3933/3013 3191/3895/3013 121/3932/3013
f 123/3934/3014 3192/3898/3014 122/3933/3014
f 3190/3897/3015 762/3935/3015 763/3931/3015
f 3194/3896/3016 761/3936/3016 762/3935/3016
f 3198/3902/3017 760/3937/3017 761/3936/3017
f 323/3156/3018 126/3938/3018 11/1294/3018
f 324/3939/3019 3202/3908/3019 323/3156/3019
f 325/3159/3020 3203/3906/3020 324/3939/3020
f 325/3159/3021 3205/3921/3021 3204/3911/3021
f 3202/3908/3022 125/3940/3022 126/3938/3022
f 3206/3907/3023 124/3941/3023 125/3940/3023
f 124/3941/3024 3193/3919/3024 123/2313/3024
f 3216/3942/3025 3219/3943/3025 3215/3944/3025
f 3217/3945/3026 3220/3946/3026 3216/3942/3026
f 3218/3947/3027 3221/3948/3027 3217/3945/3027
f 3220/3946/3028 3223/3949/3028 3219/3943/3028
f 3221/3948/3029 3224/3950/3029 3220/3946/3029
f 3222/3951/3030 3225/3952/3030 3221/3948/3030
f 3228/3953/3031 3231/3954/3031 3227/3955/3031
f 3229/3956/3032 3232/3957/3032 3228/3953/3032
f 3230/3958/3033 3233/3959/3033 3229/3956/3033
f 3232/3957/3034 3235/3960/3034 3231/3954/3034
f 3233/3959/3035 3236/3961/3035 3232/3957/3035
f 3234/3962/3036 3237/3963/3036 3233/3959/3036
f 3240/3964/3037 3243/3965/3037 3239/3966/3037
f 3241/3967/3038 3244/3968/3038 3240/3964/3038
f 3242/3969/3039 3245/3970/3039 3241/3967/3039
f 3244/3968/3040 3247/3971/3040 3243/3965/3040
f 3245/3970/3041 3248/3972/3041 3244/3968/3041
f 3246/3973/3042 3249/3974/3042 3245/3970/3042
f 3236/3961/3043 3218/3975/3043 3235/3960/3043
f 3237/3963/3044 3222/3976/3044 3236/3961/3044
f 3248/3972/3045 3230/3977/3045 3247/3971/3045
f 3249/3974/3046 3234/3978/3046 3248/3972/3046
f 3224/3950/3047 3242/3969/3047 3223/3949/3047
f 3225/3952/3048 3246/3979/3048 3224/3950/3048
f 3225/3952/3049 3214/3980/3049 3250/3981/3049
f 3237/3963/3050 3214/3980/3050 3226/3982/3050
f 3249/3974/3051 3214/3980/3051 3238/3983/3051
f 764/3984/3052 757/3985/3052 23/391/3052
f 765/3986/3053 3215/3944/3053 764/3984/3053
f 766/395/3054 3216/3942/3054 765/3986/3054
f 767/396/3055 3217/3945/3055 766/395/3055
f 3215/3944/3056 758/3987/3056 757/3985/3056
f 3219/3943/3057 759/3927/3057 758/3987/3057
f 3223/3949/3058 760/3988/3058 759/3927/3058
f 777/3989/3059 770/382/3059 16/128/3059
f 776/3990/3060 3227/3955/3060 777/3989/3060
f 775/3991/3061 3228/3953/3061 776/3990/3061
f 774/3992/3062 3229/3956/3062 775/3991/3062
f 3227/3955/3063 769/3993/3063 770/382/3063
f 3231/3954/3064 768/3994/3064 769/3993/3064
f 3235/3960/3065 767/386/3065 768/3994/3065
f 763/3995/3066 771/3996/3066 24/971/3066
f 762/3997/3067 3239/3966/3067 763/3995/3067
f 761/3998/3068 3240/3964/3068 762/3997/3068
f 760/3988/3069 3241/3967/3069 761/3998/3069
f 3239/3966/3070 772/3999/3070 771/3996/3070
f 3243/3965/3071 773/4000/3071 772/3999/3071
f 3247/3971/3072 774/4001/3072 773/4000/3072
f 3253/4002/3073 3256/4003/3073 3252/4004/3073
f 3254/4005/3074 3257/4006/3074 3253/4002/3074
f 3255/4007/3075 3258/4008/3075 3254/4005/3075
f 3257/4006/3076 3260/4009/3076 3256/4003/3076
f 3258/4008/3077 3261/4010/3077 3257/4006/3077
f 3259/4011/3078 3262/4012/3078 3258/4008/3078
f 3265/4013/3079 3268/4014/3079 3264/4015/3079
f 3265/4013/3080 3270/4016/3080 3269/4017/3080
f 3266/4018/3081 3271/4019/3081 3270/4016/3081
f 3268/4014/3082 3273/4020/3082 3272/4021/3082
f 3269/4017/3083 3274/4022/3083 3273/4020/3083
f 3270/4016/3084 3275/4023/3084 3274/4022/3084
f 3277/4024/3085 3280/4025/3085 3276/4026/3085
f 3278/4027/3086 3281/4028/3086 3277/4024/3086
f 3279/4029/3087 3282/4030/3087 3278/4027/3087
f 3281/4028/3088 3284/4031/3088 3280/4025/3088
f 3282/4030/3089 3285/4032/3089 3281/4028/3089
f 3283/4033/3090 3286/4034/3090 3282/4030/3090
f 3272/4021/3091 3259/4011/3091 3255/4035/3091
f 3273/4020/3092 3263/4036/3092 3259/4011/3092
f 3285/4032/3093 3267/4037/3093 3284/4031/3093
f 3286/4034/3094 3271/4038/3094 3285/4032/3094
f 3261/4010/3095 3279/4039/3095 3260/4009/3095
f 3262/4012/3096 3283/4040/3096 3261/4010/3096
f 3262/4012/3097 3251/4041/3097 3287/4042/3097
f 3274/4022/3098 3251/4041/3098 3263/4036/3098
f 3286/4034/3099 3251/4041/3099 3275/4023/3099
f 280/4043/3100 777/3989/3100 16/128/3100
f 279/4044/3101 3252/4004/3101 280/4043/3101
f 278/4045/3102 3253/4002/3102 279/4044/3102
f 277/4046/3103 3254/4005/3103 278/4045/3103
f 3252/4004/3104 776/4047/3104 777/3989/3104
f 3256/4003/3105 775/4048/3105 776/4047/3105
f 3260/4009/3106 774/4049/3106 775/4048/3106
f 330/4050/3107 274/4051/3107 6/637/3107
f 331/959/3108 3264/4015/3108 330/4050/3108
f 332/4052/3109 3265/4013/3109 331/959/3109
f 332/4052/3110 3267/4053/3110 3266/4018/3110
f 3264/4015/3111 275/4054/3111 274/4051/3111
f 3268/4014/3112 276/4055/3112 275/4054/3112
f 276/4055/3113 3255/4035/3113 277/4056/3113
f 771/3996/3114 336/969/3114 24/971/3114
f 772/4057/3115 3276/4026/3115 771/3996/3115
f 773/4000/3116 3277/4024/3116 772/4057/3116
f 774/4049/3117 3278/4027/3117 773/4000/3117
f 3276/4026/3118 335/4058/3118 336/969/3118
f 3280/4025/3119 334/973/3119 335/4058/3119
f 3284/4031/3120 333/974/3120 334/973/3120
f 3290/4059/3121 3293/4060/3121 3289/4061/3121
f 3291/4062/3122 3294/4063/3122 3290/4059/3122
f 3292/4064/3123 3295/4065/3123 3291/4062/3123
f 3294/4063/3124 3297/4066/3124 3293/4060/3124
f 3295/4065/3125 3298/4067/3125 3294/4063/3125
f 3296/4068/3126 3299/4069/3126 3295/4065/3126
f 3302/4070/3127 3305/4071/3127 3301/4072/3127
f 3303/4073/3128 3306/4074/3128 3302/4070/3128
f 3304/4075/3129 3307/4076/3129 3303/4073/3129
f 3306/4074/3130 3309/4077/3130 3305/4071/3130
f 3307/4076/3131 3310/4078/3131 3306/4074/3131
f 3308/4079/3132 3311/4080/3132 3307/4076/3132
f 3314/4081/3133 3317/4082/3133 3313/4083/3133
f 3314/4081/3134 3319/4084/3134 3318/4085/3134
f 3315/4086/3135 3320/4087/3135 3319/4084/3135
f 3317/4082/3136 3322/4088/3136 3321/4089/3136
f 3318/4085/3137 3323/4090/3137 3322/4088/3137
f 3319/4084/3138 3324/4091/3138 3323/4090/3138
f 3310/4078/3139 3292/4092/3139 3309/4077/3139
f 3311/4080/3140 3296/4093/3140 3310/4078/3140
f 3321/4089/3141 3308/4079/3141 3304/4075/3141
f 3322/4088/3142 3312/4094/3142 3308/4079/3142
f 3298/4067/3143 3316/4095/3143 3297/4066/3143
f 3299/4069/3144 3320/4096/3144 3298/4067/3144
f 3299/4069/3145 3288/4097/3145 3324/4091/3145
f 3311/4080/3146 3288/4097/3146 3300/4098/3146
f 3323/4090/3147 3288/4097/3147 3312/4094/3147
f 778/4099/3148 71/4100/3148 17/329/3148
f 779/4101/3149 3289/4061/3149 778/4099/3149
f 780/4102/3150 3290/4059/3150 779/4101/3150
f 781/4103/3151 3291/4062/3151 780/4102/3151
f 3289/4061/3152 72/4104/3152 71/4100/3152
f 3293/4060/3153 73/4105/3153 72/4104/3153
f 3297/4066/3154 74/4106/3154 73/4105/3154
f 106/4107/3155 784/4108/3155 22/646/3155
f 107/650/3156 3301/4072/3156 106/4107/3156
f 108/4109/3157 3302/4070/3157 107/650/3157
f 109/4110/3158 3303/4073/3158 108/4109/3158
f 3301/4072/3159 783/4111/3159 784/4108/3159
f 3305/4071/3160 782/4112/3160 783/4111/3160
f 3309/4077/3161 781/4103/3161 782/4112/3161
f 77/4113/3162 112/635/3162 6/637/3162
f 76/4114/3163 3313/4083/3163 77/4113/3163
f 75/4115/3164 3314/4081/3164 76/4114/3164
f 75/4115/3165 3316/4116/3165 3315/4086/3165
f 3313/4083/3166 111/638/3166 112/635/3166
f 3317/4082/3167 110/639/3167 111/638/3167
f 110/639/3168 3304/4075/3168 109/4117/3168
f 3327/4118/3169 3330/4119/3169 3326/4120/3169
f 3328/4121/3170 3331/4122/3170 3327/4118/3170
f 3329/4123/3171 3332/4124/3171 3328/4121/3171
f 3331/4122/3172 3334/4125/3172 3330/4119/3172
f 3332/4124/3173 3335/4126/3173 3331/4122/3173
f 3333/4127/3174 3336/4128/3174 3332/4124/3174
f 3339/4129/3175 3342/4130/3175 3338/4131/3175
f 3340/4132/3176 3343/4133/3176 3339/4129/3176
f 3341/4134/3177 3344/4135/3177 3340/4132/3177
f 3343/4133/3178 3346/4136/3178 3342/4130/3178
f 3344/4135/3179 3347/4137/3179 3343/4133/3179
f 3345/4138/3180 3348/4139/3180 3344/4135/3180
f 3351/4140/3181 3354/4141/3181 3350/4142/3181
f 3352/4143/3182 3355/4144/3182 3351/4140/3182
f 3353/4145/3183 3356/4146/3183 3352/4143/3183
f 3355/4144/3184 3358/4147/3184 3354/4141/3184
f 3356/4146/3185 3359/4148/3185 3355/4144/3185
f 3357/4149/3186 3360/4150/3186 3356/4146/3186
f 3347/4137/3187 3329/4123/3187 3346/4136/3187
f 3348/4139/3188 3333/4151/3188 3347/4137/3188
f 3359/4148/3189 3341/4152/3189 3358/4147/3189
f 3360/4150/3190 3345/4153/3190 3359/4148/3190
f 3335/4126/3191 3353/4154/3191 3334/4125/3191
f 3336/4128/3192 3357/4149/3192 3335/4126/3192
f 3336/4128/3193 3325/4155/3193 3361/4156/3193
f 3348/4139/3194 3325/4155/3194 3337/4157/3194
f 3360/4150/3195 3325/4155/3195 3349/4158/3195
f 785/4159/3196 778/4160/3196 17/329/3196
f 786/4161/3197 3326/4120/3197 785/4159/3197
f 787/4162/3198 3327/4118/3198 786/4161/3198
f 788/4163/3199 3328/4121/3199 787/4162/3199
f 3326/4120/3200 779/4164/3200 778/4160/3200
f 3330/4119/3201 780/4165/3201 779/4164/3201
f 3334/4125/3202 781/4103/3202 780/4165/3202
f 798/4166/3203 791/4167/3203 20/320/3203
f 797/4168/3204 3338/4131/3204 798/4166/3204
f 796/4169/3205 3339/4129/3205 797/4168/3205
f 795/4170/3206 3340/4132/3206 796/4169/3206
f 3338/4131/3207 790/321/3207 791/4167/3207
f 3342/4130/3208 789/4171/3208 790/321/3208
f 3346/4136/3209 788/4172/3209 789/4171/3209
f 784/4173/3210 792/4174/3210 22/646/3210
f 783/4175/3211 3350/4142/3211 784/4173/3211
f 782/4176/3212 3351/4140/3212 783/4175/3212
f 781/4177/3213 3352/4143/3213 782/4176/3213
f 3350/4142/3214 793/4178/3214 792/4174/3214
f 3354/4141/3215 794/4179/3215 793/4178/3215
f 3358/4147/3216 795/4180/3216 794/4179/3216
f 3364/4181/3217 3367/4182/3217 3363/4183/3217
f 3365/4184/3218 3368/4185/3218 3364/4181/3218
f 3366/4186/3219 3369/4187/3219 3365/4184/3219
f 3368/4185/3220 3371/4188/3220 3367/4182/3220
f 3369/4187/3221 3372/4189/3221 3368/4185/3221
f 3370/4190/3222 3373/4191/3222 3369/4187/3222
f 3376/4192/3223 3379/4193/3223 3375/4194/3223
f 3376/4192/3224 3381/4195/3224 3380/4196/3224
f 3377/4197/3225 3382/4198/3225 3381/4195/3225
f 3379/4193/3226 3384/4199/3226 3383/4200/3226
f 3380/4196/3227 3385/4201/3227 3384/4199/3227
f 3381/4195/3228 3386/4202/3228 3385/4201/3228
f 3388/4203/3229 3391/4204/3229 3387/4205/3229
f 3389/4206/3230 3392/4207/3230 3388/4203/3230
f 3390/4208/3231 3393/4209/3231 3389/4206/3231
f 3392/4207/3232 3395/4210/3232 3391/4204/3232
f 3393/4209/3233 3396/4211/3233 3392/4207/3233
f 3394/4212/3234 3397/4213/3234 3393/4209/3234
f 3383/4200/3235 3370/4214/3235 3366/4215/3235
f 3384/4199/3236 3374/4216/3236 3370/4214/3236
f 3396/4211/3237 3378/4217/3237 3395/4210/3237
f 3397/4213/3238 3382/4218/3238 3396/4211/3238
f 3372/4189/3239 3390/4219/3239 3371/4188/3239
f 3373/4191/3240 3394/4212/3240 3372/4189/3240
f 3373/4191/3241 3362/4220/3241 3398/4221/3241
f 3385/4201/3242 3362/4220/3242 3374/4216/3242
f 3397/4213/3243 3362/4220/3243 3386/4202/3243
f 308/4222/3244 798/4166/3244 20/320/3244
f 307/4223/3245 3363/4183/3245 308/4222/3245
f 306/4224/3246 3364/4181/3246 307/4223/3246
f 305/4225/3247 3365/4184/3247 306/4224/3247
f 3363/4183/3248 797/4226/3248 798/4166/3248
f 3367/4182/3249 796/4227/3249 797/4226/3249
f 3371/4188/3250 795/4228/3250 796/4227/3250
f 316/4229/3251 302/4230/3251 5/571/3251
f 317/4231/3252 3375/4194/3252 316/4229/3252
f 318/4232/3253 3376/4192/3253 317/4231/3253
f 318/4232/3254 3378/4217/3254 3377/4197/3254
f 3375/4194/3255 303/4233/3255 302/4230/3255
f 3379/4193/3256 304/4234/3256 303/4233/3256
f 304/4234/3257 3366/4215/3257 305/4235/3257
f 792/4236/3258 322/4237/3258 22/646/3258
f 793/4238/3259 3387/4205/3259 792/4236/3259
f 794/4239/3260 3388/4203/3260 793/4238/3260
f 795/4228/3261 3389/4206/3261 794/4239/3261
f 3387/4205/3262 321/3327/3262 322/4237/3262
f 3391/4204/3263 320/3328/3263 321/3327/3263
f 3395/4210/3264 319/4240/3264 320/3328/3264
f 3401/4241/3265 3404/4242/3265 3400/4243/3265
f 3402/4244/3266 3405/4245/3266 3401/4241/3266
f 3403/4246/3267 3406/4247/3267 3402/4244/3267
f 3405/4245/3268 3408/4248/3268 3404/4242/3268
f 3406/4247/3269 3409/4249/3269 3405/4245/3269
f 3407/4250/3270 3410/4251/3270 3406/4247/3270
f 3413/4252/3271 3416/4253/3271 3412/4254/3271
f 3414/4255/3272 3417/4256/3272 3413/4252/3272
f 3415/4257/3273 3418/4258/3273 3414/4255/3273
f 3417/4256/3274 3420/4259/3274 3416/4253/3274
f 3418/4258/3275 3421/4260/3275 3417/4256/3275
f 3419/4261/3276 3422/4262/3276 3418/4258/3276
f 3425/4263/3277 3428/4264/3277 3424/4265/3277
f 3425/4263/3278 3430/4266/3278 3429/4267/3278
f 3426/4268/3279 3431/4269/3279 3430/4266/3279
f 3428/4264/3280 3433/4270/3280 3432/4271/3280
f 3429/4267/3281 3434/4272/3281 3433/4270/3281
f 3430/4266/3282 3435/4273/3282 3434/4272/3282
f 3421/4260/3283 3403/4274/3283 3420/4259/3283
f 3422/4262/3284 3407/4275/3284 3421/4260/3284
f 3432/4271/3285 3419/4261/3285 3415/4257/3285
f 3433/4270/3286 3423/4276/3286 3419/4261/3286
f 3409/4249/3287 3427/4277/3287 3408/4248/3287
f 3410/4251/3288 3431/4278/3288 3409/4249/3288
f 3410/4251/3289 3399/4279/3289 3435/4273/3289
f 3422/4262/3290 3399/4279/3290 3411/4280/3290
f 3434/4272/3291 3399/4279/3291 3423/4276/3291
f 799/4281/3292 308/4282/3292 20/261/3292
f 800/4283/3293 3400/4243/3293 799/4281/3293
f 801/4284/3294 3401/4241/3294 800/4283/3294
f 802/4285/3295 3402/4244/3295 801/4284/3295
f 3400/4243/3296 307/4286/3296 308/4282/3296
f 3404/4242/3297 306/4287/3297 307/4286/3297
f 3408/4248/3298 305/4288/3298 306/4287/3298
f 99/4289/3299 805/4290/3299 21/579/3299
f 100/583/3300 3412/4254/3300 99/4289/3300
f 101/4291/3301 3413/4252/3301 100/583/3301
f 102/4292/3302 3414/4255/3302 101/4291/3302
f 3412/4254/3303 804/4293/3303 805/4290/3303
f 3416/4253/3304 803/4294/3304 804/4293/3304
f 3420/4259/3305 802/4295/3305 803/4294/3305
f 302/4296/3306 105/4297/3306 5/571/3306
f 303/4298/3307 3424/4265/3307 302/4296/3307
f 304/4299/3308 3425/4263/3308 303/4298/3308
f 304/4299/3309 3427/4300/3309 3426/4268/3309
f 3424/4265/3310 104/4301/3310 105/4297/3310
f 3428/4264/3311 103/573/3311 104/4301/3311
f 103/573/3312 3415/4257/3312 102/4292/3312
f 3438/4302/3313 3441/4303/3313 3437/4304/3313
f 3439/4305/3314 3442/4306/3314 3438/4302/3314
f 3440/4307/3315 3443/4308/3315 3439/4305/3315
f 3442/4306/3316 3445/4309/3316 3441/4303/3316
f 3443/4308/3317 3446/4310/3317 3442/4306/3317
f 3444/4311/3318 3447/4312/3318 3443/4308/3318
f 3450/4313/3319 3453/4314/3319 3449/4315/3319
f 3451/4316/3320 3454/4317/3320 3450/4313/3320
f 3452/4318/3321 3455/4319/3321 3451/4316/3321
f 3454/4317/3322 3457/4320/3322 3453/4314/3322
f 3455/4319/3323 3458/4321/3323 3454/4317/3323
f 3456/4322/3324 3459/4323/3324 3455/4319/3324
f 3462/4324/3325 3465/4325/3325 3461/4326/3325
f 3463/4327/3326 3466/4328/3326 3462/4324/3326
f 3464/4329/3327 3467/4330/3327 3463/4327/3327
f 3466/4328/3328 3469/4331/3328 3465/4325/3328
f 3467/4330/3329 3470/4332/3329 3466/4328/3329
f 3468/4333/3330 3471/4334/3330 3467/4330/3330
f 3458/4321/3331 3440/4335/3331 3457/4320/3331
f 3459/4323/3332 3444/4336/3332 3458/4321/3332
f 3470/4332/3333 3452/4337/3333 3469/4331/3333
f 3471/4334/3334 3456/4322/3334 3470/4332/3334
f 3446/4310/3335 3464/4338/3335 3445/4309/3335
f 3447/4312/3336 3468/4339/3336 3446/4310/3336
f 3447/4312/3337 3436/4340/3337 3472/4341/3337
f 3459/4323/3338 3436/4340/3338 3448/4342/3338
f 3471/4334/3339 3436/4340/3339 3460/4343/3339
f 806/4344/3340 799/4281/3340 20/261/3340
f 807/4345/3341 3437/4304/3341 806/4344/3341
f 808/4346/3342 3438/4302/3342 807/4345/3342
f 809/266/3343 3439/4305/3343 808/4346/3343
f 3437/4304/3344 800/4347/3344 799/4281/3344
f 3441/4303/3345 801/4348/3345 800/4347/3345
f 3445/4309/3346 802/4295/3346 801/4348/3346
f 819/4349/3347 812/4350/3347 18/252/3347
f 818/4351/3348 3449/4315/3348 819/4349/3348
f 817/4352/3349 3450/4313/3349 818/4351/3349
f 816/4353/3350 3451/4316/3350 817/4352/3350
f 3449/4315/3351 811/4354/3351 812/4350/3351
f 3453/4314/3352 810/4355/3352 811/4354/3352
f 3457/4320/3353 809/4356/3353 810/4355/3353
f 805/4357/3354 813/4358/3354 21/579/3354
f 804/4359/3355 3461/4326/3355 805/4357/3355
f 803/4360/3356 3462/4324/3356 804/4359/3356
f 802/4295/3357 3463/4327/3357 803/4360/3357
f 3461/4326/3358 814/4361/3358 813/4358/3358
f 3465/4325/3359 815/4362/3359 814/4361/3359
f 3469/4331/3360 816/4353/3360 815/4362/3360
f 3475/4363/3361 3478/4364/3361 3474/4365/3361
f 3476/4366/3362 3479/4367/3362 3475/4363/3362
f 3477/4368/3363 3480/4369/3363 3476/4366/3363
f 3479/4367/3364 3482/4370/3364 3478/4364/3364
f 3480/4369/3365 3483/4371/3365 3479/4367/3365
f 3481/4372/3366 3484/4373/3366 3480/4369/3366
f 3487/4374/3367 3490/4375/3367 3486/4376/3367
f 3487/4374/3368 3492/4377/3368 3491/4378/3368
f 3488/4379/3369 3493/4380/3369 3492/4377/3369
f 3490/4375/3370 3495/4381/3370 3494/4382/3370
f 3491/4378/3371 3496/4383/3371 3495/4381/3371
f 3492/4377/3372 3497/4384/3372 3496/4383/3372
f 3499/4385/3373 3502/4386/3373 3498/4387/3373
f 3500/4388/3374 3503/4389/3374 3499/4385/3374
f 3501/4390/3375 3504/4391/3375 3500/4388/3375
f 3503/4389/3376 3506/4392/3376 3502/4386/3376
f 3504/4391/3377 3507/4393/3377 3503/4389/3377
f 3505/4394/3378 3508/4395/3378 3504/4391/3378
f 3494/4382/3379 3481/4396/3379 3477/4397/3379
f 3495/4381/3380 3485/4398/3380 3481/4396/3380
f 3507/4393/3381 3489/4399/3381 3506/4392/3381
f 3508/4395/3382 3493/4400/3382 3507/4393/3382
f 3483/4371/3383 3501/4401/3383 3482/4370/3383
f 3484/4373/3384 3505/4394/3384 3483/4371/3384
f 3484/4373/3385 3473/4402/3385 3509/4403/3385
f 3496/4383/3386 3473/4402/3386 3485/4398/3386
f 3508/4395/3387 3473/4402/3387 3497/4384/3387
f 294/4404/3388 819/4349/3388 18/252/3388
f 293/4405/3389 3474/4365/3389 294/4404/3389
f 292/4406/3390 3475/4363/3390 293/4405/3390
f 291/4407/3391 3476/4366/3391 292/4406/3391
f 3474/4365/3392 818/4351/3392 819/4349/3392
f 3478/4364/3393 817/4408/3393 818/4351/3393
f 3482/4370/3394 816/4409/3394 817/4408/3394
f 309/4410/3395 288/4411/3395 4/505/3395
f 310/3519/3396 3486/4376/3396 309/4410/3396
f 311/4412/3397 3487/4374/3397 310/3519/3397
f 311/4412/3398 3489/4399/3398 3488/4379/3398
f 3486/4376/3399 289/4413/3399 288/4411/3399
f 3490/4375/3400 290/4414/3400 289/4413/3400
f 290/4414/3401 3477/4397/3401 291/4415/3401
f 813/4358/3402 315/4416/3402 21/579/3402
f 814/4417/3403 3498/4387/3403 813/4358/3403
f 815/4418/3404 3499/4385/3404 814/4417/3404
f 816/4419/3405 3500/4388/3405 815/4418/3405
f 3498/4387/3406 314/4420/3406 315/4416/3406
f 3502/4386/3407 313/4421/3407 314/4420/3407
f 3506/4392/3408 312/3512/3408 313/4421/3408
f 3512/4422/3409 3515/4423/3409 3511/4424/3409
f 3513/4425/3410 3516/4426/3410 3512/4422/3410
f 3514/4427/3411 3517/4428/3411 3513/4425/3411
f 3516/4426/3412 3519/4429/3412 3515/4423/3412
f 3517/4428/3413 3520/4430/3413 3516/4426/3413
f 3518/4431/3414 3521/4432/3414 3517/4428/3414
f 3524/4433/3415 3527/4434/3415 3523/4435/3415
f 3525/4436/3416 3528/4437/3416 3524/4433/3416
f 3526/4438/3417 3529/4439/3417 3525/4436/3417
f 3528/4437/3418 3531/4440/3418 3527/4434/3418
f 3529/4439/3419 3532/4441/3419 3528/4437/3419
f 3530/4442/3420 3533/4443/3420 3529/4439/3420
f 3536/4444/3421 3539/4445/3421 3535/4446/3421
f 3536/4444/3422 3541/4447/3422 3540/4448/3422
f 3537/4449/3423 3542/4450/3423 3541/4447/3423
f 3539/4445/3424 3544/4451/3424 3543/4452/3424
f 3540/4448/3425 3545/4453/3425 3544/4451/3425
f 3541/4447/3426 3546/4454/3426 3545/4453/3426
f 3532/4441/3427 3514/4455/3427 3531/4440/3427
f 3533/4443/3428 3518/4456/3428 3532/4441/3428
f 3543/4452/3429 3530/4457/3429 3526/4458/3429
f 3544/4451/3430 3534/4459/3430 3530/4457/3430
f 3520/4430/3431 3538/4460/3431 3519/4429/3431
f 3521/4432/3432 3542/4461/3432 3520/4430/3432
f 3521/4432/3433 3510/4462/3433 3546/4454/3433
f 3533/4443/3434 3510/4462/3434 3522/4463/3434
f 3545/4453/3435 3510/4462/3435 3534/4459/3435
f 820/4464/3436 294/4465/3436 18/195/3436
f 821/4466/3437 3511/4424/3437 820/4464/3437
f 822/4467/3438 3512/4422/3438 821/4466/3438
f 823/4468/3439 3513/4425/3439 822/4467/3439
f 3511/4424/3440 293/4469/3440 294/4465/3440
f 3515/4423/3441 292/4470/3441 293/4469/3441
f 3519/4429/3442 291/4471/3442 292/4470/3442
f 85/4472/3443 826/4473/3443 19/514/3443
f 86/4474/3444 3523/4435/3444 85/4472/3444
f 87/4475/3445 3524/4433/3445 86/4474/3445
f 88/4476/3446 3525/4436/3446 87/4475/3446
f 3523/4435/3447 825/4477/3447 826/4473/3447
f 3527/4434/3448 824/4478/3448 825/4477/3448
f 3531/4440/3449 823/4479/3449 824/4478/3449
f 288/4480/3450 91/4481/3450 4/505/3450
f 289/4482/3451 3535/4446/3451 288/4480/3451
f 290/4483/3452 3536/4444/3452 289/4482/3452
f 290/4483/3453 3538/4484/3453 3537/4449/3453
f 3535/4446/3454 90/4485/3454 91/4481/3454
f 3539/4445/3455 89/507/3455 90/4485/3455
f 89/507/3456 3526/4458/3456 88/4476/3456
f 3549/4486/3457 3552/4487/3457 3548/4488/3457
f 3550/4489/3458 3553/4490/3458 3549/4486/3458
f 3551/4491/3459 3554/4492/3459 3550/4489/3459
f 3553/4490/3460 3556/4493/3460 3552/4487/3460
f 3554/4492/3461 3557/4494/3461 3553/4490/3461
f 3555/4495/3462 3558/4496/3462 3554/4492/3462
f 3561/4497/3463 3564/4498/3463 3560/4499/3463
f 3562/4500/3464 3565/4501/3464 3561/4497/3464
f 3563/4502/3465 3566/4503/3465 3562/4500/3465
f 3565/4501/3466 3568/4504/3466 3564/4498/3466
f 3566/4503/3467 3569/4505/3467 3565/4501/3467
f 3567/4506/3468 3570/4507/3468 3566/4503/3468
f 3573/4508/3469 3576/4509/3469 3572/4510/3469
f 3574/4511/3470 3577/4512/3470 3573/4508/3470
f 3575/4513/3471 3578/4514/3471 3574/4511/3471
f 3577/4512/3472 3580/4515/3472 3576/4509/3472
f 3578/4514/3473 3581/4516/3473 3577/4512/3473
f 3579/4517/3474 3582/4518/3474 3578/4514/3474
f 3569/4505/3475 3551/4491/3475 3568/4504/3475
f 3570/4507/3476 3555/4519/3476 3569/4505/3476
f 3581/4516/3477 3563/4520/3477 3580/4515/3477
f 3582/4518/3478 3567/4506/3478 3581/4516/3478
f 3557/4494/3479 3575/4521/3479 3556/4493/3479
f 3558/4496/3480 3579/4522/3480 3557/4494/3480
f 3558/4496/3481 3547/4523/3481 3583/4524/3481
f 3570/4507/3482 3547/4523/3482 3559/4525/3482
f 3582/4518/3483 3547/4523/3483 3571/4526/3483
f 827/4527/3484 820/4464/3484 18/195/3484
f 828/4528/3485 3548/4488/3485 827/4527/3485
f 829/4529/3486 3549/4486/3486 828/4528/3486
f 830/200/3487 3550/4489/3487 829/4529/3487
f 3548/4488/3488 821/4530/3488 820/4464/3488
f 3552/4487/3489 822/4467/3489 821/4530/3489
f 3556/4493/3490 823/4531/3490 822/4467/3490
f 840/4532/3491 833/4533/3491 13/186/3491
f 839/4534/3492 3560/4499/3492 840/4532/3492
f 838/4535/3493 3561/4497/3493 839/4534/3493
f 837/4536/3494 3562/4500/3494 838/4535/3494
f 3560/4499/3495 832/4537/3495 833/4533/3495
f 3564/4498/3496 831/4538/3496 832/4537/3496
f 3568/4504/3497 830/4539/3497 831/4538/3497
f 826/4540/3498 834/4541/3498 19/514/3498
f 825/4542/3499 3572/4510/3499 826/4540/3499
f 824/4543/3500 3573/4508/3500 825/4542/3500
f 823/4531/3501 3574/4511/3501 824/4543/3501
f 3572/4510/3502 835/4544/3502 834/4541/3502
f 3576/4509/3503 836/4545/3503 835/4544/3503
f 3580/4515/3504 837/4546/3504 836/4545/3504
f 3586/4547/3505 3589/4548/3505 3585/4549/3505
f 3587/4550/3506 3590/4551/3506 3586/4547/3506
f 3588/4552/3507 3591/4553/3507 3587/4550/3507
f 3590/4551/3508 3593/4554/3508 3589/4548/3508
f 3591/4553/3509 3594/4555/3509 3590/4551/3509
f 3592/4556/3510 3595/4557/3510 3591/4553/3510
f 3598/4558/3511 3601/4559/3511 3597/4560/3511
f 3598/4558/3512 3603/4561/3512 3602/4562/3512
f 3599/4563/3513 3604/4564/3513 3603/4561/3513
f 3601/4559/3514 3606/4565/3514 3605/4566/3514
f 3602/4562/3515 3607/4567/3515 3606/4565/3515
f 3603/4561/3516 3608/4568/3516 3607/4567/3516
f 3610/4569/3517 3613/4570/3517 3609/4571/3517
f 3611/4572/3518 3614/4573/3518 3610/4569/3518
f 3612/4574/3519 3615/4575/3519 3611/4572/3519
f 3614/4573/3520 3617/4576/3520 3613/4570/3520
f 3615/4575/3521 3618/4577/3521 3614/4573/3521
f 3616/4578/3522 3619/4579/3522 3615/4575/3522
f 3605/4566/3523 3592/4580/3523 3588/4581/3523
f 3606/4565/3524 3596/4582/3524 3592/4580/3524
f 3618/4577/3525 3600/4583/3525 3617/4576/3525
f 3619/4579/3526 3604/4584/3526 3618/4577/3526
f 3594/4555/3527 3612/4585/3527 3593/4554/3527
f 3595/4557/3528 3616/4578/3528 3594/4555/3528
f 3595/4557/3529 3584/4586/3529 3620/4587/3529
f 3607/4567/3530 3584/4586/3530 3596/4582/3530
f 3619/4579/3531 3584/4586/3531 3608/4568/3531
f 259/4588/3532 840/4589/3532 13/186/3532
f 258/4590/3533 3585/4549/3533 259/4588/3533
f 257/4591/3534 3586/4547/3534 258/4590/3534
f 256/4592/3535 3587/4550/3535 257/4591/3535
f 3585/4549/3536 839/4534/3536 840/4589/3536
f 3589/4548/3537 838/4593/3537 839/4534/3537
f 3593/4554/3538 837/4594/3538 838/4593/3538
f 295/4595/3539 253/4596/3539 3/3699/3539
f 296/4597/3540 3597/4560/3540 295/4595/3540
f 297/4598/3541 3598/4558/3541 296/4597/3541
f 297/4598/3542 3600/4599/3542 3599/4563/3542
f 3597/4560/3543 254/4600/3543 253/4596/3543
f 3601/4559/3544 255/4601/3544 254/4600/3544
f 255/4601/3545 3588/4581/3545 256/4602/3545
f 834/4603/3546 301/4604/3546 19/514/3546
f 835/4605/3547 3609/4571/3547 834/4603/3547
f 836/4606/3548 3610/4569/3548 835/4605/3548
f 837/4594/3549 3611/4572/3549 836/4606/3549
f 3609/4571/3550 300/3691/3550 301/4604/3550
f 3613/4570/3551 299/3692/3551 300/3691/3551
f 3617/4576/3552 298/4607/3552 299/3692/3552
f 3623/4608/3553 3626/4609/3553 3622/4610/3553
f 3624/4611/3554 3627/4612/3554 3623/4608/3554
f 3625/4613/3555 3628/4614/3555 3624/4611/3555
f 3627/4612/3556 3630/4615/3556 3626/4609/3556
f 3628/4614/3557 3631/4616/3557 3627/4612/3557
f 3629/4617/3558 3632/4618/3558 3628/4614/3558
f 3635/4619/3559 3638/4620/3559 3634/4621/3559
f 3636/4622/3560 3639/4623/3560 3635/4619/3560
f 3637/4624/3561 3640/4625/3561 3636/4622/3561
f 3639/4623/3562 3642/4626/3562 3638/4620/3562
f 3640/4625/3563 3643/4627/3563 3639/4623/3563
f 3641/4628/3564 3644/4629/3564 3640/4625/3564
f 3647/4630/3565 3650/4631/3565 3646/4632/3565
f 3647/4630/3566 3652/4633/3566 3651/4634/3566
f 3648/4635/3567 3653/4636/3567 3652/4633/3567
f 3650/4631/3568 3655/4637/3568 3654/4638/3568
f 3651/4634/3569 3656/4639/3569 3655/4637/3569
f 3652/4633/3570 3657/4640/3570 3656/4639/3570
f 3643/4627/3571 3625/4641/3571 3642/4626/3571
f 3644/4629/3572 3629/4642/3572 3643/4627/3572
f 3654/4638/3573 3641/4643/3573 3637/4644/3573
f 3655/4637/3574 3645/4645/3574 3641/4643/3574
f 3631/4616/3575 3649/4646/3575 3630/4615/3575
f 3632/4618/3576 3653/4647/3576 3631/4616/3576
f 3632/4618/3577 3621/4648/3577 3657/4640/3577
f 3644/4629/3578 3621/4648/3578 3633/4649/3578
f 3656/4639/3579 3621/4648/3579 3645/4645/3579
f 841/4650/3580 280/4651/3580 16/128/3580
f 842/4652/3581 3622/4610/3581 841/4650/3581
f 843/4653/3582 3623/4608/3582 842/4652/3582
f 844/4654/3583 3624/4611/3583 843/4653/3583
f 3622/4610/3584 279/4044/3584 280/4651/3584
f 3626/4609/3585 278/4655/3585 279/4044/3585
f 3630/4615/3586 277/4656/3586 278/4655/3586
f 71/4657/3587 847/4658/3587 17/4659/3587
f 72/4660/3588 3634/4621/3588 71/4657/3588
f 73/4661/3589 3635/4619/3589 72/4660/3589
f 74/4662/3590 3636/4622/3590 73/4661/3590
f 3634/4621/3591 846/4663/3591 847/4658/3591
f 3638/4620/3592 845/4664/3592 846/4663/3592
f 3642/4626/3593 844/4665/3593 845/4664/3593
f 274/4666/3594 77/4667/3594 6/637/3594
f 275/4054/3595 3646/4632/3595 274/4666/3595
f 276/4668/3596 3647/4630/3596 275/4054/3596
f 276/4668/3597 3649/4669/3597 3648/4635/3597
f 3646/4632/3598 76/4670/3598 77/4667/3598
f 3650/4631/3599 75/4671/3599 76/4670/3599
f 75/4671/3600 3637/4644/3600 74/4672/3600
f 3660/4673/3601 3663/4674/3601 3659/4675/3601
f 3661/4676/3602 3664/4677/3602 3660/4673/3602
f 3662/4678/3603 3665/4679/3603 3661/4676/3603
f 3664/4677/3604 3667/4680/3604 3663/4674/3604
f 3665/4679/3605 3668/4681/3605 3664/4677/3605
f 3666/4682/3606 3669/4683/3606 3665/4679/3606
f 3672/4684/3607 3675/4685/3607 3671/4686/3607
f 3673/4687/3608 3676/4688/3608 3672/4684/3608
f 3674/4689/3609 3677/4690/3609 3673/4687/3609
f 3676/4688/3610 3679/4691/3610 3675/4685/3610
f 3677/4690/3611 3680/4692/3611 3676/4688/3611
f 3678/4693/3612 3681/4694/3612 3677/4690/3612
f 3684/4695/3613 3687/4696/3613 3683/4697/3613
f 3685/4698/3614 3688/4699/3614 3684/4695/3614
f 3686/4700/3615 3689/4701/3615 3685/4698/3615
f 3688/4699/3616 3691/4702/3616 3687/4696/3616
f 3689/4701/3617 3692/4703/3617 3688/4699/3617
f 3690/4704/3618 3693/4705/3618 3689/4701/3618
f 3680/4692/3619 3662/4678/3619 3679/4691/3619
f 3681/4694/3620 3666/4706/3620 3680/4692/3620
f 3692/4703/3621 3674/4689/3621 3691/4702/3621
f 3693/4705/3622 3678/4707/3622 3692/4703/3622
f 3668/4681/3623 3686/4708/3623 3667/4680/3623
f 3669/4683/3624 3690/4709/3624 3668/4681/3624
f 3669/4683/3625 3658/4710/3625 3694/4711/3625
f 3681/4694/3626 3658/4710/3626 3670/4712/3626
f 3693/4705/3627 3658/4710/3627 3682/4713/3627
f 848/4714/3628 841/4715/3628 16/128/3628
f 849/4716/3629 3659/4675/3629 848/4714/3629
f 850/132/3630 3660/4673/3630 849/4716/3630
f 851/4717/3631 3661/4676/3631 850/132/3631
f 3659/4675/3632 842/4718/3632 841/4715/3632
f 3663/4674/3633 843/4719/3633 842/4718/3633
f 3667/4680/3634 844/4654/3634 843/4719/3634
f 861/4720/3635 854/117/3635 14/119/3635
f 860/4721/3636 3671/4686/3636 861/4720/3636
f 859/4722/3637 3672/4684/3637 860/4721/3637
f 858/4723/3638 3673/4687/3638 859/4722/3638
f 3671/4686/3639 853/4724/3639 854/117/3639
f 3675/4685/3640 852/4725/3640 853/4724/3640
f 3679/4691/3641 851/122/3641 852/4725/3641
f 847/4726/3642 855/4727/3642 17/4659/3642
f 846/4728/3643 3683/4697/3643 847/4726/3643
f 845/4664/3644 3684/4695/3644 846/4728/3644
f 844/4729/3645 3685/4698/3645 845/4664/3645
f 3683/4697/3646 856/4730/3646 855/4727/3646
f 3687/4696/3647 857/4731/3647 856/4730/3647
f 3691/4702/3648 858/4723/3648 857/4731/3648
f 3697/4732/3649 3700/4733/3649 3696/4734/3649
f 3698/4735/3650 3701/4736/3650 3697/4732/3650
f 3699/4737/3651 3702/4738/3651 3698/4735/3651
f 3701/4736/3652 3704/4739/3652 3700/4733/3652
f 3702/4738/3653 3705/4740/3653 3701/4736/3653
f 3703/4741/3654 3706/4742/3654 3702/4738/3654
f 3709/4743/3655 3712/4744/3655 3708/4745/3655
f 3709/4743/3656 3714/4746/3656 3713/4747/3656
f 3710/4748/3657 3715/4749/3657 3714/4746/3657
f 3712/4744/3658 3717/4750/3658 3716/4751/3658
f 3713/4747/3659 3718/4752/3659 3717/4750/3659
f 3714/4746/3660 3719/4753/3660 3718/4752/3660
f 3721/4754/3661 3724/4755/3661 3720/4756/3661
f 3722/4757/3662 3725/4758/3662 3721/4754/3662
f 3723/4759/3663 3726/4760/3663 3722/4757/3663
f 3725/4758/3664 3728/4761/3664 3724/4755/3664
f 3726/4760/3665 3729/4762/3665 3725/4758/3665
f 3727/4763/3666 3730/4764/3666 3726/4760/3666
f 3716/4751/3667 3703/4741/3667 3699/4765/3667
f 3717/4750/3668 3707/4766/3668 3703/4741/3668
f 3729/4762/3669 3711/4767/3669 3728/4761/3669
f 3730/4764/3670 3715/4768/3670 3729/4762/3670
f 3705/4740/3671 3723/4769/3671 3704/4739/3671
f 3706/4742/3672 3727/4770/3672 3705/4740/3672
f 3706/4742/3673 3695/4771/3673 3731/4772/3673
f 3718/4752/3674 3695/4771/3674 3707/4766/3674
f 3730/4764/3675 3695/4771/3675 3719/4753/3675
f 266/4773/3676 861/4774/3676 14/119/3676
f 265/4775/3677 3696/4734/3677 266/4773/3677
f 264/4776/3678 3697/4732/3678 265/4775/3678
f 263/4777/3679 3698/4735/3679 264/4776/3679
f 3696/4734/3680 860/4778/3680 861/4774/3680
f 3700/4733/3681 859/4779/3681 860/4778/3681
f 3704/4739/3682 858/4723/3682 859/4779/3682
f 281/4780/3683 260/4781/3683 1/4782/3683
f 282/4783/3684 3708/4745/3684 281/4780/3684
f 283/4784/3685 3709/4743/3685 282/4783/3685
f 283/4784/3686 3711/4785/3686 3710/4748/3686
f 3708/4745/3687 261/4786/3687 260/4781/3687
f 3712/4744/3688 262/4787/3688 261/4786/3688
f 262/4787/3689 3699/4765/3689 263/4777/3689
f 855/4788/3690 287/4789/3690 17/4659/3690
f 856/4730/3691 3720/4756/3691 855/4788/3691
f 857/4790/3692 3721/4754/3692 856/4730/3692
f 858/4791/3693 3722/4757/3693 857/4790/3693
f 3720/4756/3694 286/4792/3694 287/4789/3694
f 3724/4755/3695 285/4793/3695 286/4792/3695
f 3728/4761/3696 284/4794/3696 285/4793/3696
f 3734/4795/3697 3737/4796/3697 3733/4797/3697
f 3735/4798/3698 3738/4799/3698 3734/4795/3698
f 3736/4800/3699 3739/4801/3699 3735/4798/3699
f 3738/4799/3700 3741/4802/3700 3737/4796/3700
f 3739/4801/3701 3742/4803/3701 3738/4799/3701
f 3740/4804/3702 3743/4805/3702 3739/4801/3702
f 3746/4806/3703 3749/4807/3703 3745/4808/3703
f 3747/4809/3704 3750/4810/3704 3746/4806/3704
f 3748/4811/3705 3751/4812/3705 3747/4809/3705
f 3750/4810/3706 3753/4813/3706 3749/4807/3706
f 3751/4812/3707 3754/4814/3707 3750/4810/3707
f 3752/4815/3708 3755/4816/3708 3751/4812/3708
f 3758/4817/3709 3761/4818/3709 3757/4819/3709
f 3758/4817/3710 3763/4820/3710 3762/4821/3710
f 3759/4822/3711 3764/4823/3711 3763/4820/3711
f 3761/4818/3712 3766/4824/3712 3765/4825/3712
f 3762/4821/3713 3767/4826/3713 3766/4824/3713
f 3763/4820/3714 3768/4827/3714 3767/4826/3714
f 3754/4814/3715 3736/4828/3715 3753/4813/3715
f 3755/4816/3716 3740/4829/3716 3754/4814/3716
f 3765/4825/3717 3752/4830/3717 3748/4831/3717
f 3766/4824/3718 3756/4832/3718 3752/4830/3718
f 3742/4803/3719 3760/4833/3719 3741/4802/3719
f 3743/4805/3720 3764/4834/3720 3742/4803/3720
f 3743/4805/3721 3732/4835/3721 3768/4827/3721
f 3755/4816/3722 3732/4835/3722 3744/4836/3722
f 3767/4826/3723 3732/4835/3723 3756/4832/3723
f 862/4837/3724 259/4838/3724 13/61/3724
f 863/4839/3725 3733/4797/3725 862/4837/3725
f 864/4840/3726 3734/4795/3726 863/4839/3726
f 865/4841/3727 3735/4798/3727 864/4840/3727
f 3733/4797/3728 258/4842/3728 259/4838/3728
f 3737/4796/3729 257/4843/3729 258/4842/3729
f 3741/4802/3730 256/4844/3730 257/4843/3730
f 57/4845/3731 868/4846/3731 15/446/3731
f 58/450/3732 3745/4808/3732 57/4845/3732
f 59/4847/3733 3746/4806/3733 58/450/3733
f 60/4848/3734 3747/4809/3734 59/4847/3734
f 3745/4808/3735 867/4849/3735 868/4846/3735
f 3749/4807/3736 866/4850/3736 867/4849/3736
f 3753/4813/3737 865/4841/3737 866/4850/3737
f 253/4851/3738 63/4852/3738 3/438/3738
f 254/4853/3739 3757/4819/3739 253/4851/3739
f 255/4854/3740 3758/4817/3740 254/4853/3740
f 255/4854/3741 3760/4855/3741 3759/4822/3741
f 3757/4819/3742 62/4856/3742 63/4852/3742
f 3761/4818/3743 61/440/3743 62/4856/3743
f 61/440/3744 3748/4831/3744 60/4848/3744
f 3771/4857/3745 3774/4858/3745 3770/4859/3745
f 3772/4860/3746 3775/4861/3746 3771/4857/3746
f 3773/4862/3747 3776/4863/3747 3772/4860/3747
f 3775/4861/3748 3778/4864/3748 3774/4858/3748
f 3776/4863/3749 3779/4865/3749 3775/4861/3749
f 3777/4866/3750 3780/4867/3750 3776/4863/3750
f 3783/4868/3751 3786/4869/3751 3782/4870/3751
f 3784/4871/3752 3787/4872/3752 3783/4868/3752
f 3785/4873/3753 3788/4874/3753 3784/4871/3753
f 3787/4872/3754 3790/4875/3754 3786/4869/3754
f 3788/4874/3755 3791/4876/3755 3787/4872/3755
f 3789/4877/3756 3792/4878/3756 3788/4874/3756
f 3795/4879/3757 3798/4880/3757 3794/4881/3757
f 3796/4882/3758 3799/4883/3758 3795/4879/3758
f 3797/4884/3759 3800/4885/3759 3796/4882/3759
f 3799/4883/3760 3802/4886/3760 3798/4880/3760
f 3800/4885/3761 3803/4887/3761 3799/4883/3761
f 3801/4888/3762 3804/4889/3762 3800/4885/3762
f 3791/4876/3763 3773/4862/3763 3790/4875/3763
f 3792/4878/3764 3777/4890/3764 3791/4876/3764
f 3803/4887/3765 3785/4891/3765 3802/4886/3765
f 3804/4889/3766 3789/4877/3766 3803/4887/3766
f 3779/4865/3767 3797/4892/3767 3778/4864/3767
f 3780/4867/3768 3801/4888/3768 3779/4865/3768
f 3780/4867/3769 3769/4893/3769 3805/4894/3769
f 3792/4878/3770 3769/4893/3770 3781/4895/3770
f 3804/4889/3771 3769/4893/3771 3793/4896/3771
f 869/4897/3772 862/4837/3772 13/61/3772
f 870/4898/3773 3770/4859/3773 869/4897/3773
f 871/4899/3774 3771/4857/3774 870/4898/3774
f 872/66/3775 3772/4860/3775 871/4899/3775
f 3770/4859/3776 863/4900/3776 862/4837/3776
f 3774/4858/3777 864/4840/3777 863/4900/3777
f 3778/4864/3778 865/4841/3778 864/4840/3778
f 882/4901/3779 875/4902/3779 14/52/3779
f 881/4903/3780 3782/4870/3780 882/4901/3780
f 880/4904/3781 3783/4868/3781 881/4903/3781
f 879/4905/3782 3784/4871/3782 880/4904/3782
f 3782/4870/3783 874/53/3783 875/4902/3783
f 3786/4869/3784 873/4906/3784 874/53/3784
f 3790/4875/3785 872/4907/3785 873/4906/3785
f 868/4908/3786 876/4909/3786 15/446/3786
f 867/4910/3787 3794/4881/3787 868/4908/3787
f 866/4850/3788 3795/4879/3788 867/4910/3788
f 865/4841/3789 3796/4882/3789 866/4850/3789
f 3794/4881/3790 877/4911/3790 876/4909/3790
f 3798/4880/3791 878/4912/3791 877/4911/3791
f 3802/4886/3792 879/4905/3792 878/4912/3792
f 3808/4913/3793 3811/4914/3793 3807/4915/3793
f 3809/4916/3794 3812/4917/3794 3808/4913/3794
f 3810/4918/3795 3813/4919/3795 3809/4916/3795
f 3812/4917/3796 3815/4920/3796 3811/4914/3796
f 3813/4919/3797 3816/4921/3797 3812/4917/3797
f 3814/4922/3798 3817/4923/3798 3813/4919/3798
f 3820/4924/3799 3823/4925/3799 3819/4926/3799
f 3820/4924/3800 3825/4927/3800 3824/4928/3800
f 3821/4929/3801 3826/4930/3801 3825/4927/3801
f 3823/4925/3802 3828/4931/3802 3827/4932/3802
f 3824/4928/3803 3829/4933/3803 3828/4931/3803
f 3825/4927/3804 3830/4934/3804 3829/4933/3804
f 3832/4935/3805 3835/4936/3805 3831/4937/3805
f 3833/4938/3806 3836/4939/3806 3832/4935/3806
f 3834/4940/3807 3837/4941/3807 3833/4938/3807
f 3836/4939/3808 3839/4942/3808 3835/4936/3808
f 3837/4941/3809 3840/4943/3809 3836/4939/3809
f 3838/4944/3810 3841/4945/3810 3837/4941/3810
f 3827/4932/3811 3814/4922/3811 3810/4946/3811
f 3828/4931/3812 3818/4947/3812 3814/4922/3812
f 3840/4943/3813 3822/4948/3813 3839/4942/3813
f 3841/4945/3814 3826/4949/3814 3840/4943/3814
f 3816/4921/3815 3834/4950/3815 3815/4920/3815
f 3817/4923/3816 3838/4951/3816 3816/4921/3816
f 3817/4923/3817 3806/4952/3817 3842/4953/3817
f 3829/4933/3818 3806/4952/3818 3818/4947/3818
f 3841/4945/3819 3806/4952/3819 3830/4934/3819
f 50/4954/3820 882/4955/3820 14/52/3820
f 51/4956/3821 3807/4915/3821 50/4954/3821
f 52/4957/3822 3808/4913/3822 51/4956/3822
f 53/4958/3823 3809/4916/3823 52/4957/3823
f 3807/4915/3824 881/4959/3824 882/4955/3824
f 3811/4914/3825 880/4960/3825 881/4959/3825
f 3815/4920/3826 879/4961/3826 880/4960/3826
f 267/4962/3827 56/4963/3827 2/110/3827
f 268/4964/3828 3819/4926/3828 267/4962/3828
f 269/4965/3829 3820/4924/3829 268/4964/3829
f 269/4965/3830 3822/4948/3830 3821/4929/3830
f 3819/4926/3831 55/4966/3831 56/4963/3831
f 3823/4925/3832 54/4967/3832 55/4966/3832
f 54/4967/3833 3810/4946/3833 53/4968/3833
f 876/4969/3834 273/4970/3834 15/446/3834
f 877/4971/3835 3831/4937/3835 876/4969/3835
f 878/4972/3836 3832/4935/3836 877/4971/3836
f 879/4973/3837 3833/4938/3837 878/4972/3837
f 3831/4937/3838 272/4974/3838 273/4970/3838
f 3835/4936/3839 271/4975/3839 272/4974/3839
f 3839/4942/3840 270/3867/3840 271/4975/3840
f 885/1/3841 889/5/3841 888/2/3841
f 885/1/3842 886/6/3842 890/4/3842
f 886/6/3843 887/46/3843 891/7/3843
f 888/2/3844 889/5/3844 893/8/3844
f 889/5/3845 890/4/3845 894/10/3845
f 890/4/3846 891/7/3846 895/11/3846
f 897/12/3847 901/16/3847 900/13/3847
f 898/15/3848 902/18/3848 901/16/3848
f 899/17/3849 903/21/3849 902/18/3849
f 901/16/3850 905/20/3850 904/19/3850
f 902/18/3851 906/22/3851 905/20/3851
f 903/21/3852 907/40/3852 906/22/3852
f 909/23/3853 913/27/3853 912/24/3853
f 910/26/3854 914/29/3854 913/27/3854
f 911/28/3855 915/32/3855 914/29/3855
f 913/27/3856 917/31/3856 916/30/3856
f 914/29/3857 918/33/3857 917/31/3857
f 915/32/3858 919/38/3858 918/33/3858
f 905/20/3859 891/7/3859 887/34/3859
f 906/22/3860 895/11/3860 891/7/3860
f 917/31/3861 903/36/3861 899/35/3861
f 918/33/3862 907/40/3862 903/36/3862
f 892/9/3863 893/8/3863 915/32/3863
f 893/8/3864 894/10/3864 919/38/3864
f 894/10/3865 895/11/3865 883/39/3865
f 906/22/3866 907/40/3866 883/39/3866
f 918/33/3867 919/38/3867 883/39/3867
f 260/41/3868 884/3/3868 49/42/3868
f 261/44/3869 885/1/3869 884/3/3869
f 262/45/3870 886/6/3870 885/1/3870
f 262/45/3871 263/4976/3871 887/46/3871
f 884/3/3872 888/2/3872 48/47/3872
f 888/2/3873 892/9/3873 47/48/3873
f 47/48/3874 892/9/3874 911/37/3874
f 875/50/3875 896/14/3875 266/51/3875
f 874/53/3876 897/12/3876 896/14/3876
f 873/54/3877 898/15/3877 897/12/3877
f 872/55/3878 899/17/3878 898/15/3878
f 896/14/3879 900/13/3879 265/56/3879
f 900/13/3880 904/19/3880 264/57/3880
f 904/19/3881 887/34/3881 263/58/3881
f 43/59/3882 908/25/3882 869/60/3882
f 44/62/3883 909/23/3883 908/25/3883
f 45/63/3884 910/26/3884 909/23/3884
f 46/49/3885 911/28/3885 910/26/3885
f 908/25/3886 912/24/3886 870/64/3886
f 912/24/3887 916/30/3887 871/65/3887
f 916/30/3888 899/35/3888 872/66/3888
f 922/67/3889 926/71/3889 925/68/3889
f 922/67/3890 923/72/3890 927/70/3890
f 923/72/3891 924/113/3891 928/73/3891
f 925/68/3892 926/71/3892 930/74/3892
f 926/71/3893 927/70/3893 931/76/3893
f 927/70/3894 928/73/3894 932/77/3894
f 934/78/3895 938/82/3895 937/79/3895
f 935/81/3896 939/84/3896 938/82/3896
f 936/83/3897 940/87/3897 939/84/3897
f 938/82/3898 942/86/3898 941/85/3898
f 939/84/3899 943/88/3899 942/86/3899
f 940/87/3900 944/107/3900 943/88/3900
f 946/89/3901 950/93/3901 949/90/3901
f 947/92/3902 951/95/3902 950/93/3902
f 948/94/3903 952/98/3903 951/95/3903
f 950/93/3904 954/97/3904 953/96/3904
f 951/95/3905 955/99/3905 954/97/3905
f 952/98/3906 956/105/3906 955/99/3906
f 942/86/3907 928/101/3907 924/100/3907
f 943/88/3908 932/77/3908 928/101/3908
f 954/97/3909 940/87/3909 936/102/3909
f 955/99/3910 944/107/3910 940/87/3910
f 929/75/3911 930/74/3911 952/103/3911
f 930/74/3912 931/76/3912 956/105/3912
f 931/76/3913 932/77/3913 920/106/3913
f 943/88/3914 944/107/3914 920/106/3914
f 955/99/3915 956/105/3915 920/106/3915
f 56/108/3916 921/69/3916 70/109/3916
f 55/111/3917 922/67/3917 921/69/3917
f 54/112/3918 923/72/3918 922/67/3918
f 54/112/3919 53/4977/3919 924/113/3919
f 921/69/3920 925/68/3920 69/114/3920
f 925/68/3921 929/75/3921 68/115/3921
f 68/115/3922 929/75/3922 948/104/3922
f 854/117/3923 933/80/3923 50/118/3923
f 853/120/3924 934/78/3924 933/80/3924
f 852/121/3925 935/81/3925 934/78/3925
f 851/122/3926 936/83/3926 935/81/3926
f 933/80/3927 937/79/3927 51/123/3927
f 937/79/3928 941/85/3928 52/124/3928
f 941/85/3929 924/100/3929 53/125/3929
f 64/126/3930 945/91/3930 848/127/3930
f 65/129/3931 946/89/3931 945/91/3931
f 66/130/3932 947/92/3932 946/89/3932
f 67/116/3933 948/94/3933 947/92/3933
f 945/91/3934 949/90/3934 849/131/3934
f 949/90/3935 953/96/3935 850/132/3935
f 953/96/3936 936/102/3936 851/133/3936
f 959/134/3937 963/138/3937 962/135/3937
f 959/134/3938 960/139/3938 964/137/3938
f 960/139/3939 961/180/3939 965/140/3939
f 962/135/3940 963/138/3940 967/141/3940
f 963/138/3941 964/137/3941 968/143/3941
f 964/137/3942 965/140/3942 969/144/3942
f 971/145/3943 975/149/3943 974/146/3943
f 972/148/3944 976/151/3944 975/149/3944
f 973/150/3945 977/154/3945 976/151/3945
f 975/149/3946 979/153/3946 978/152/3946
f 976/151/3947 980/155/3947 979/153/3947
f 977/154/3948 981/174/3948 980/155/3948
f 983/156/3949 987/160/3949 986/157/3949
f 984/159/3950 988/162/3950 987/160/3950
f 985/161/3951 989/165/3951 988/162/3951
f 987/160/3952 991/164/3952 990/163/3952
f 988/162/3953 992/166/3953 991/164/3953
f 989/165/3954 993/172/3954 992/166/3954
f 979/153/3955 965/168/3955 961/167/3955
f 980/155/3956 969/144/3956 965/168/3956
f 991/164/3957 977/170/3957 973/169/3957
f 992/166/3958 981/174/3958 977/170/3958
f 966/142/3959 967/141/3959 989/165/3959
f 967/141/3960 968/143/3960 993/172/3960
f 968/143/3961 969/144/3961 957/173/3961
f 980/155/3962 981/174/3962 957/173/3962
f 992/166/3963 993/172/3963 957/173/3963
f 49/175/3964 958/136/3964 84/176/3964
f 48/178/3965 959/134/3965 958/136/3965
f 47/179/3966 960/139/3966 959/134/3966
f 47/179/3967 46/192/3967 961/180/3967
f 958/136/3968 962/135/3968 83/181/3968
f 962/135/3969 966/142/3969 82/182/3969
f 82/182/3970 966/142/3970 985/171/3970
f 833/184/3971 970/147/3971 43/185/3971
f 832/187/3972 971/145/3972 970/147/3972
f 831/188/3973 972/148/3973 971/145/3973
f 830/189/3974 973/150/3974 972/148/3974
f 970/147/3975 974/146/3975 44/190/3975
f 974/146/3976 978/152/3976 45/191/3976
f 978/152/3977 961/167/3977 46/192/3977
f 78/193/3978 982/158/3978 827/194/3978
f 79/196/3979 983/156/3979 982/158/3979
f 80/197/3980 984/159/3980 983/156/3980
f 81/183/3981 985/161/3981 984/159/3981
f 982/158/3982 986/157/3982 828/198/3982
f 986/157/3983 990/163/3983 829/199/3983
f 990/163/3984 973/169/3984 830/200/3984
f 996/201/3985 1000/205/3985 999/202/3985
f 996/201/3986 997/206/3986 1001/204/3986
f 997/206/3987 998/246/3987 1002/207/3987
f 999/202/3988 1000/205/3988 1004/208/3988
f 1000/205/3989 1001/204/3989 1005/210/3989
f 1001/204/3990 1002/207/3990 1006/211/3990
f 1008/212/3991 1012/216/3991 1011/213/3991
f 1009/215/3992 1013/218/3992 1012/216/3992
f 1010/217/3993 1014/221/3993 1013/218/3993
f 1012/216/3994 1016/220/3994 1015/219/3994
f 1013/218/3995 1017/222/3995 1016/220/3995
f 1014/221/3996 1018/240/3996 1017/222/3996
f 1020/223/3997 1024/227/3997 1023/224/3997
f 1021/226/3998 1025/229/3998 1024/227/3998
f 1022/228/3999 1026/232/3999 1025/229/3999
f 1024/227/4000 1028/231/4000 1027/230/4000
f 1025/229/4001 1029/233/4001 1028/231/4001
f 1026/232/4002 1030/238/4002 1029/233/4002
f 1016/220/4003 1002/207/4003 998/234/4003
f 1017/222/4004 1006/211/4004 1002/207/4004
f 1028/231/4005 1014/236/4005 1010/235/4005
f 1029/233/4006 1018/240/4006 1014/236/4006
f 1003/209/4007 1004/208/4007 1026/232/4007
f 1004/208/4008 1005/210/4008 1030/238/4008
f 1005/210/4009 1006/211/4009 994/239/4009
f 1017/222/4010 1018/240/4010 994/239/4010
f 1029/233/4011 1030/238/4011 994/239/4011
f 84/241/4012 995/203/4012 98/242/4012
f 83/244/4013 996/201/4013 995/203/4013
f 82/245/4014 997/206/4014 996/201/4014
f 82/245/4015 81/258/4015 998/246/4015
f 995/203/4016 999/202/4016 97/247/4016
f 999/202/4017 1003/209/4017 96/248/4017
f 96/248/4018 1003/209/4018 1022/237/4018
f 812/250/4019 1007/214/4019 78/251/4019
f 811/253/4020 1008/212/4020 1007/214/4020
f 810/254/4021 1009/215/4021 1008/212/4021
f 809/255/4022 1010/217/4022 1009/215/4022
f 1007/214/4023 1011/213/4023 79/256/4023
f 1011/213/4024 1015/219/4024 80/257/4024
f 1015/219/4025 998/234/4025 81/258/4025
f 92/259/4026 1019/225/4026 806/260/4026
f 93/262/4027 1020/223/4027 1019/225/4027
f 94/263/4028 1021/226/4028 1020/223/4028
f 95/249/4029 1022/228/4029 1021/226/4029
f 1019/225/4030 1023/224/4030 807/264/4030
f 1023/224/4031 1027/230/4031 808/265/4031
f 1027/230/4032 1010/235/4032 809/266/4032
f 1033/267/4033 1037/271/4033 1036/268/4033
f 1033/267/4034 1034/272/4034 1038/270/4034
f 1034/272/4035 1035/314/4035 1039/273/4035
f 1036/268/4036 1037/271/4036 1041/274/4036
f 1037/271/4037 1038/270/4037 1042/276/4037
f 1038/270/4038 1039/273/4038 1043/277/4038
f 1045/278/4039 1049/282/4039 1048/279/4039
f 1046/281/4040 1050/284/4040 1049/282/4040
f 1047/283/4041 1051/287/4041 1050/284/4041
f 1049/282/4042 1053/286/4042 1052/285/4042
f 1050/284/4043 1054/288/4043 1053/286/4043
f 1051/287/4044 1055/308/4044 1054/288/4044
f 1057/289/4045 1061/293/4045 1060/290/4045
f 1058/292/4046 1062/295/4046 1061/293/4046
f 1059/294/4047 1063/298/4047 1062/295/4047
f 1061/293/4048 1065/297/4048 1064/296/4048
f 1062/295/4049 1066/299/4049 1065/297/4049
f 1063/298/4050 1067/306/4050 1066/299/4050
f 1053/286/4051 1039/301/4051 1035/300/4051
f 1054/288/4052 1043/277/4052 1039/301/4052
f 1065/297/4053 1051/303/4053 1047/302/4053
f 1066/299/4054 1055/308/4054 1051/303/4054
f 1040/275/4055 1041/274/4055 1063/304/4055
f 1041/274/4056 1042/276/4056 1067/306/4056
f 1042/276/4057 1043/277/4057 1031/307/4057
f 1054/288/4058 1055/308/4058 1031/307/4058
f 1066/299/4059 1067/306/4059 1031/307/4059
f 98/309/4060 1032/269/4060 281/310/4060
f 97/312/4061 1033/267/4061 1032/269/4061
f 96/313/4062 1034/272/4062 1033/267/4062
f 96/313/4063 95/326/4063 1035/314/4063
f 1032/269/4064 1036/268/4064 282/315/4064
f 1036/268/4065 1040/275/4065 283/316/4065
f 283/316/4066 1040/275/4066 1059/305/4066
f 791/318/4067 1044/280/4067 92/319/4067
f 790/321/4068 1045/278/4068 1044/280/4068
f 789/322/4069 1046/281/4069 1045/278/4069
f 788/323/4070 1047/283/4070 1046/281/4070
f 1044/280/4071 1048/279/4071 93/324/4071
f 1048/279/4072 1052/285/4072 94/325/4072
f 1052/285/4073 1035/300/4073 95/326/4073
f 287/327/4074 1056/291/4074 785/328/4074
f 286/330/4075 1057/289/4075 1056/291/4075
f 285/331/4076 1058/292/4076 1057/289/4076
f 284/317/4077 1059/294/4077 1058/292/4077
f 1056/291/4078 1060/290/4078 786/332/4078
f 1060/290/4079 1064/296/4079 787/333/4079
f 1064/296/4080 1047/302/4080 788/334/4080
f 1070/335/4081 1074/339/4081 1073/336/4081
f 1070/335/4082 1071/340/4082 1075/338/4082
f 1071/340/4083 1072/368/4083 1076/341/4083
f 1073/336/4084 1074/339/4084 1078/342/4084
f 1074/339/4085 1075/338/4085 1079/344/4085
f 1075/338/4086 1076/341/4086 1080/345/4086
f 1082/346/4087 1086/350/4087 1085/347/4087
f 1083/349/4088 1087/352/4088 1086/350/4088
f 1084/351/4089 1088/355/4089 1087/352/4089
f 1086/350/4090 1090/354/4090 1089/353/4090
f 1087/352/4091 1091/356/4091 1090/354/4091
f 1088/355/4092 1092/375/4092 1091/356/4092
f 1094/357/4093 1098/361/4093 1097/358/4093
f 1095/360/4094 1099/363/4094 1098/361/4094
f 1096/362/4095 1100/366/4095 1099/363/4095
f 1098/361/4096 1102/365/4096 1101/364/4096
f 1099/363/4097 1103/367/4097 1102/365/4097
f 1100/366/4098 1104/373/4098 1103/367/4098
f 1090/354/4099 1076/369/4099 1072/368/4099
f 1091/356/4100 1080/345/4100 1076/369/4100
f 1102/365/4101 1088/355/4101 1084/370/4101
f 1103/367/4102 1092/375/4102 1088/355/4102
f 1077/343/4103 1078/342/4103 1100/371/4103
f 1078/342/4104 1079/344/4104 1104/373/4104
f 1079/344/4105 1080/345/4105 1068/374/4105
f 1091/356/4106 1092/375/4106 1068/374/4106
f 1103/367/4107 1104/373/4107 1068/374/4107
f 70/376/4108 1069/337/4108 119/377/4108
f 69/378/4109 1070/335/4109 1069/337/4109
f 68/115/4110 1071/340/4110 1070/335/4110
f 68/115/4111 67/388/4111 1072/368/4111
f 1069/337/4112 1073/336/4112 118/379/4112
f 1073/336/4113 1077/343/4113 117/380/4113
f 117/380/4114 1077/343/4114 1096/372/4114
f 770/382/4115 1081/348/4115 64/383/4115
f 769/384/4116 1082/346/4116 1081/348/4116
f 768/385/4117 1083/349/4117 1082/346/4117
f 767/386/4118 1084/351/4118 1083/349/4118
f 1081/348/4119 1085/347/4119 65/129/4119
f 1085/347/4120 1089/353/4120 66/387/4120
f 1089/353/4121 1072/368/4121 67/388/4121
f 113/389/4122 1093/359/4122 764/390/4122
f 114/392/4123 1094/357/4123 1093/359/4123
f 115/393/4124 1095/360/4124 1094/357/4124
f 116/381/4125 1096/362/4125 1095/360/4125
f 1093/359/4126 1097/358/4126 765/394/4126
f 1097/358/4127 1101/364/4127 766/395/4127
f 1101/364/4128 1084/370/4128 767/396/4128
f 1107/397/4129 1111/401/4129 1110/398/4129
f 1107/397/4130 1108/402/4130 1112/400/4130
f 1108/402/4131 1109/430/4131 1113/403/4131
f 1110/398/4132 1111/401/4132 1115/404/4132
f 1111/401/4133 1112/400/4133 1116/406/4133
f 1112/400/4134 1113/403/4134 1117/407/4134
f 1119/408/4135 1123/412/4135 1122/409/4135
f 1120/411/4136 1124/414/4136 1123/412/4136
f 1121/413/4137 1125/417/4137 1124/414/4137
f 1123/412/4138 1127/416/4138 1126/415/4138
f 1124/414/4139 1128/418/4139 1127/416/4139
f 1125/417/4140 1129/435/4140 1128/418/4140
f 1131/419/4141 1135/423/4141 1134/420/4141
f 1132/422/4142 1136/425/4142 1135/423/4142
f 1133/424/4143 1137/428/4143 1136/425/4143
f 1135/423/4144 1139/427/4144 1138/426/4144
f 1136/425/4145 1140/429/4145 1139/427/4145
f 1137/428/4146 1141/433/4146 1140/429/4146
f 1127/416/4147 1113/403/4147 1109/430/4147
f 1128/418/4148 1117/407/4148 1113/403/4148
f 1139/427/4149 1125/417/4149 1121/431/4149
f 1140/429/4150 1129/435/4150 1125/417/4150
f 1114/405/4151 1115/404/4151 1137/428/4151
f 1115/404/4152 1116/406/4152 1141/433/4152
f 1116/406/4153 1117/407/4153 1105/434/4153
f 1128/418/4154 1129/435/4154 1105/434/4154
f 1140/429/4155 1141/433/4155 1105/434/4155
f 63/436/4156 1106/399/4156 133/437/4156
f 62/439/4157 1107/397/4157 1106/399/4157
f 61/440/4158 1108/402/4158 1107/397/4158
f 61/440/4159 60/452/4159 1109/430/4159
f 1106/399/4160 1110/398/4160 132/441/4160
f 1110/398/4161 1114/405/4161 131/442/4161
f 131/442/4162 1114/405/4162 1133/432/4162
f 749/444/4163 1118/410/4163 57/445/4163
f 748/447/4164 1119/408/4164 1118/410/4164
f 747/448/4165 1120/411/4165 1119/408/4165
f 746/449/4166 1121/413/4166 1120/411/4166
f 1118/410/4167 1122/409/4167 58/450/4167
f 1122/409/4168 1126/415/4168 59/451/4168
f 1126/415/4169 1109/430/4169 60/452/4169
f 127/453/4170 1130/421/4170 743/454/4170
f 128/456/4171 1131/419/4171 1130/421/4171
f 129/457/4172 1132/422/4172 1131/419/4172
f 130/458/4173 1133/424/4173 1132/422/4173
f 1130/421/4174 1134/420/4174 744/459/4174
f 1134/420/4175 1138/426/4175 745/460/4175
f 1138/426/4176 1121/431/4176 746/461/4176
f 1144/462/4177 1148/466/4177 1147/463/4177
f 1144/462/4178 1145/467/4178 1149/465/4178
f 1145/467/4179 1146/508/4179 1150/468/4179
f 1147/463/4180 1148/466/4180 1152/469/4180
f 1148/466/4181 1149/465/4181 1153/471/4181
f 1149/465/4182 1150/468/4182 1154/472/4182
f 1156/473/4183 1160/477/4183 1159/474/4183
f 1157/476/4184 1161/479/4184 1160/477/4184
f 1158/478/4185 1162/482/4185 1161/479/4185
f 1160/477/4186 1164/481/4186 1163/480/4186
f 1161/479/4187 1165/483/4187 1164/481/4187
f 1162/482/4188 1166/502/4188 1165/483/4188
f 1168/484/4189 1172/488/4189 1171/485/4189
f 1169/487/4190 1173/490/4190 1172/488/4190
f 1170/489/4191 1174/493/4191 1173/490/4191
f 1172/488/4192 1176/492/4192 1175/491/4192
f 1173/490/4193 1177/494/4193 1176/492/4193
f 1174/493/4194 1178/500/4194 1177/494/4194
f 1164/481/4195 1150/496/4195 1146/495/4195
f 1165/483/4196 1154/472/4196 1150/496/4196
f 1176/492/4197 1162/482/4197 1158/497/4197
f 1177/494/4198 1166/502/4198 1162/482/4198
f 1151/470/4199 1152/469/4199 1174/498/4199
f 1152/469/4200 1153/471/4200 1178/500/4200
f 1153/471/4201 1154/472/4201 1142/501/4201
f 1165/483/4202 1166/502/4202 1142/501/4202
f 1177/494/4203 1178/500/4203 1142/501/4203
f 91/503/4204 1143/464/4204 147/504/4204
f 90/506/4205 1144/462/4205 1143/464/4205
f 89/507/4206 1145/467/4206 1144/462/4206
f 89/507/4207 88/520/4207 1146/508/4207
f 1143/464/4208 1147/463/4208 146/509/4208
f 1147/463/4209 1151/470/4209 145/510/4209
f 145/510/4210 1151/470/4210 1170/499/4210
f 728/512/4211 1155/475/4211 85/513/4211
f 727/515/4212 1156/473/4212 1155/475/4212
f 726/516/4213 1157/476/4213 1156/473/4213
f 725/517/4214 1158/478/4214 1157/476/4214
f 1155/475/4215 1159/474/4215 86/518/4215
f 1159/474/4216 1163/480/4216 87/519/4216
f 1163/480/4217 1146/495/4217 88/520/4217
f 141/521/4218 1167/486/4218 722/522/4218
f 142/524/4219 1168/484/4219 1167/486/4219
f 143/525/4220 1169/487/4220 1168/484/4220
f 144/511/4221 1170/489/4221 1169/487/4221
f 1167/486/4222 1171/485/4222 723/526/4222
f 1171/485/4223 1175/491/4223 724/527/4223
f 1175/491/4224 1158/497/4224 725/517/4224
f 1181/528/4225 1185/532/4225 1184/529/4225
f 1181/528/4226 1182/533/4226 1186/531/4226
f 1182/533/4227 1183/561/4227 1187/534/4227
f 1184/529/4228 1185/532/4228 1189/535/4228
f 1185/532/4229 1186/531/4229 1190/537/4229
f 1186/531/4230 1187/534/4230 1191/538/4230
f 1193/539/4231 1197/543/4231 1196/540/4231
f 1194/542/4232 1198/545/4232 1197/543/4232
f 1195/544/4233 1199/548/4233 1198/545/4233
f 1197/543/4234 1201/547/4234 1200/546/4234
f 1198/545/4235 1202/549/4235 1201/547/4235
f 1199/548/4236 1203/568/4236 1202/549/4236
f 1205/550/4237 1209/554/4237 1208/551/4237
f 1206/553/4238 1210/556/4238 1209/554/4238
f 1207/555/4239 1211/559/4239 1210/556/4239
f 1209/554/4240 1213/558/4240 1212/557/4240
f 1210/556/4241 1214/560/4241 1213/558/4241
f 1211/559/4242 1215/566/4242 1214/560/4242
f 1201/547/4243 1187/562/4243 1183/561/4243
f 1202/549/4244 1191/538/4244 1187/562/4244
f 1213/558/4245 1199/548/4245 1195/563/4245
f 1214/560/4246 1203/568/4246 1199/548/4246
f 1188/536/4247 1189/535/4247 1211/564/4247
f 1189/535/4248 1190/537/4248 1215/566/4248
f 1190/537/4249 1191/538/4249 1179/567/4249
f 1202/549/4250 1203/568/4250 1179/567/4250
f 1214/560/4251 1215/566/4251 1179/567/4251
f 105/569/4252 1180/530/4252 161/570/4252
f 104/572/4253 1181/528/4253 1180/530/4253
f 103/573/4254 1182/533/4254 1181/528/4254
f 103/573/4255 102/585/4255 1183/561/4255
f 1180/530/4256 1184/529/4256 160/574/4256
f 1184/529/4257 1188/536/4257 159/575/4257
f 159/575/4258 1188/536/4258 1207/565/4258
f 707/577/4259 1192/541/4259 99/578/4259
f 706/580/4260 1193/539/4260 1192/541/4260
f 705/581/4261 1194/542/4261 1193/539/4261
f 704/582/4262 1195/544/4262 1194/542/4262
f 1192/541/4263 1196/540/4263 100/583/4263
f 1196/540/4264 1200/546/4264 101/584/4264
f 1200/546/4265 1183/561/4265 102/585/4265
f 155/586/4266 1204/552/4266 701/587/4266
f 156/589/4267 1205/550/4267 1204/552/4267
f 157/590/4268 1206/553/4268 1205/550/4268
f 158/591/4269 1207/555/4269 1206/553/4269
f 1204/552/4270 1208/551/4270 702/592/4270
f 1208/551/4271 1212/557/4271 703/593/4271
f 1212/557/4272 1195/563/4272 704/594/4272
f 1218/595/4273 1222/599/4273 1221/596/4273
f 1218/595/4274 1219/600/4274 1223/598/4274
f 1219/600/4275 1220/640/4275 1224/601/4275
f 1221/596/4276 1222/599/4276 1226/602/4276
f 1222/599/4277 1223/598/4277 1227/604/4277
f 1223/598/4278 1224/601/4278 1228/605/4278
f 1230/606/4279 1234/610/4279 1233/607/4279
f 1231/609/4280 1235/612/4280 1234/610/4280
f 1232/611/4281 1236/615/4281 1235/612/4281
f 1234/610/4282 1238/614/4282 1237/613/4282
f 1235/612/4283 1239/616/4283 1238/614/4283
f 1236/615/4284 1240/634/4284 1239/616/4284
f 1242/617/4285 1246/621/4285 1245/618/4285
f 1243/620/4286 1247/623/4286 1246/621/4286
f 1244/622/4287 1248/626/4287 1247/623/4287
f 1246/621/4288 1250/625/4288 1249/624/4288
f 1247/623/4289 1251/627/4289 1250/625/4289
f 1248/626/4290 1252/632/4290 1251/627/4290
f 1238/614/4291 1224/601/4291 1220/628/4291
f 1239/616/4292 1228/605/4292 1224/601/4292
f 1250/625/4293 1236/615/4293 1232/629/4293
f 1251/627/4294 1240/634/4294 1236/615/4294
f 1225/603/4295 1226/602/4295 1248/630/4295
f 1226/602/4296 1227/604/4296 1252/632/4296
f 1227/604/4297 1228/605/4297 1216/633/4297
f 1239/616/4298 1240/634/4298 1216/633/4298
f 1251/627/4299 1252/632/4299 1216/633/4299
f 112/635/4300 1217/597/4300 175/636/4300
f 111/638/4301 1218/595/4301 1217/597/4301
f 110/639/4302 1219/600/4302 1218/595/4302
f 110/639/4303 109/652/4303 1220/640/4303
f 1217/597/4304 1221/596/4304 174/641/4304
f 1221/596/4305 1225/603/4305 173/642/4305
f 173/642/4306 1225/603/4306 1244/631/4306
f 686/644/4307 1229/608/4307 106/645/4307
f 685/647/4308 1230/606/4308 1229/608/4308
f 684/648/4309 1231/609/4309 1230/606/4309
f 683/649/4310 1232/611/4310 1231/609/4310
f 1229/608/4311 1233/607/4311 107/650/4311
f 1233/607/4312 1237/613/4312 108/651/4312
f 1237/613/4313 1220/628/4313 109/652/4313
f 169/653/4314 1241/619/4314 680/654/4314
f 170/656/4315 1242/617/4315 1241/619/4315
f 171/657/4316 1243/620/4316 1242/617/4316
f 172/643/4317 1244/622/4317 1243/620/4317
f 1241/619/4318 1245/618/4318 681/658/4318
f 1245/618/4319 1249/624/4319 682/659/4319
f 1249/624/4320 1232/629/4320 683/649/4320
f 1255/660/4321 1259/664/4321 1258/661/4321
f 1255/660/4322 1256/665/4322 1260/663/4322
f 1256/665/4323 1257/704/4323 1261/666/4323
f 1258/661/4324 1259/664/4324 1263/667/4324
f 1259/664/4325 1260/663/4325 1264/669/4325
f 1260/663/4326 1261/666/4326 1265/670/4326
f 1267/671/4327 1271/675/4327 1270/672/4327
f 1268/674/4328 1272/677/4328 1271/675/4328
f 1269/676/4329 1273/680/4329 1272/677/4329
f 1271/675/4330 1275/679/4330 1274/678/4330
f 1272/677/4331 1276/681/4331 1275/679/4331
f 1273/680/4332 1277/700/4332 1276/681/4332
f 1279/682/4333 1283/686/4333 1282/683/4333
f 1280/685/4334 1284/688/4334 1283/686/4334
f 1281/687/4335 1285/691/4335 1284/688/4335
f 1283/686/4336 1287/690/4336 1286/689/4336
f 1284/688/4337 1288/692/4337 1287/690/4337
f 1285/691/4338 1289/698/4338 1288/692/4338
f 1275/679/4339 1261/694/4339 1257/693/4339
f 1276/681/4340 1265/670/4340 1261/694/4340
f 1287/690/4341 1273/696/4341 1269/695/4341
f 1288/692/4342 1277/700/4342 1273/696/4342
f 1262/668/4343 1263/667/4343 1285/691/4343
f 1263/667/4344 1264/669/4344 1289/698/4344
f 1264/669/4345 1265/670/4345 1253/699/4345
f 1276/681/4346 1277/700/4346 1253/699/4346
f 1288/692/4347 1289/698/4347 1253/699/4347
f 119/701/4348 1254/662/4348 344/702/4348
f 118/703/4349 1255/660/4349 1254/662/4349
f 117/380/4350 1256/665/4350 1255/660/4350
f 117/380/4351 116/4978/4351 1257/704/4351
f 1254/662/4352 1258/661/4352 345/705/4352
f 1258/661/4353 1262/668/4353 346/706/4353
f 346/706/4354 1262/668/4354 1281/697/4354
f 665/708/4355 1266/673/4355 113/709/4355
f 664/710/4356 1267/671/4356 1266/673/4356
f 663/711/4357 1268/674/4357 1267/671/4357
f 662/712/4358 1269/676/4358 1268/674/4358
f 1266/673/4359 1270/672/4359 114/713/4359
f 1270/672/4360 1274/678/4360 115/714/4360
f 1274/678/4361 1257/693/4361 116/381/4361
f 350/715/4362 1278/684/4362 659/716/4362
f 349/718/4363 1279/682/4363 1278/684/4363
f 348/719/4364 1280/685/4364 1279/682/4364
f 347/720/4365 1281/687/4365 1280/685/4365
f 1278/684/4366 1282/683/4366 660/721/4366
f 1282/683/4367 1286/689/4367 661/722/4367
f 1286/689/4368 1269/695/4368 662/723/4368
f 1292/724/4369 1296/728/4369 1295/725/4369
f 1292/724/4370 1293/729/4370 1297/727/4370
f 1293/729/4371 1294/769/4371 1298/730/4371
f 1295/725/4372 1296/728/4372 1300/731/4372
f 1296/728/4373 1297/727/4373 1301/733/4373
f 1297/727/4374 1298/730/4374 1302/734/4374
f 1304/735/4375 1308/739/4375 1307/736/4375
f 1305/738/4376 1309/741/4376 1308/739/4376
f 1306/740/4377 1310/744/4377 1309/741/4377
f 1308/739/4378 1312/743/4378 1311/742/4378
f 1309/741/4379 1313/745/4379 1312/743/4379
f 1310/744/4380 1314/764/4380 1313/745/4380
f 1316/746/4381 1320/750/4381 1319/747/4381
f 1317/749/4382 1321/752/4382 1320/750/4382
f 1318/751/4383 1322/755/4383 1321/752/4383
f 1320/750/4384 1324/754/4384 1323/753/4384
f 1321/752/4385 1325/756/4385 1324/754/4385
f 1322/755/4386 1326/762/4386 1325/756/4386
f 1312/743/4387 1298/758/4387 1294/757/4387
f 1313/745/4388 1302/734/4388 1298/758/4388
f 1324/754/4389 1310/760/4389 1306/759/4389
f 1325/756/4390 1314/764/4390 1310/760/4390
f 1299/732/4391 1300/731/4391 1322/761/4391
f 1300/731/4392 1301/733/4392 1326/762/4392
f 1301/733/4393 1302/734/4393 1290/763/4393
f 1313/745/4394 1314/764/4394 1290/763/4394
f 1325/756/4395 1326/762/4395 1290/763/4395
f 133/765/4396 1291/726/4396 358/766/4396
f 132/767/4397 1292/724/4397 1291/726/4397
f 131/768/4398 1293/729/4398 1292/724/4398
f 131/768/4399 130/4979/4399 1294/769/4399
f 1291/726/4400 1295/725/4400 359/770/4400
f 1295/725/4401 1299/732/4401 360/771/4401
f 360/771/4402 1299/732/4402 1318/751/4402
f 644/773/4403 1303/737/4403 127/453/4403
f 643/774/4404 1304/735/4404 1303/737/4404
f 642/775/4405 1305/738/4405 1304/735/4405
f 641/776/4406 1306/740/4406 1305/738/4406
f 1303/737/4407 1307/736/4407 128/777/4407
f 1307/736/4408 1311/742/4408 129/778/4408
f 1311/742/4409 1294/757/4409 130/443/4409
f 364/779/4410 1315/748/4410 638/780/4410
f 363/782/4411 1316/746/4411 1315/748/4411
f 362/783/4412 1317/749/4412 1316/746/4412
f 361/772/4413 1318/751/4413 1317/749/4413
f 1315/748/4414 1319/747/4414 639/784/4414
f 1319/747/4415 1323/753/4415 640/785/4415
f 1323/753/4416 1306/759/4416 641/776/4416
f 1329/786/4417 1333/790/4417 1332/787/4417
f 1329/786/4418 1330/791/4418 1334/789/4418
f 1330/791/4419 1331/830/4419 1335/792/4419
f 1332/787/4420 1333/790/4420 1337/793/4420
f 1333/790/4421 1334/789/4421 1338/795/4421
f 1334/789/4422 1335/792/4422 1339/796/4422
f 1341/797/4423 1345/801/4423 1344/798/4423
f 1342/800/4424 1346/803/4424 1345/801/4424
f 1343/802/4425 1347/806/4425 1346/803/4425
f 1345/801/4426 1349/805/4426 1348/804/4426
f 1346/803/4427 1350/807/4427 1349/805/4427
f 1347/806/4428 1351/826/4428 1350/807/4428
f 1353/808/4429 1357/812/4429 1356/809/4429
f 1354/811/4430 1358/814/4430 1357/812/4430
f 1355/813/4431 1359/817/4431 1358/814/4431
f 1357/812/4432 1361/816/4432 1360/815/4432
f 1358/814/4433 1362/818/4433 1361/816/4433
f 1359/817/4434 1363/824/4434 1362/818/4434
f 1349/805/4435 1335/820/4435 1331/819/4435
f 1350/807/4436 1339/796/4436 1335/820/4436
f 1361/816/4437 1347/822/4437 1343/821/4437
f 1362/818/4438 1351/826/4438 1347/822/4438
f 1336/794/4439 1337/793/4439 1359/817/4439
f 1337/793/4440 1338/795/4440 1363/824/4440
f 1338/795/4441 1339/796/4441 1327/825/4441
f 1350/807/4442 1351/826/4442 1327/825/4442
f 1362/818/4443 1363/824/4443 1327/825/4443
f 147/827/4444 1328/788/4444 372/828/4444
f 146/829/4445 1329/786/4445 1328/788/4445
f 145/510/4446 1330/791/4446 1329/786/4446
f 145/510/4447 144/4980/4447 1331/830/4447
f 1328/788/4448 1332/787/4448 373/831/4448
f 1332/787/4449 1336/794/4449 374/832/4449
f 374/832/4450 1336/794/4450 1355/823/4450
f 623/834/4451 1340/799/4451 141/835/4451
f 622/836/4452 1341/797/4452 1340/799/4452
f 621/837/4453 1342/800/4453 1341/797/4453
f 620/838/4454 1343/802/4454 1342/800/4454
f 1340/799/4455 1344/798/4455 142/839/4455
f 1344/798/4456 1348/804/4456 143/840/4456
f 1348/804/4457 1331/819/4457 144/841/4457
f 378/842/4458 1352/810/4458 617/843/4458
f 377/845/4459 1353/808/4459 1352/810/4459
f 376/846/4460 1354/811/4460 1353/808/4460
f 375/847/4461 1355/813/4461 1354/811/4461
f 1352/810/4462 1356/809/4462 618/848/4462
f 1356/809/4463 1360/815/4463 619/849/4463
f 1360/815/4464 1343/821/4464 620/850/4464
f 1366/851/4465 1370/855/4465 1369/852/4465
f 1366/851/4466 1367/856/4466 1371/854/4466
f 1367/856/4467 1368/894/4467 1372/857/4467
f 1369/852/4468 1370/855/4468 1374/858/4468
f 1370/855/4469 1371/854/4469 1375/860/4469
f 1371/854/4470 1372/857/4470 1376/861/4470
f 1378/862/4471 1382/866/4471 1381/863/4471
f 1379/865/4472 1383/868/4472 1382/866/4472
f 1380/867/4473 1384/871/4473 1383/868/4473
f 1382/866/4474 1386/870/4474 1385/869/4474
f 1383/868/4475 1387/872/4475 1386/870/4475
f 1384/871/4476 1388/890/4476 1387/872/4476
f 1390/873/4477 1394/877/4477 1393/874/4477
f 1391/876/4478 1395/879/4478 1394/877/4478
f 1392/878/4479 1396/882/4479 1395/879/4479
f 1394/877/4480 1398/881/4480 1397/880/4480
f 1395/879/4481 1399/883/4481 1398/881/4481
f 1396/882/4482 1400/888/4482 1399/883/4482
f 1386/870/4483 1372/885/4483 1368/884/4483
f 1387/872/4484 1376/861/4484 1372/885/4484
f 1398/881/4485 1384/871/4485 1380/886/4485
f 1399/883/4486 1388/890/4486 1384/871/4486
f 1373/859/4487 1374/858/4487 1396/882/4487
f 1374/858/4488 1375/860/4488 1400/888/4488
f 1375/860/4489 1376/861/4489 1364/889/4489
f 1387/872/4490 1388/890/4490 1364/889/4490
f 1399/883/4491 1400/888/4491 1364/889/4491
f 161/891/4492 1365/853/4492 386/892/4492
f 160/893/4493 1366/851/4493 1365/853/4493
f 159/575/4494 1367/856/4494 1366/851/4494
f 159/575/4495 158/4981/4495 1368/894/4495
f 1365/853/4496 1369/852/4496 387/895/4496
f 1369/852/4497 1373/859/4497 388/896/4497
f 388/896/4498 1373/859/4498 1392/887/4498
f 602/898/4499 1377/864/4499 155/586/4499
f 601/899/4500 1378/862/4500 1377/864/4500
f 600/900/4501 1379/865/4501 1378/862/4501
f 599/901/4502 1380/867/4502 1379/865/4502
f 1377/864/4503 1381/863/4503 156/902/4503
f 1381/863/4504 1385/869/4504 157/903/4504
f 1385/869/4505 1368/884/4505 158/576/4505
f 392/904/4506 1389/875/4506 596/905/4506
f 391/907/4507 1390/873/4507 1389/875/4507
f 390/908/4508 1391/876/4508 1390/873/4508
f 389/909/4509 1392/878/4509 1391/876/4509
f 1389/875/4510 1393/874/4510 597/910/4510
f 1393/874/4511 1397/880/4511 598/911/4511
f 1397/880/4512 1380/886/4512 599/912/4512
f 1403/913/4513 1407/917/4513 1406/914/4513
f 1403/913/4514 1404/918/4514 1408/916/4514
f 1404/918/4515 1405/958/4515 1409/919/4515
f 1406/914/4516 1407/917/4516 1411/920/4516
f 1407/917/4517 1408/916/4517 1412/922/4517
f 1408/916/4518 1409/919/4518 1413/923/4518
f 1415/924/4519 1419/928/4519 1418/925/4519
f 1416/927/4520 1420/930/4520 1419/928/4520
f 1417/929/4521 1421/933/4521 1420/930/4521
f 1419/928/4522 1423/932/4522 1422/931/4522
f 1420/930/4523 1424/934/4523 1423/932/4523
f 1421/933/4524 1425/954/4524 1424/934/4524
f 1427/935/4525 1431/939/4525 1430/936/4525
f 1428/938/4526 1432/941/4526 1431/939/4526
f 1429/940/4527 1433/944/4527 1432/941/4527
f 1431/939/4528 1435/943/4528 1434/942/4528
f 1432/941/4529 1436/945/4529 1435/943/4529
f 1433/944/4530 1437/952/4530 1436/945/4530
f 1423/932/4531 1409/947/4531 1405/946/4531
f 1424/934/4532 1413/923/4532 1409/947/4532
f 1435/943/4533 1421/949/4533 1417/948/4533
f 1436/945/4534 1425/954/4534 1421/949/4534
f 1410/921/4535 1411/920/4535 1433/950/4535
f 1411/920/4536 1412/922/4536 1437/952/4536
f 1412/922/4537 1413/923/4537 1401/953/4537
f 1424/934/4538 1425/954/4538 1401/953/4538
f 1436/945/4539 1437/952/4539 1401/953/4539
f 175/955/4540 1402/915/4540 330/956/4540
f 174/957/4541 1403/913/4541 1402/915/4541
f 173/642/4542 1404/918/4542 1403/913/4542
f 173/642/4543 172/4982/4543 1405/958/4543
f 1402/915/4544 1406/914/4544 331/959/4544
f 1406/914/4545 1410/921/4545 332/960/4545
f 332/960/4546 1410/921/4546 1429/951/4546
f 581/962/4547 1414/926/4547 169/653/4547
f 580/963/4548 1415/924/4548 1414/926/4548
f 579/964/4549 1416/927/4549 1415/924/4549
f 578/965/4550 1417/929/4550 1416/927/4550
f 1414/926/4551 1418/925/4551 170/966/4551
f 1418/925/4552 1422/931/4552 171/967/4552
f 1422/931/4553 1405/946/4553 172/968/4553
f 336/969/4554 1426/937/4554 575/970/4554
f 335/972/4555 1427/935/4555 1426/937/4555
f 334/973/4556 1428/938/4556 1427/935/4556
f 333/974/4557 1429/940/4557 1428/938/4557
f 1426/937/4558 1430/936/4558 576/975/4558
f 1430/936/4559 1434/942/4559 577/976/4559
f 1434/942/4560 1417/948/4560 578/977/4560
f 1440/978/4561 1444/982/4561 1443/979/4561
f 1440/978/4562 1441/983/4562 1445/981/4562
f 1441/983/4563 1442/1024/4563 1446/984/4563
f 1443/979/4564 1444/982/4564 1448/985/4564
f 1444/982/4565 1445/981/4565 1449/987/4565
f 1445/981/4566 1446/984/4566 1450/988/4566
f 1452/989/4567 1456/993/4567 1455/990/4567
f 1453/992/4568 1457/995/4568 1456/993/4568
f 1454/994/4569 1458/998/4569 1457/995/4569
f 1456/993/4570 1460/997/4570 1459/996/4570
f 1457/995/4571 1461/999/4571 1460/997/4571
f 1458/998/4572 1462/1018/4572 1461/999/4572
f 1464/1000/4573 1468/1004/4573 1467/1001/4573
f 1465/1003/4574 1469/1006/4574 1468/1004/4574
f 1466/1005/4575 1470/1009/4575 1469/1006/4575
f 1468/1004/4576 1472/1008/4576 1471/1007/4576
f 1469/1006/4577 1473/1010/4577 1472/1008/4577
f 1470/1009/4578 1474/1016/4578 1473/1010/4578
f 1460/997/4579 1446/1012/4579 1442/1011/4579
f 1461/999/4580 1450/988/4580 1446/1012/4580
f 1472/1008/4581 1458/1014/4581 1454/1013/4581
f 1473/1010/4582 1462/1018/4582 1458/1014/4582
f 1447/986/4583 1448/985/4583 1470/1009/4583
f 1448/985/4584 1449/987/4584 1474/1016/4584
f 1449/987/4585 1450/988/4585 1438/1017/4585
f 1461/999/4586 1462/1018/4586 1438/1017/4586
f 1473/1010/4587 1474/1016/4587 1438/1017/4587
f 189/1019/4588 1439/980/4588 224/1020/4588
f 188/1022/4589 1440/978/4589 1439/980/4589
f 187/1023/4590 1441/983/4590 1440/978/4590
f 187/1023/4591 186/4983/4591 1442/1024/4591
f 1439/980/4592 1443/979/4592 223/1025/4592
f 1443/979/4593 1447/986/4593 222/1026/4593
f 222/1026/4594 1447/986/4594 1466/1015/4594
f 560/1028/4595 1451/991/4595 183/1029/4595
f 559/1031/4596 1452/989/4596 1451/991/4596
f 558/1032/4597 1453/992/4597 1452/989/4597
f 557/1033/4598 1454/994/4598 1453/992/4598
f 1451/991/4599 1455/990/4599 184/1034/4599
f 1455/990/4600 1459/996/4600 185/1035/4600
f 1459/996/4601 1442/1011/4601 186/1036/4601
f 218/1037/4602 1463/1002/4602 554/1038/4602
f 219/1040/4603 1464/1000/4603 1463/1002/4603
f 220/1041/4604 1465/1003/4604 1464/1000/4604
f 221/1042/4605 1466/1005/4605 1465/1003/4605
f 1463/1002/4606 1467/1001/4606 555/1043/4606
f 1467/1001/4607 1471/1007/4607 556/1044/4607
f 1471/1007/4608 1454/1013/4608 557/1045/4608
f 1477/1046/4609 1481/1050/4609 1480/1047/4609
f 1477/1046/4610 1478/1051/4610 1482/1049/4610
f 1478/1051/4611 1479/1079/4611 1483/1052/4611
f 1480/1047/4612 1481/1050/4612 1485/1053/4612
f 1481/1050/4613 1482/1049/4613 1486/1055/4613
f 1482/1049/4614 1483/1052/4614 1487/1056/4614
f 1489/1057/4615 1493/1061/4615 1492/1058/4615
f 1490/1060/4616 1494/1063/4616 1493/1061/4616
f 1491/1062/4617 1495/1066/4617 1494/1063/4617
f 1493/1061/4618 1497/1065/4618 1496/1064/4618
f 1494/1063/4619 1498/1067/4619 1497/1065/4619
f 1495/1066/4620 1499/1086/4620 1498/1067/4620
f 1501/1068/4621 1505/1072/4621 1504/1069/4621
f 1502/1071/4622 1506/1074/4622 1505/1072/4622
f 1503/1073/4623 1507/1077/4623 1506/1074/4623
f 1505/1072/4624 1509/1076/4624 1508/1075/4624
f 1506/1074/4625 1510/1078/4625 1509/1076/4625
f 1507/1077/4626 1511/1084/4626 1510/1078/4626
f 1497/1065/4627 1483/1080/4627 1479/1079/4627
f 1498/1067/4628 1487/1056/4628 1483/1080/4628
f 1509/1076/4629 1495/1082/4629 1491/1081/4629
f 1510/1078/4630 1499/1086/4630 1495/1082/4630
f 1484/1054/4631 1485/1053/4631 1507/1077/4631
f 1485/1053/4632 1486/1055/4632 1511/1084/4632
f 1486/1055/4633 1487/1056/4633 1475/1085/4633
f 1498/1067/4634 1499/1086/4634 1475/1085/4634
f 1510/1078/4635 1511/1084/4635 1475/1085/4635
f 196/1087/4636 1476/1048/4636 238/1088/4636
f 195/1090/4637 1477/1046/4637 1476/1048/4637
f 194/1091/4638 1478/1051/4638 1477/1046/4638
f 194/1091/4639 193/1103/4639 1479/1079/4639
f 1476/1048/4640 1480/1047/4640 237/1092/4640
f 1480/1047/4641 1484/1054/4641 236/1093/4641
f 236/1093/4642 1484/1054/4642 1503/1083/4642
f 539/1095/4643 1488/1059/4643 190/1096/4643
f 538/1098/4644 1489/1057/4644 1488/1059/4644
f 537/1099/4645 1490/1060/4645 1489/1057/4645
f 536/1100/4646 1491/1062/4646 1490/1060/4646
f 1488/1059/4647 1492/1058/4647 191/1101/4647
f 1492/1058/4648 1496/1064/4648 192/1102/4648
f 1496/1064/4649 1479/1079/4649 193/1103/4649
f 232/1104/4650 1500/1070/4650 533/1105/4650
f 233/1107/4651 1501/1068/4651 1500/1070/4651
f 234/1108/4652 1502/1071/4652 1501/1068/4652
f 235/1109/4653 1503/1073/4653 1502/1071/4653
f 1500/1070/4654 1504/1069/4654 534/1110/4654
f 1504/1069/4655 1508/1075/4655 535/1111/4655
f 1508/1075/4656 1491/1081/4656 536/1112/4656
f 1514/1113/4657 1518/1117/4657 1517/1114/4657
f 1514/1113/4658 1515/1118/4658 1519/1116/4658
f 1515/1118/4659 1516/1159/4659 1520/1119/4659
f 1517/1114/4660 1518/1117/4660 1522/1120/4660
f 1518/1117/4661 1519/1116/4661 1523/1122/4661
f 1519/1116/4662 1520/1119/4662 1524/1123/4662
f 1526/1124/4663 1530/1128/4663 1529/1125/4663
f 1527/1127/4664 1531/1130/4664 1530/1128/4664
f 1528/1129/4665 1532/1133/4665 1531/1130/4665
f 1530/1128/4666 1534/1132/4666 1533/1131/4666
f 1531/1130/4667 1535/1134/4667 1534/1132/4667
f 1532/1133/4668 1536/1153/4668 1535/1134/4668
f 1538/1135/4669 1542/1139/4669 1541/1136/4669
f 1539/1138/4670 1543/1141/4670 1542/1139/4670
f 1540/1140/4671 1544/1144/4671 1543/1141/4671
f 1542/1139/4672 1546/1143/4672 1545/1142/4672
f 1543/1141/4673 1547/1145/4673 1546/1143/4673
f 1544/1144/4674 1548/1151/4674 1547/1145/4674
f 1534/1132/4675 1520/1147/4675 1516/1146/4675
f 1535/1134/4676 1524/1123/4676 1520/1147/4676
f 1546/1143/4677 1532/1149/4677 1528/1148/4677
f 1547/1145/4678 1536/1153/4678 1532/1149/4678
f 1521/1121/4679 1522/1120/4679 1544/1144/4679
f 1522/1120/4680 1523/1122/4680 1548/1151/4680
f 1523/1122/4681 1524/1123/4681 1512/1152/4681
f 1535/1134/4682 1536/1153/4682 1512/1152/4682
f 1547/1145/4683 1548/1151/4683 1512/1152/4683
f 203/1154/4684 1513/1115/4684 245/1155/4684
f 202/1157/4685 1514/1113/4685 1513/1115/4685
f 201/1158/4686 1515/1118/4686 1514/1113/4686
f 201/1158/4687 200/4984/4687 1516/1159/4687
f 1513/1115/4688 1517/1114/4688 244/1160/4688
f 1517/1114/4689 1521/1121/4689 243/1161/4689
f 243/1161/4690 1521/1121/4690 1540/1150/4690
f 518/1163/4691 1525/1126/4691 197/1164/4691
f 517/1166/4692 1526/1124/4692 1525/1126/4692
f 516/1167/4693 1527/1127/4693 1526/1124/4693
f 515/1168/4694 1528/1129/4694 1527/1127/4694
f 1525/1126/4695 1529/1125/4695 198/1169/4695
f 1529/1125/4696 1533/1131/4696 199/1170/4696
f 1533/1131/4697 1516/1146/4697 200/1171/4697
f 239/1172/4698 1537/1137/4698 512/1173/4698
f 240/1175/4699 1538/1135/4699 1537/1137/4699
f 241/1176/4700 1539/1138/4700 1538/1135/4700
f 242/1177/4701 1540/1140/4701 1539/1138/4701
f 1537/1137/4702 1541/1136/4702 513/1178/4702
f 1541/1136/4703 1545/1142/4703 514/1179/4703
f 1545/1142/4704 1528/1148/4704 515/1180/4704
f 1551/1181/4705 1555/1185/4705 1554/1182/4705
f 1551/1181/4706 1552/1186/4706 1556/1184/4706
f 1552/1186/4707 1553/1228/4707 1557/1187/4707
f 1554/1182/4708 1555/1185/4708 1559/1188/4708
f 1555/1185/4709 1556/1184/4709 1560/1190/4709
f 1556/1184/4710 1557/1187/4710 1561/1191/4710
f 1563/1192/4711 1567/1196/4711 1566/1193/4711
f 1564/1195/4712 1568/1198/4712 1567/1196/4712
f 1565/1197/4713 1569/1201/4713 1568/1198/4713
f 1567/1196/4714 1571/1200/4714 1570/1199/4714
f 1568/1198/4715 1572/1202/4715 1571/1200/4715
f 1569/1201/4716 1573/1222/4716 1572/1202/4716
f 1575/1203/4717 1579/1207/4717 1578/1204/4717
f 1576/1206/4718 1580/1209/4718 1579/1207/4718
f 1577/1208/4719 1581/1212/4719 1580/1209/4719
f 1579/1207/4720 1583/1211/4720 1582/1210/4720
f 1580/1209/4721 1584/1213/4721 1583/1211/4721
f 1581/1212/4722 1585/1220/4722 1584/1213/4722
f 1571/1200/4723 1557/1215/4723 1553/1214/4723
f 1572/1202/4724 1561/1191/4724 1557/1215/4724
f 1583/1211/4725 1569/1217/4725 1565/1216/4725
f 1584/1213/4726 1573/1222/4726 1569/1217/4726
f 1558/1189/4727 1559/1188/4727 1581/1218/4727
f 1559/1188/4728 1560/1190/4728 1585/1220/4728
f 1560/1190/4729 1561/1191/4729 1549/1221/4729
f 1572/1202/4730 1573/1222/4730 1549/1221/4730
f 1584/1213/4731 1585/1220/4731 1549/1221/4731
f 210/1223/4732 1550/1183/4732 252/1224/4732
f 209/1226/4733 1551/1181/4733 1550/1183/4733
f 208/1227/4734 1552/1186/4734 1551/1181/4734
f 208/1227/4735 207/1240/4735 1553/1228/4735
f 1550/1183/4736 1554/1182/4736 251/1229/4736
f 1554/1182/4737 1558/1189/4737 250/1230/4737
f 250/1230/4738 1558/1189/4738 1577/1219/4738
f 497/1232/4739 1562/1194/4739 204/1233/4739
f 496/1235/4740 1563/1192/4740 1562/1194/4740
f 495/1236/4741 1564/1195/4741 1563/1192/4741
f 494/1237/4742 1565/1197/4742 1564/1195/4742
f 1562/1194/4743 1566/1193/4743 205/1238/4743
f 1566/1193/4744 1570/1199/4744 206/1239/4744
f 1570/1199/4745 1553/1214/4745 207/1240/4745
f 246/1241/4746 1574/1205/4746 491/1242/4746
f 247/1244/4747 1575/1203/4747 1574/1205/4747
f 248/1245/4748 1576/1206/4748 1575/1203/4748
f 249/1246/4749 1577/1208/4749 1576/1206/4749
f 1574/1205/4750 1578/1204/4750 492/1247/4750
f 1578/1204/4751 1582/1210/4751 493/1248/4751
f 1582/1210/4752 1565/1216/4752 494/1249/4752
f 1588/1250/4753 1592/1254/4753 1591/1251/4753
f 1588/1250/4754 1589/1255/4754 1593/1253/4754
f 1589/1255/4755 1590/1297/4755 1594/1256/4755
f 1591/1251/4756 1592/1254/4756 1596/1257/4756
f 1592/1254/4757 1593/1253/4757 1597/1259/4757
f 1593/1253/4758 1594/1256/4758 1598/1260/4758
f 1600/1261/4759 1604/1265/4759 1603/1262/4759
f 1601/1264/4760 1605/1267/4760 1604/1265/4760
f 1602/1266/4761 1606/1270/4761 1605/1267/4761
f 1604/1265/4762 1608/1269/4762 1607/1268/4762
f 1605/1267/4763 1609/1271/4763 1608/1269/4763
f 1606/1270/4764 1610/1291/4764 1609/1271/4764
f 1612/1272/4765 1616/1276/4765 1615/1273/4765
f 1613/1275/4766 1617/1278/4766 1616/1276/4766
f 1614/1277/4767 1618/1281/4767 1617/1278/4767
f 1616/1276/4768 1620/1280/4768 1619/1279/4768
f 1617/1278/4769 1621/1282/4769 1620/1280/4769
f 1618/1281/4770 1622/1289/4770 1621/1282/4770
f 1608/1269/4771 1594/1284/4771 1590/1283/4771
f 1609/1271/4772 1598/1260/4772 1594/1284/4772
f 1620/1280/4773 1606/1286/4773 1602/1285/4773
f 1621/1282/4774 1610/1291/4774 1606/1286/4774
f 1595/1258/4775 1596/1257/4775 1618/1287/4775
f 1596/1257/4776 1597/1259/4776 1622/1289/4776
f 1597/1259/4777 1598/1260/4777 1586/1290/4777
f 1609/1271/4778 1610/1291/4778 1586/1290/4778
f 1621/1282/4779 1622/1289/4779 1586/1290/4779
f 217/1292/4780 1587/1252/4780 435/1293/4780
f 216/1295/4781 1588/1250/4781 1587/1252/4781
f 215/1296/4782 1589/1255/4782 1588/1250/4782
f 215/1296/4783 214/1309/4783 1590/1297/4783
f 1587/1252/4784 1591/1251/4784 436/1298/4784
f 1591/1251/4785 1595/1258/4785 437/1299/4785
f 437/1299/4786 1595/1258/4786 1614/1288/4786
f 476/1301/4787 1599/1263/4787 211/1302/4787
f 475/1304/4788 1600/1261/4788 1599/1263/4788
f 474/1305/4789 1601/1264/4789 1600/1261/4789
f 473/1306/4790 1602/1266/4790 1601/1264/4790
f 1599/1263/4791 1603/1262/4791 212/1307/4791
f 1603/1262/4792 1607/1268/4792 213/1308/4792
f 1607/1268/4793 1590/1283/4793 214/1309/4793
f 441/1310/4794 1611/1274/4794 470/1311/4794
f 440/1313/4795 1612/1272/4795 1611/1274/4795
f 439/1314/4796 1613/1275/4796 1612/1272/4796
f 438/1315/4797 1614/1277/4797 1613/1275/4797
f 1611/1274/4798 1615/1273/4798 471/1316/4798
f 1615/1273/4799 1619/1279/4799 472/1317/4799
f 1619/1279/4800 1602/1285/4800 473/1318/4800
f 1625/1319/4801 1629/1323/4801 1628/1320/4801
f 1626/1322/4802 1630/1325/4802 1629/1323/4802
f 1627/1324/4803 1631/1328/4803 1630/1325/4803
f 1629/1323/4804 1633/1327/4804 1632/1326/4804
f 1630/1325/4805 1634/1329/4805 1633/1327/4805
f 1631/1328/4806 1635/1358/4806 1634/1329/4806
f 1637/1330/4807 1641/1334/4807 1640/1331/4807
f 1638/1333/4808 1642/1336/4808 1641/1334/4808
f 1639/1335/4809 1643/1339/4809 1642/1336/4809
f 1641/1334/4810 1645/1338/4810 1644/1337/4810
f 1642/1336/4811 1646/1340/4811 1645/1338/4811
f 1643/1339/4812 1647/1354/4812 1646/1340/4812
f 1649/1341/4813 1653/1345/4813 1652/1342/4813
f 1649/1341/4814 1650/1346/4814 1654/1344/4814
f 1650/1346/4815 1651/1380/4815 1655/1347/4815
f 1652/1342/4816 1653/1345/4816 1657/1348/4816
f 1653/1345/4817 1654/1344/4817 1658/1350/4817
f 1654/1344/4818 1655/1347/4818 1659/1351/4818
f 1645/1338/4819 1631/1353/4819 1627/1352/4819
f 1646/1340/4820 1635/1358/4820 1631/1353/4820
f 1656/1349/4821 1657/1348/4821 1643/1339/4821
f 1657/1348/4822 1658/1350/4822 1647/1354/4822
f 1633/1327/4823 1655/1356/4823 1651/1355/4823
f 1634/1329/4824 1659/1351/4824 1655/1356/4824
f 1634/1329/4825 1635/1358/4825 1623/1357/4825
f 1646/1340/4826 1647/1354/4826 1623/1357/4826
f 1658/1350/4827 1659/1351/4827 1623/1357/4827
f 463/1359/4828 1624/1321/4828 225/1360/4828
f 464/1361/4829 1625/1319/4829 1624/1321/4829
f 465/1362/4830 1626/1322/4830 1625/1319/4830
f 466/1363/4831 1627/1324/4831 1626/1322/4831
f 1624/1321/4832 1628/1320/4832 226/1364/4832
f 1628/1320/4833 1632/1326/4833 227/1365/4833
f 1632/1326/4834 1651/1355/4834 228/1366/4834
f 462/1367/4835 1636/1332/4835 469/1368/4835
f 461/1370/4836 1637/1330/4836 1636/1332/4836
f 460/1371/4837 1638/1333/4837 1637/1330/4837
f 459/1372/4838 1639/1335/4838 1638/1333/4838
f 1636/1332/4839 1640/1331/4839 468/1373/4839
f 1640/1331/4840 1644/1337/4840 467/1374/4840
f 1644/1337/4841 1627/1352/4841 466/1363/4841
f 231/1375/4842 1648/1343/4842 456/1376/4842
f 230/1378/4843 1649/1341/4843 1648/1343/4843
f 229/1379/4844 1650/1346/4844 1649/1341/4844
f 229/1379/4845 228/1366/4845 1651/1380/4845
f 1648/1343/4846 1652/1342/4846 457/1381/4846
f 1652/1342/4847 1656/1349/4847 458/1382/4847
f 458/1382/4848 1656/1349/4848 1639/1335/4848
f 1662/1383/4849 1666/1387/4849 1665/1384/4849
f 1663/1386/4850 1667/1389/4850 1666/1387/4850
f 1664/1388/4851 1668/1392/4851 1667/1389/4851
f 1666/1387/4852 1670/1391/4852 1669/1390/4852
f 1667/1389/4853 1671/1393/4853 1670/1391/4853
f 1668/1392/4854 1672/1422/4854 1671/1393/4854
f 1674/1394/4855 1678/1398/4855 1677/1395/4855
f 1675/1397/4856 1679/1400/4856 1678/1398/4856
f 1676/1399/1017 1680/1403/1017 1679/1400/1017
f 1678/1398/4857 1682/1402/4857 1681/1401/4857
f 1679/1400/4858 1683/1404/4858 1682/1402/4858
f 1680/1403/4859 1684/1423/4859 1683/1404/4859
f 1686/1405/4860 1690/1409/4860 1689/1406/4860
f 1687/1408/4861 1691/1411/4861 1690/1409/4861
f 1688/1410/4862 1692/1414/4862 1691/1411/4862
f 1690/1409/4863 1694/1413/4863 1693/1412/4863
f 1691/1411/4864 1695/1415/4864 1694/1413/4864
f 1692/1414/4865 1696/1421/4865 1695/1415/4865
f 1682/1402/4866 1668/1392/4866 1664/1388/4866
f 1683/1404/4867 1672/1422/4867 1668/1392/4867
f 1694/1413/1029 1680/1417/1029 1676/1416/1029
f 1695/1415/4868 1684/1423/4868 1680/1417/4868
f 1670/1391/4869 1692/1419/4869 1688/1418/4869
f 1671/1393/4870 1696/1421/4870 1692/1419/4870
f 1671/1393/4871 1672/1422/4871 1660/1420/4871
f 1683/1404/4872 1684/1423/4872 1660/1420/4872
f 1695/1415/4873 1696/1421/4873 1660/1420/4873
f 470/1424/4874 1661/1385/4874 463/1425/4874
f 471/1426/4875 1662/1383/4875 1661/1385/4875
f 472/1427/4876 1663/1386/4876 1662/1383/4876
f 473/1428/4877 1664/1388/4877 1663/1386/4877
f 1661/1385/4878 1665/1384/4878 464/1429/4878
f 1665/1384/4879 1669/1390/4879 465/1430/4879
f 1669/1390/4880 1688/1418/4880 466/1431/4880
f 483/1432/4881 1673/1396/4881 476/1433/4881
f 482/1434/4882 1674/1394/4882 1673/1396/4882
f 481/1435/4883 1675/1397/4883 1674/1394/4883
f 480/1436/4884 1676/1399/4884 1675/1397/4884
f 1673/1396/4885 1677/1395/4885 475/1304/4885
f 1677/1395/4886 1681/1401/4886 474/1437/4886
f 1681/1401/4887 1664/1388/4887 473/1438/4887
f 469/1439/4888 1685/1407/4888 477/1440/4888
f 468/1441/4889 1686/1405/4889 1685/1407/4889
f 467/1442/4890 1687/1408/4890 1686/1405/4890
f 466/1443/4891 1688/1410/4891 1687/1408/4891
f 1685/1407/4892 1689/1406/4892 478/1444/4892
f 1689/1406/4893 1693/1412/4893 479/1445/4893
f 1693/1412/4894 1676/1416/4894 480/1446/4894
f 1699/1447/4895 1703/1451/4895 1702/1448/4895
f 1700/1450/4896 1704/1453/4896 1703/1451/4896
f 1701/1452/4897 1705/1456/4897 1704/1453/4897
f 1703/1451/4898 1707/1455/4898 1706/1454/4898
f 1704/1453/4899 1708/1457/4899 1707/1455/4899
f 1705/1456/4900 1709/1481/4900 1708/1457/4900
f 1711/1458/4901 1715/1462/4901 1714/1459/4901
f 1711/1458/4902 1712/1463/4902 1716/1461/4902
f 1712/1463/4903 1713/1497/4903 1717/1464/4903
f 1714/1459/4904 1715/1462/4904 1719/1465/4904
f 1715/1462/4905 1716/1461/4905 1720/1467/4905
f 1716/1461/4906 1717/1464/4906 1721/1468/4906
f 1723/1469/4907 1727/1473/4907 1726/1470/4907
f 1724/1472/4908 1728/1475/4908 1727/1473/4908
f 1725/1474/4909 1729/1478/4909 1728/1475/4909
f 1727/1473/4910 1731/1477/4910 1730/1476/4910
f 1728/1475/4911 1732/1479/4911 1731/1477/4911
f 1729/1478/4912 1733/1487/4912 1732/1479/4912
f 1718/1466/4913 1719/1465/4913 1705/1480/4913
f 1719/1465/4914 1720/1467/4914 1709/1481/4914
f 1731/1477/4915 1717/1483/4915 1713/1482/4915
f 1732/1479/4916 1721/1468/4916 1717/1483/4916
f 1707/1455/4917 1729/1485/4917 1725/1484/4917
f 1708/1457/4918 1733/1487/4918 1729/1485/4918
f 1708/1457/4919 1709/1481/4919 1697/1486/4919
f 1720/1467/4920 1721/1468/4920 1697/1486/4920
f 1732/1479/4921 1733/1487/4921 1697/1486/4921
f 427/1488/4922 1698/1449/4922 483/1432/4922
f 426/1489/4923 1699/1447/4923 1698/1449/4923
f 425/1490/4924 1700/1450/4924 1699/1447/4924
f 424/1491/4925 1701/1452/4925 1700/1450/4925
f 1698/1449/4926 1702/1448/4926 482/1434/4926
f 1702/1448/4927 1706/1454/4927 481/1435/4927
f 1706/1454/4928 1725/1484/4928 480/1492/4928
f 252/1493/4929 1710/1460/4929 421/1494/4929
f 251/1495/4930 1711/1458/4930 1710/1460/4930
f 250/1496/4931 1712/1463/4931 1711/1458/4931
f 250/1496/4932 249/4985/4932 1713/1497/4932
f 1710/1460/4933 1714/1459/4933 422/1498/4933
f 1714/1459/4934 1718/1466/4934 423/1499/4934
f 423/1499/4935 1718/1466/4935 1701/1452/4935
f 477/1500/4936 1722/1471/4936 246/1501/4936
f 478/1502/4937 1723/1469/4937 1722/1471/4937
f 479/1503/4938 1724/1472/4938 1723/1469/4938
f 480/1446/4939 1725/1474/4939 1724/1472/4939
f 1722/1471/4940 1726/1470/4940 247/1504/4940
f 1726/1470/4941 1730/1476/4941 248/1505/4941
f 1730/1476/4942 1713/1482/4942 249/1506/4942
f 1736/1507/4943 1740/1511/4943 1739/1508/4943
f 1737/1510/4944 1741/1513/4944 1740/1511/4944
f 1738/1512/4945 1742/1516/4945 1741/1513/4945
f 1740/1511/4946 1744/1515/4946 1743/1514/4946
f 1741/1513/4947 1745/1517/4947 1744/1515/4947
f 1742/1516/4948 1746/1547/4948 1745/1517/4948
f 1748/1518/4949 1752/1522/4949 1751/1519/4949
f 1749/1521/4950 1753/1524/4950 1752/1522/4950
f 1750/1523/4951 1754/1527/4951 1753/1524/4951
f 1752/1522/4952 1756/1526/4952 1755/1525/4952
f 1753/1524/4953 1757/1528/4953 1756/1526/4953
f 1754/1527/4954 1758/1543/4954 1757/1528/4954
f 1760/1529/4955 1764/1533/4955 1763/1530/4955
f 1760/1529/4956 1761/1534/4956 1765/1532/4956
f 1761/1534/4957 1762/1570/4957 1766/1535/4957
f 1763/1530/4958 1764/1533/4958 1768/1536/4958
f 1764/1533/4959 1765/1532/4959 1769/1538/4959
f 1765/1532/4960 1766/1535/4960 1770/1539/4960
f 1756/1526/4961 1742/1541/4961 1738/1540/4961
f 1757/1528/4962 1746/1547/4962 1742/1541/4962
f 1767/1537/4963 1768/1536/4963 1754/1542/4963
f 1768/1536/4964 1769/1538/4964 1758/1543/4964
f 1744/1515/4965 1766/1545/4965 1762/1544/4965
f 1745/1517/4966 1770/1539/4966 1766/1545/4966
f 1745/1517/4967 1746/1547/4967 1734/1546/4967
f 1757/1528/4968 1758/1543/4968 1734/1546/4968
f 1769/1538/4969 1770/1539/4969 1734/1546/4969
f 484/1548/4970 1735/1509/4970 462/1549/4970
f 485/1550/4971 1736/1507/4971 1735/1509/4971
f 486/1551/4972 1737/1510/4972 1736/1507/4972
f 487/1552/4973 1738/1512/4973 1737/1510/4973
f 1735/1509/4974 1739/1508/4974 461/1553/4974
f 1739/1508/4975 1743/1514/4975 460/1554/4975
f 1743/1514/4976 1762/1544/4976 459/1555/4976
f 455/1556/4977 1747/1520/4977 490/1557/4977
f 454/1559/4978 1748/1518/4978 1747/1520/4978
f 453/1560/4979 1749/1521/4979 1748/1518/4979
f 452/1561/4980 1750/1523/4980 1749/1521/4980
f 1747/1520/4981 1751/1519/4981 489/1562/4981
f 1751/1519/4982 1755/1525/4982 488/1563/4982
f 1755/1525/4983 1738/1540/4983 487/1564/4983
f 456/1565/4984 1759/1531/4984 449/1566/4984
f 457/1568/4985 1760/1529/4985 1759/1531/4985
f 458/1569/4986 1761/1534/4986 1760/1529/4986
f 458/1569/4987 459/1555/4987 1762/1570/4987
f 1759/1531/4988 1763/1530/4988 450/1571/4988
f 1763/1530/4989 1767/1537/4989 451/1572/4989
f 451/1572/4990 1767/1537/4990 1750/1523/4990
f 1773/1573/4991 1777/1577/4991 1776/1574/4991
f 1774/1576/4992 1778/1579/4992 1777/1577/4992
f 1775/1578/1155 1779/1582/1155 1778/1579/1155
f 1777/1577/4993 1781/1581/4993 1780/1580/4993
f 1778/1579/4994 1782/1583/4994 1781/1581/4994
f 1779/1582/4995 1783/1612/4995 1782/1583/4995
f 1785/1584/4996 1789/1588/4996 1788/1585/4996
f 1786/1587/4997 1790/1590/4997 1789/1588/4997
f 1787/1589/4998 1791/1593/4998 1790/1590/4998
f 1789/1588/4999 1793/1592/4999 1792/1591/4999
f 1790/1590/5000 1794/1594/5000 1793/1592/5000
f 1791/1593/5001 1795/1613/5001 1794/1594/5001
f 1797/1595/5002 1801/1599/5002 1800/1596/5002
f 1798/1598/5003 1802/1601/5003 1801/1599/5003
f 1799/1600/5004 1803/1604/5004 1802/1601/5004
f 1801/1599/5005 1805/1603/5005 1804/1602/5005
f 1802/1601/5006 1806/1605/5006 1805/1603/5006
f 1803/1604/5007 1807/1611/5007 1806/1605/5007
f 1793/1592/5008 1779/1582/5008 1775/1606/5008
f 1794/1594/5009 1783/1612/5009 1779/1582/5009
f 1805/1603/1173 1791/1608/1173 1787/1607/1173
f 1806/1605/5010 1795/1613/5010 1791/1608/5010
f 1781/1581/5011 1803/1609/5011 1799/1600/5011
f 1782/1583/5012 1807/1611/5012 1803/1609/5012
f 1782/1583/5013 1783/1612/5013 1771/1610/5013
f 1794/1594/5014 1795/1613/5014 1771/1610/5014
f 1806/1605/5015 1807/1611/5015 1771/1610/5015
f 491/1614/5016 1772/1575/5016 484/1615/5016
f 492/1616/5017 1773/1573/5017 1772/1575/5017
f 493/1617/5018 1774/1576/5018 1773/1573/5018
f 494/1618/5019 1775/1578/5019 1774/1576/5019
f 1772/1575/5020 1776/1574/5020 485/1619/5020
f 1776/1574/5021 1780/1580/5021 486/1620/5021
f 1780/1580/5022 1799/1600/5022 487/1552/5022
f 504/1621/5023 1784/1586/5023 497/1622/5023
f 503/1623/5024 1785/1584/5024 1784/1586/5024
f 502/1624/5025 1786/1587/5025 1785/1584/5025
f 501/1625/5026 1787/1589/5026 1786/1587/5026
f 1784/1586/5027 1788/1585/5027 496/1626/5027
f 1788/1585/5028 1792/1591/5028 495/1627/5028
f 1792/1591/5029 1775/1606/5029 494/1628/5029
f 490/1629/5030 1796/1597/5030 498/1630/5030
f 489/1631/5031 1797/1595/5031 1796/1597/5031
f 488/1632/5032 1798/1598/5032 1797/1595/5032
f 487/1633/5033 1799/1600/5033 1798/1598/5033
f 1796/1597/5034 1800/1596/5034 499/1634/5034
f 1800/1596/5035 1804/1602/5035 500/1635/5035
f 1804/1602/5036 1787/1607/5036 501/1636/5036
f 1810/1637/5037 1814/1641/5037 1813/1638/5037
f 1811/1640/5038 1815/1643/5038 1814/1641/5038
f 1812/1642/5039 1816/1646/5039 1815/1643/5039
f 1814/1641/5040 1818/1645/5040 1817/1644/5040
f 1815/1643/5041 1819/1647/5041 1818/1645/5041
f 1816/1646/5042 1820/1671/5042 1819/1647/5042
f 1822/1648/5043 1826/1652/5043 1825/1649/5043
f 1822/1648/5044 1823/1653/5044 1827/1651/5044
f 1823/1653/5045 1824/1685/5045 1828/1654/5045
f 1825/1649/5046 1826/1652/5046 1830/1655/5046
f 1826/1652/5047 1827/1651/5047 1831/1657/5047
f 1827/1651/5048 1828/1654/5048 1832/1658/5048
f 1834/1659/5049 1838/1663/5049 1837/1660/5049
f 1835/1662/5050 1839/1665/5050 1838/1663/5050
f 1836/1664/5051 1840/1668/5051 1839/1665/5051
f 1838/1663/5052 1842/1667/5052 1841/1666/5052
f 1839/1665/5053 1843/1669/5053 1842/1667/5053
f 1840/1668/5054 1844/1676/5054 1843/1669/5054
f 1829/1656/5055 1830/1655/5055 1816/1646/5055
f 1830/1655/5056 1831/1657/5056 1820/1671/5056
f 1842/1667/5057 1828/1673/5057 1824/1672/5057
f 1843/1669/5058 1832/1658/5058 1828/1673/5058
f 1818/1645/5059 1840/1668/5059 1836/1674/5059
f 1819/1647/5060 1844/1676/5060 1840/1668/5060
f 1819/1647/5061 1820/1671/5061 1808/1675/5061
f 1831/1657/5062 1832/1658/5062 1808/1675/5062
f 1843/1669/5063 1844/1676/5063 1808/1675/5063
f 420/1677/5064 1809/1639/5064 504/1621/5064
f 419/1678/5065 1810/1637/5065 1809/1639/5065
f 418/1679/5066 1811/1640/5066 1810/1637/5066
f 417/1680/5067 1812/1642/5067 1811/1640/5067
f 1809/1639/5068 1813/1638/5068 503/1623/5068
f 1813/1638/5069 1817/1644/5069 502/1624/5069
f 1817/1644/5070 1836/1674/5070 501/1625/5070
f 245/1681/5071 1821/1650/5071 414/1682/5071
f 244/1683/5072 1822/1648/5072 1821/1650/5072
f 243/1684/5073 1823/1653/5073 1822/1648/5073
f 243/1684/5074 242/4986/5074 1824/1685/5074
f 1821/1650/5075 1825/1649/5075 415/1686/5075
f 1825/1649/5076 1829/1656/5076 416/1687/5076
f 416/1687/5077 1829/1656/5077 1812/1670/5077
f 498/1688/5078 1833/1661/5078 239/1689/5078
f 499/1690/5079 1834/1659/5079 1833/1661/5079
f 500/1635/5080 1835/1662/5080 1834/1659/5080
f 501/1636/5081 1836/1664/5081 1835/1662/5081
f 1833/1661/5082 1837/1660/5082 240/1691/5082
f 1837/1660/5083 1841/1666/5083 241/1692/5083
f 1841/1666/5084 1824/1672/5084 242/1693/5084
f 1847/1694/5085 1851/1698/5085 1850/1695/5085
f 1848/1697/5086 1852/1700/5086 1851/1698/5086
f 1849/1699/5087 1853/1703/5087 1852/1700/5087
f 1851/1698/5088 1855/1702/5088 1854/1701/5088
f 1852/1700/5089 1856/1704/5089 1855/1702/5089
f 1853/1703/5090 1857/1735/5090 1856/1704/5090
f 1859/1705/5091 1863/1709/5091 1862/1706/5091
f 1860/1708/5092 1864/1711/5092 1863/1709/5092
f 1861/1710/5093 1865/1714/5093 1864/1711/5093
f 1863/1709/5094 1867/1713/5094 1866/1712/5094
f 1864/1711/5095 1868/1715/5095 1867/1713/5095
f 1865/1714/5096 1869/1731/5096 1868/1715/5096
f 1871/1716/5097 1875/1720/5097 1874/1717/5097
f 1871/1716/5098 1872/1721/5098 1876/1719/5098
f 1872/1721/5099 1873/1757/5099 1877/1722/5099
f 1874/1717/5100 1875/1720/5100 1879/1723/5100
f 1875/1720/5101 1876/1719/5101 1880/1725/5101
f 1876/1719/5102 1877/1722/5102 1881/1726/5102
f 1867/1713/5103 1853/1728/5103 1849/1727/5103
f 1868/1715/5104 1857/1735/5104 1853/1728/5104
f 1878/1724/5105 1879/1723/5105 1865/1729/5105
f 1879/1723/5106 1880/1725/5106 1869/1731/5106
f 1855/1702/5107 1877/1733/5107 1873/1732/5107
f 1856/1704/5108 1881/1726/5108 1877/1733/5108
f 1856/1704/5109 1857/1735/5109 1845/1734/5109
f 1868/1715/5110 1869/1731/5110 1845/1734/5110
f 1880/1725/5111 1881/1726/5111 1845/1734/5111
f 505/1736/5112 1846/1696/5112 455/1737/5112
f 506/1738/5113 1847/1694/5113 1846/1696/5113
f 507/1739/5114 1848/1697/5114 1847/1694/5114
f 508/1740/5115 1849/1699/5115 1848/1697/5115
f 1846/1696/5116 1850/1695/5116 454/1741/5116
f 1850/1695/5117 1854/1701/5117 453/1742/5117
f 1854/1701/5118 1873/1732/5118 452/1743/5118
f 448/1744/5119 1858/1707/5119 511/1745/5119
f 447/1747/5120 1859/1705/5120 1858/1707/5120
f 446/1748/5121 1860/1708/5121 1859/1705/5121
f 445/1749/5122 1861/1710/5122 1860/1708/5122
f 1858/1707/5123 1862/1706/5123 510/1750/5123
f 1862/1706/5124 1866/1712/5124 509/1751/5124
f 1866/1712/5125 1849/1727/5125 508/1740/5125
f 449/1752/5126 1870/1718/5126 442/1753/5126
f 450/1755/5127 1871/1716/5127 1870/1718/5127
f 451/1756/5128 1872/1721/5128 1871/1716/5128
f 451/1756/5129 452/1743/5129 1873/1757/5129
f 1870/1718/5130 1874/1717/5130 443/1758/5130
f 1874/1717/5131 1878/1724/5131 444/1759/5131
f 444/1759/5132 1878/1724/5132 1861/1730/5132
f 1884/1760/5133 1888/1764/5133 1887/1761/5133
f 1885/1763/5134 1889/1766/5134 1888/1764/5134
f 1886/1765/5135 1890/1769/5135 1889/1766/5135
f 1888/1764/5136 1892/1768/5136 1891/1767/5136
f 1889/1766/5137 1893/1770/5137 1892/1768/5137
f 1890/1769/5138 1894/1800/5138 1893/1770/5138
f 1896/1771/5139 1900/1775/5139 1899/1772/5139
f 1897/1774/5140 1901/1777/5140 1900/1775/5140
f 1898/1776/1305 1902/1780/1305 1901/1777/1305
f 1900/1775/5141 1904/1779/5141 1903/1778/5141
f 1901/1777/5142 1905/1781/5142 1904/1779/5142
f 1902/1780/5143 1906/1801/5143 1905/1781/5143
f 1908/1782/5144 1912/1786/5144 1911/1783/5144
f 1909/1785/5145 1913/1788/5145 1912/1786/5145
f 1910/1787/5146 1914/1791/5146 1913/1788/5146
f 1912/1786/5147 1916/1790/5147 1915/1789/5147
f 1913/1788/5148 1917/1792/5148 1916/1790/5148
f 1914/1791/5149 1918/1799/5149 1917/1792/5149
f 1904/1779/1315 1890/1794/1315 1886/1793/1315
f 1905/1781/5150 1894/1800/5150 1890/1794/5150
f 1916/1790/5151 1902/1796/5151 1898/1795/5151
f 1917/1792/5152 1906/1801/5152 1902/1796/5152
f 1892/1768/5153 1914/1791/5153 1910/1797/5153
f 1893/1770/5154 1918/1799/5154 1914/1791/5154
f 1893/1770/5155 1894/1800/5155 1882/1798/5155
f 1905/1781/5156 1906/1801/5156 1882/1798/5156
f 1917/1792/5157 1918/1799/5157 1882/1798/5157
f 512/1802/5158 1883/1762/5158 505/1803/5158
f 513/1178/5159 1884/1760/5159 1883/1762/5159
f 514/1804/5160 1885/1763/5160 1884/1760/5160
f 515/1805/5161 1886/1765/5161 1885/1763/5161
f 1883/1762/5162 1887/1761/5162 506/1806/5162
f 1887/1761/5163 1891/1767/5163 507/1739/5163
f 1891/1767/5164 1910/1797/5164 508/1807/5164
f 525/1808/5165 1895/1773/5165 518/1809/5165
f 524/1810/5166 1896/1771/5166 1895/1773/5166
f 523/1811/5167 1897/1774/5167 1896/1771/5167
f 522/1812/5168 1898/1776/5168 1897/1774/5168
f 1895/1773/5169 1899/1772/5169 517/1166/5169
f 1899/1772/5170 1903/1778/5170 516/1813/5170
f 1903/1778/5171 1886/1793/5171 515/1814/5171
f 511/1815/5172 1907/1784/5172 519/1816/5172
f 510/1817/5173 1908/1782/5173 1907/1784/5173
f 509/1818/5174 1909/1785/5174 1908/1782/5174
f 508/1819/5175 1910/1787/5175 1909/1785/5175
f 1907/1784/5176 1911/1783/5176 520/1820/5176
f 1911/1783/5177 1915/1789/5177 521/1821/5177
f 1915/1789/5178 1898/1795/5178 522/1822/5178
f 1921/1823/5179 1925/1827/5179 1924/1824/5179
f 1922/1826/5180 1926/1829/5180 1925/1827/5180
f 1923/1828/5181 1927/1832/5181 1926/1829/5181
f 1925/1827/5182 1929/1831/5182 1928/1830/5182
f 1926/1829/5183 1930/1833/5183 1929/1831/5183
f 1927/1832/5184 1931/1856/5184 1930/1833/5184
f 1933/1834/5185 1937/1838/5185 1936/1835/5185
f 1933/1834/5186 1934/1839/5186 1938/1837/5186
f 1934/1839/5187 1935/1875/5187 1939/1840/5187
f 1936/1835/5188 1937/1838/5188 1941/1841/5188
f 1937/1838/5189 1938/1837/5189 1942/1843/5189
f 1938/1837/5190 1939/1840/5190 1943/1844/5190
f 1945/1845/5191 1949/1849/5191 1948/1846/5191
f 1946/1848/5192 1950/1851/5192 1949/1849/5192
f 1947/1850/5193 1951/1854/5193 1950/1851/5193
f 1949/1849/5194 1953/1853/5194 1952/1852/5194
f 1950/1851/5195 1954/1855/5195 1953/1853/5195
f 1951/1854/5196 1955/1861/5196 1954/1855/5196
f 1940/1842/5197 1941/1841/5197 1927/1832/5197
f 1941/1841/5198 1942/1843/5198 1931/1856/5198
f 1953/1853/5199 1939/1858/5199 1935/1857/5199
f 1954/1855/5200 1943/1844/5200 1939/1858/5200
f 1929/1831/5201 1951/1859/5201 1947/1850/5201
f 1930/1833/5202 1955/1861/5202 1951/1859/5202
f 1930/1833/5203 1931/1856/5203 1919/1860/5203
f 1942/1843/5204 1943/1844/5204 1919/1860/5204
f 1954/1855/5205 1955/1861/5205 1919/1860/5205
f 413/1862/5206 1920/1825/5206 525/1863/5206
f 412/1864/5207 1921/1823/5207 1920/1825/5207
f 411/1865/5208 1922/1826/5208 1921/1823/5208
f 410/1866/5209 1923/1828/5209 1922/1826/5209
f 1920/1825/5210 1924/1824/5210 524/1867/5210
f 1924/1824/5211 1928/1830/5211 523/1868/5211
f 1928/1830/5212 1947/1850/5212 522/1869/5212
f 238/1870/5213 1932/1836/5213 407/1871/5213
f 237/1873/5214 1933/1834/5214 1932/1836/5214
f 236/1874/5215 1934/1839/5215 1933/1834/5215
f 236/1874/5216 235/4987/5216 1935/1875/5216
f 1932/1836/5217 1936/1835/5217 408/1876/5217
f 1936/1835/5218 1940/1842/5218 409/1877/5218
f 409/1877/5219 1940/1842/5219 1923/1828/5219
f 519/1878/5220 1944/1847/5220 232/1879/5220
f 520/1880/5221 1945/1845/5221 1944/1847/5221
f 521/1821/5222 1946/1848/5222 1945/1845/5222
f 522/1881/5223 1947/1850/5223 1946/1848/5223
f 1944/1847/5224 1948/1846/5224 233/1882/5224
f 1948/1846/5225 1952/1852/5225 234/1883/5225
f 1952/1852/5226 1935/1857/5226 235/1884/5226
f 1958/1885/5227 1962/1889/5227 1961/1886/5227
f 1959/1888/5228 1963/1891/5228 1962/1889/5228
f 1960/1890/5229 1964/1894/5229 1963/1891/5229
f 1962/1889/5230 1966/1893/5230 1965/1892/5230
f 1963/1891/5231 1967/1895/5231 1966/1893/5231
f 1964/1894/5232 1968/1926/5232 1967/1895/5232
f 1970/1896/5233 1974/1900/5233 1973/1897/5233
f 1971/1899/5234 1975/1902/5234 1974/1900/5234
f 1972/1901/5235 1976/1905/5235 1975/1902/5235
f 1974/1900/5236 1978/1904/5236 1977/1903/5236
f 1975/1902/5237 1979/1906/5237 1978/1904/5237
f 1976/1905/5238 1980/1922/5238 1979/1906/5238
f 1982/1907/5239 1986/1911/5239 1985/1908/5239
f 1982/1907/5240 1983/1912/5240 1987/1910/5240
f 1983/1912/5241 1984/1948/5241 1988/1913/5241
f 1985/1908/5242 1986/1911/5242 1990/1914/5242
f 1986/1911/5243 1987/1910/5243 1991/1916/5243
f 1987/1910/5244 1988/1913/5244 1992/1917/5244
f 1978/1904/5245 1964/1919/5245 1960/1918/5245
f 1979/1906/5246 1968/1926/5246 1964/1919/5246
f 1989/1915/5247 1990/1914/5247 1976/1920/5247
f 1990/1914/5248 1991/1916/5248 1980/1922/5248
f 1966/1893/5249 1988/1924/5249 1984/1923/5249
f 1967/1895/5250 1992/1917/5250 1988/1924/5250
f 1967/1895/5251 1968/1926/5251 1956/1925/5251
f 1979/1906/5252 1980/1922/5252 1956/1925/5252
f 1991/1916/5253 1992/1917/5253 1956/1925/5253
f 526/1927/5254 1957/1887/5254 448/1928/5254
f 527/1929/5255 1958/1885/5255 1957/1887/5255
f 528/1930/5256 1959/1888/5256 1958/1885/5256
f 529/1931/5257 1960/1890/5257 1959/1888/5257
f 1957/1887/5258 1961/1886/5258 447/1932/5258
f 1961/1886/5259 1965/1892/5259 446/1933/5259
f 1965/1892/5260 1984/1923/5260 445/1934/5260
f 434/1935/5261 1969/1898/5261 532/1936/5261
f 433/1938/5262 1970/1896/5262 1969/1898/5262
f 432/1939/5263 1971/1899/5263 1970/1896/5263
f 431/1940/5264 1972/1901/5264 1971/1899/5264
f 1969/1898/5265 1973/1897/5265 531/1941/5265
f 1973/1897/5266 1977/1903/5266 530/1942/5266
f 1977/1903/5267 1960/1918/5267 529/1931/5267
f 442/1943/5268 1981/1909/5268 428/1944/5268
f 443/1946/5269 1982/1907/5269 1981/1909/5269
f 444/1947/5270 1983/1912/5270 1982/1907/5270
f 444/1947/5271 445/1934/5271 1984/1948/5271
f 1981/1909/5272 1985/1908/5272 429/1949/5272
f 1985/1908/5273 1989/1915/5273 430/1950/5273
f 430/1950/5274 1989/1915/5274 1972/1921/5274
f 1995/1952/5275 1999/1956/5275 1998/1953/5275
f 1996/1955/5276 2000/1958/5276 1999/1956/5276
f 1997/1957/1443 2001/1961/1443 2000/1958/1443
f 1999/1956/5277 2003/1960/5277 2002/1959/5277
f 2000/1958/5278 2004/1962/5278 2003/1960/5278
f 2001/1961/5279 2005/1990/5279 2004/1962/5279
f 2007/1963/5280 2011/1967/5280 2010/1964/5280
f 2008/1966/5281 2012/1969/5281 2011/1967/5281
f 2009/1968/5282 2013/1972/5282 2012/1969/5282
f 2011/1967/5283 2015/1971/5283 2014/1970/5283
f 2012/1969/5284 2016/1973/5284 2015/1971/5284
f 2013/1972/5285 2017/1991/5285 2016/1973/5285
f 2019/1974/5286 2023/1978/5286 2022/1975/5286
f 2020/1977/5287 2024/1980/5287 2023/1978/5287
f 2021/1979/5288 2025/1983/5288 2024/1980/5288
f 2023/1978/5289 2027/1982/5289 2026/1981/5289
f 2024/1980/5290 2028/1984/5290 2027/1982/5290
f 2025/1983/5291 2029/1989/5291 2028/1984/5291
f 2015/1971/5292 2001/1961/5292 1997/1985/5292
f 2016/1973/5293 2005/1990/5293 2001/1961/5293
f 2027/1982/1461 2013/1987/1461 2009/1986/1461
f 2028/1984/5294 2017/1991/5294 2013/1987/5294
f 2003/1960/5295 2025/1983/5295 2021/1979/5295
f 2004/1962/5296 2029/1989/5296 2025/1983/5296
f 2004/1962/5297 2005/1990/5297 1993/1988/5297
f 2016/1973/5298 2017/1991/5298 1993/1988/5298
f 2028/1984/5299 2029/1989/5299 1993/1988/5299
f 533/1992/5300 1994/1954/5300 526/1993/5300
f 534/1110/5301 1995/1952/5301 1994/1954/5301
f 535/1994/5302 1996/1955/5302 1995/1952/5302
f 536/1995/5303 1997/1957/5303 1996/1955/5303
f 1994/1954/5304 1998/1953/5304 527/1996/5304
f 1998/1953/5305 2002/1959/5305 528/1930/5305
f 2002/1959/5306 2021/1979/5306 529/1931/5306
f 546/1997/5307 2006/1965/5307 539/1998/5307
f 545/1999/5308 2007/1963/5308 2006/1965/5308
f 544/2000/5309 2008/1966/5309 2007/1963/5309
f 543/2001/5310 2009/1968/5310 2008/1966/5310
f 2006/1965/5311 2010/1964/5311 538/2002/5311
f 2010/1964/5312 2014/1970/5312 537/2003/5312
f 2014/1970/5313 1997/1985/5313 536/2004/5313
f 532/2005/5314 2018/1976/5314 540/2006/5314
f 531/2007/5315 2019/1974/5315 2018/1976/5315
f 530/2008/5316 2020/1977/5316 2019/1974/5316
f 529/2009/5317 2021/1979/5317 2020/1977/5317
f 2018/1976/5318 2022/1975/5318 541/2010/5318
f 2022/1975/5319 2026/1981/5319 542/2011/5319
f 2026/1981/5320 2009/1986/5320 543/2012/5320
f 2032/2013/5321 2036/2017/5321 2035/2014/5321
f 2033/2016/5322 2037/2019/5322 2036/2017/5322
f 2034/2018/5323 2038/2022/5323 2037/2019/5323
f 2036/2017/5324 2040/2021/5324 2039/2020/5324
f 2037/2019/5325 2041/2023/5325 2040/2021/5325
f 2038/2022/5326 2042/2047/5326 2041/2023/5326
f 2044/2024/5327 2048/2028/5327 2047/2025/5327
f 2044/2024/5328 2045/2029/5328 2049/2027/5328
f 2045/2029/5329 2046/2064/5329 2050/2030/5329
f 2047/2025/5330 2048/2028/5330 2052/2031/5330
f 2048/2028/5331 2049/2027/5331 2053/2033/5331
f 2049/2027/5332 2050/2030/5332 2054/2034/5332
f 2056/2035/5333 2060/2039/5333 2059/2036/5333
f 2057/2038/5334 2061/2041/5334 2060/2039/5334
f 2058/2040/5335 2062/2044/5335 2061/2041/5335
f 2060/2039/5336 2064/2043/5336 2063/2042/5336
f 2061/2041/5337 2065/2045/5337 2064/2043/5337
f 2062/2044/5338 2066/2052/5338 2065/2045/5338
f 2051/2032/5339 2052/2031/5339 2038/2046/5339
f 2052/2031/5340 2053/2033/5340 2042/2047/5340
f 2064/2043/5341 2050/2049/5341 2046/2048/5341
f 2065/2045/5342 2054/2034/5342 2050/2049/5342
f 2040/2021/5343 2062/2044/5343 2058/2050/5343
f 2041/2023/5344 2066/2052/5344 2062/2044/5344
f 2041/2023/5345 2042/2047/5345 2030/2051/5345
f 2053/2033/5346 2054/2034/5346 2030/2051/5346
f 2065/2045/5347 2066/2052/5347 2030/2051/5347
f 406/2053/5348 2031/2015/5348 546/2054/5348
f 405/2055/5349 2032/2013/5349 2031/2015/5349
f 404/2056/5350 2033/2016/5350 2032/2013/5350
f 403/2057/5351 2034/2018/5351 2033/2016/5351
f 2031/2015/5352 2035/2014/5352 545/2058/5352
f 2035/2014/5353 2039/2020/5353 544/2000/5353
f 2039/2020/5354 2058/2050/5354 543/2059/5354
f 224/2060/5355 2043/2026/5355 400/2061/5355
f 223/2062/5356 2044/2024/5356 2043/2026/5356
f 222/2063/5357 2045/2029/5357 2044/2024/5357
f 222/2063/5358 221/4988/5358 2046/2064/5358
f 2043/2026/5359 2047/2025/5359 401/2065/5359
f 2047/2025/5360 2051/2032/5360 402/2066/5360
f 402/2066/5361 2051/2032/5361 2034/2018/5361
f 540/2068/5362 2055/2037/5362 218/2069/5362
f 541/2070/5363 2056/2035/5363 2055/2037/5363
f 542/2071/5364 2057/2038/5364 2056/2035/5364
f 543/2072/5365 2058/2040/5365 2057/2038/5365
f 2055/2037/5366 2059/2036/5366 219/2073/5366
f 2059/2036/5367 2063/2042/5367 220/2074/5367
f 2063/2042/5368 2046/2048/5368 221/2075/5368
f 2069/2076/5369 2073/2080/5369 2072/2077/5369
f 2070/2079/5370 2074/2082/5370 2073/2080/5370
f 2071/2081/5371 2075/2085/5371 2074/2082/5371
f 2073/2080/5372 2077/2084/5372 2076/2083/5372
f 2074/2082/5373 2078/2086/5373 2077/2084/5373
f 2075/2085/5374 2079/2117/5374 2078/2086/5374
f 2081/2087/5375 2085/2091/5375 2084/2088/5375
f 2082/2090/5376 2086/2093/5376 2085/2091/5376
f 2083/2092/5377 2087/2096/5377 2086/2093/5377
f 2085/2091/5378 2089/2095/5378 2088/2094/5378
f 2086/2093/5379 2090/2097/5379 2089/2095/5379
f 2087/2096/5380 2091/2113/5380 2090/2097/5380
f 2093/2098/5381 2097/2102/5381 2096/2099/5381
f 2093/2098/5382 2094/2103/5382 2098/2101/5382
f 2094/2103/5383 2095/2114/5383 2099/2104/5383
f 2096/2099/5384 2097/2102/5384 2101/2105/5384
f 2097/2102/5385 2098/2101/5385 2102/2107/5385
f 2098/2101/5386 2099/2104/5386 2103/2108/5386
f 2089/2095/5387 2075/2110/5387 2071/2109/5387
f 2090/2097/5388 2079/2117/5388 2075/2110/5388
f 2100/2106/5389 2101/2105/5389 2087/2111/5389
f 2101/2105/5390 2102/2107/5390 2091/2113/5390
f 2077/2084/5391 2099/2115/5391 2095/2114/5391
f 2078/2086/5392 2103/2108/5392 2099/2115/5392
f 2078/2086/5393 2079/2117/5393 2067/2116/5393
f 2090/2097/5394 2091/2113/5394 2067/2116/5394
f 2102/2107/5395 2103/2108/5395 2067/2116/5395
f 547/2118/5396 2068/2078/5396 434/2119/5396
f 548/2120/5397 2069/2076/5397 2068/2078/5397
f 549/2121/5398 2070/2079/5398 2069/2076/5398
f 550/2122/5399 2071/2081/5399 2070/2079/5399
f 2068/2078/5400 2072/2077/5400 433/2123/5400
f 2072/2077/5401 2076/2083/5401 432/2124/5401
f 2076/2083/5402 2095/2114/5402 431/2125/5402
f 225/2126/5403 2080/2089/5403 553/2127/5403
f 226/2129/5404 2081/2087/5404 2080/2089/5404
f 227/2130/5405 2082/2090/5405 2081/2087/5405
f 228/2131/5406 2083/2092/5406 2082/2090/5406
f 2080/2089/5407 2084/2088/5407 552/2132/5407
f 2084/2088/5408 2088/2094/5408 551/2133/5408
f 2088/2094/5409 2071/2109/5409 550/2122/5409
f 428/2134/5410 2092/2100/5410 231/2135/5410
f 429/2137/5411 2093/2098/5411 2092/2100/5411
f 430/2138/5412 2094/2103/5412 2093/2098/5412
f 430/2138/5413 431/2125/5413 2095/2114/5413
f 2092/2100/5414 2096/2099/5414 230/2139/5414
f 2096/2099/5415 2100/2106/5415 229/2140/5415
f 229/2140/5416 2100/2106/5416 2083/2112/5416
f 2106/2141/5417 2110/2145/5417 2109/2142/5417
f 2107/2144/5418 2111/2147/5418 2110/2145/5418
f 2108/2146/1587 2112/2150/1587 2111/2147/1587
f 2110/2145/5419 2114/2149/5419 2113/2148/5419
f 2111/2147/5420 2115/2151/5420 2114/2149/5420
f 2112/2150/5421 2116/2180/5421 2115/2151/5421
f 2118/2152/5422 2122/2156/5422 2121/2153/5422
f 2119/2155/5423 2123/2158/5423 2122/2156/5423
f 2120/2157/5424 2124/2161/5424 2123/2158/5424
f 2122/2156/5425 2126/2160/5425 2125/2159/5425
f 2123/2158/5426 2127/2162/5426 2126/2160/5426
f 2124/2161/5427 2128/2181/5427 2127/2162/5427
f 2130/2163/5428 2134/2167/5428 2133/2164/5428
f 2131/2166/5429 2135/2169/5429 2134/2167/5429
f 2132/2168/5430 2136/2172/5430 2135/2169/5430
f 2134/2167/5431 2138/2171/5431 2137/2170/5431
f 2135/2169/5432 2139/2173/5432 2138/2171/5432
f 2136/2172/5433 2140/2179/5433 2139/2173/5433
f 2126/2160/1603 2112/2150/1603 2108/2174/1603
f 2127/2162/5434 2116/2180/5434 2112/2150/5434
f 2138/2171/5435 2124/2176/5435 2120/2175/5435
f 2139/2173/5436 2128/2181/5436 2124/2176/5436
f 2114/2149/5437 2136/2177/5437 2132/2168/5437
f 2115/2151/5438 2140/2179/5438 2136/2177/5438
f 2115/2151/5439 2116/2180/5439 2104/2178/5439
f 2127/2162/5440 2128/2181/5440 2104/2178/5440
f 2139/2173/5441 2140/2179/5441 2104/2178/5441
f 554/2182/5442 2105/2143/5442 547/2183/5442
f 555/1043/5443 2106/2141/5443 2105/2143/5443
f 556/2184/5444 2107/2144/5444 2106/2141/5444
f 557/1033/5445 2108/2146/5445 2107/2144/5445
f 2105/2143/5446 2109/2142/5446 548/2185/5446
f 2109/2142/5447 2113/2148/5447 549/2186/5447
f 2113/2148/5448 2132/2168/5448 550/2122/5448
f 567/2187/5449 2117/2154/5449 560/2188/5449
f 566/2189/5450 2118/2152/5450 2117/2154/5450
f 565/2190/5451 2119/2155/5451 2118/2152/5451
f 564/2191/5452 2120/2157/5452 2119/2155/5452
f 2117/2154/5453 2121/2153/5453 559/1031/5453
f 2121/2153/5454 2125/2159/5454 558/2192/5454
f 2125/2159/5455 2108/2174/5455 557/2193/5455
f 553/2194/5456 2129/2165/5456 561/2195/5456
f 552/2196/5457 2130/2163/5457 2129/2165/5457
f 551/2197/5458 2131/2166/5458 2130/2163/5458
f 550/2198/5459 2132/2168/5459 2131/2166/5459
f 2129/2165/5460 2133/2164/5460 562/2199/5460
f 2133/2164/5461 2137/2170/5461 563/2200/5461
f 2137/2170/5462 2120/2175/5462 564/2201/5462
f 2143/2202/5463 2147/2206/5463 2146/2203/5463
f 2144/2205/5464 2148/2208/5464 2147/2206/5464
f 2145/2207/5465 2149/2211/5465 2148/2208/5465
f 2147/2206/5466 2151/2210/5466 2150/2209/5466
f 2148/2208/5467 2152/2212/5467 2151/2210/5467
f 2149/2211/5468 2153/2235/5468 2152/2212/5468
f 2155/2213/5469 2159/2217/5469 2158/2214/5469
f 2155/2213/5470 2156/2218/5470 2160/2216/5470
f 2156/2218/5471 2157/2253/5471 2161/2219/5471
f 2158/2214/5472 2159/2217/5472 2163/2220/5472
f 2159/2217/5473 2160/2216/5473 2164/2222/5473
f 2160/2216/5474 2161/2219/5474 2165/2223/5474
f 2167/2224/5475 2171/2228/5475 2170/2225/5475
f 2168/2227/5476 2172/2230/5476 2171/2228/5476
f 2169/2229/5477 2173/2233/5477 2172/2230/5477
f 2171/2228/5478 2175/2232/5478 2174/2231/5478
f 2172/2230/5479 2176/2234/5479 2175/2232/5479
f 2173/2233/5480 2177/2241/5480 2176/2234/5480
f 2162/2221/5481 2163/2220/5481 2149/2211/5481
f 2163/2220/5482 2164/2222/5482 2153/2235/5482
f 2175/2232/5483 2161/2237/5483 2157/2236/5483
f 2176/2234/5484 2165/2223/5484 2161/2237/5484
f 2151/2210/5485 2173/2239/5485 2169/2238/5485
f 2152/2212/5486 2177/2241/5486 2173/2239/5486
f 2152/2212/5487 2153/2235/5487 2141/2240/5487
f 2164/2222/5488 2165/2223/5488 2141/2240/5488
f 2176/2234/5489 2177/2241/5489 2141/2240/5489
f 399/2242/5490 2142/2204/5490 567/2187/5490
f 398/2243/5491 2143/2202/5491 2142/2204/5491
f 397/2244/5492 2144/2205/5492 2143/2202/5492
f 396/2245/5493 2145/2207/5493 2144/2205/5493
f 2142/2204/5494 2146/2203/5494 566/2246/5494
f 2146/2203/5495 2150/2209/5495 565/2247/5495
f 2150/2209/5496 2169/2238/5496 564/2248/5496
f 435/2249/5497 2154/2215/5497 393/2250/5497
f 436/2251/5498 2155/2213/5498 2154/2215/5498
f 437/2252/5499 2156/2218/5499 2155/2213/5499
f 437/2252/5500 438/4989/5500 2157/2253/5500
f 2154/2215/5501 2158/2214/5501 394/2254/5501
f 2158/2214/5502 2162/2221/5502 395/2255/5502
f 395/2255/5503 2162/2221/5503 2145/2207/5503
f 561/2257/5504 2166/2226/5504 441/2258/5504
f 562/2259/5505 2167/2224/5505 2166/2226/5505
f 563/2260/5506 2168/2227/5506 2167/2224/5506
f 564/2201/5507 2169/2229/5507 2168/2227/5507
f 2166/2226/5508 2170/2225/5508 440/2261/5508
f 2170/2225/5509 2174/2231/5509 439/2262/5509
f 2174/2231/5510 2157/2236/5510 438/2263/5510
f 2180/2264/5511 2184/2268/5511 2183/2265/5511
f 2181/2267/5512 2185/2270/5512 2184/2268/5512
f 2182/2269/5513 2186/2273/5513 2185/2270/5513
f 2184/2268/5514 2188/2272/5514 2187/2271/5514
f 2185/2270/5515 2189/2274/5515 2188/2272/5515
f 2186/2273/5516 2190/2305/5516 2189/2274/5516
f 2192/2275/5517 2196/2279/5517 2195/2276/5517
f 2193/2278/5518 2197/2281/5518 2196/2279/5518
f 2194/2280/5519 2198/2284/5519 2197/2281/5519
f 2196/2279/5520 2200/2283/5520 2199/2282/5520
f 2197/2281/5521 2201/2285/5521 2200/2283/5521
f 2198/2284/5522 2202/2301/5522 2201/2285/5522
f 2204/2286/5523 2208/2290/5523 2207/2287/5523
f 2204/2286/5524 2205/2291/5524 2209/2289/5524
f 2205/2291/5525 2206/2323/5525 2210/2292/5525
f 2207/2287/5526 2208/2290/5526 2212/2293/5526
f 2208/2290/5527 2209/2289/5527 2213/2295/5527
f 2209/2289/5528 2210/2292/5528 2214/2296/5528
f 2200/2283/5529 2186/2298/5529 2182/2297/5529
f 2201/2285/5530 2190/2305/5530 2186/2298/5530
f 2211/2294/5531 2212/2293/5531 2198/2299/5531
f 2212/2293/5532 2213/2295/5532 2202/2301/5532
f 2188/2272/5533 2210/2303/5533 2206/2302/5533
f 2189/2274/5534 2214/2296/5534 2210/2303/5534
f 2189/2274/5535 2190/2305/5535 2178/2304/5535
f 2201/2285/5536 2202/2301/5536 2178/2304/5536
f 2213/2295/5537 2214/2296/5537 2178/2304/5537
f 568/2306/5538 2179/2266/5538 120/2307/5538
f 569/2308/5539 2180/2264/5539 2179/2266/5539
f 570/2309/5540 2181/2267/5540 2180/2264/5540
f 571/2310/5541 2182/2269/5541 2181/2267/5541
f 2179/2266/5542 2183/2265/5542 121/2311/5542
f 2183/2265/5543 2187/2271/5543 122/2312/5543
f 2187/2271/5544 2206/2302/5544 123/2313/5544
f 211/1302/5545 2191/2277/5545 574/2314/5545
f 212/1307/5546 2192/2275/5546 2191/2277/5546
f 213/1308/5547 2193/2278/5547 2192/2275/5547
f 214/2315/5548 2194/2280/5548 2193/2278/5548
f 2191/2277/5549 2195/2276/5549 573/2316/5549
f 2195/2276/5550 2199/2282/5550 572/2317/5550
f 2199/2282/5551 2182/2297/5551 571/2318/5551
f 126/2319/5552 2203/2288/5552 217/2320/5552
f 125/2321/5553 2204/2286/5553 2203/2288/5553
f 124/2322/5554 2205/2291/5554 2204/2286/5554
f 124/2322/5555 123/2313/5555 2206/2323/5555
f 2203/2288/5556 2207/2287/5556 216/2324/5556
f 2207/2287/5557 2211/2294/5557 215/2325/5557
f 215/2325/5558 2211/2294/5558 2194/2300/5558
f 2217/2327/5559 2221/2331/5559 2220/2328/5559
f 2218/2330/5560 2222/2333/5560 2221/2331/5560
f 2219/2332/1731 2223/2336/1731 2222/2333/1731
f 2221/2331/5561 2225/2335/5561 2224/2334/5561
f 2222/2333/5562 2226/2337/5562 2225/2335/5562
f 2223/2336/5563 2227/2366/5563 2226/2337/5563
f 2229/2338/5564 2233/2342/5564 2232/2339/5564
f 2230/2341/5565 2234/2344/5565 2233/2342/5565
f 2231/2343/5566 2235/2347/5566 2234/2344/5566
f 2233/2342/5567 2237/2346/5567 2236/2345/5567
f 2234/2344/5568 2238/2348/5568 2237/2346/5568
f 2235/2347/5569 2239/2367/5569 2238/2348/5569
f 2241/2349/5570 2245/2353/5570 2244/2350/5570
f 2242/2352/5571 2246/2355/5571 2245/2353/5571
f 2243/2354/5572 2247/2358/5572 2246/2355/5572
f 2245/2353/5573 2249/2357/5573 2248/2356/5573
f 2246/2355/5574 2250/2359/5574 2249/2357/5574
f 2247/2358/5575 2251/2365/5575 2250/2359/5575
f 2237/2346/5576 2223/2361/5576 2219/2360/5576
f 2238/2348/5577 2227/2366/5577 2223/2361/5577
f 2249/2357/5578 2235/2362/5578 2231/2343/5578
f 2250/2359/5579 2239/2367/5579 2235/2362/5579
f 2225/2335/1751 2247/2358/1751 2243/2363/1751
f 2226/2337/5580 2251/2365/5580 2247/2358/5580
f 2226/2337/5581 2227/2366/5581 2215/2364/5581
f 2238/2348/5582 2239/2367/5582 2215/2364/5582
f 2250/2359/5583 2251/2365/5583 2215/2364/5583
f 575/2368/5584 2216/2329/5584 568/2306/5584
f 576/2369/5585 2217/2327/5585 2216/2329/5585
f 577/2370/5586 2218/2330/5586 2217/2327/5586
f 578/2371/5587 2219/2332/5587 2218/2330/5587
f 2216/2329/5588 2220/2328/5588 569/2372/5588
f 2220/2328/5589 2224/2334/5589 570/2309/5589
f 2224/2334/5590 2243/2363/5590 571/2373/5590
f 588/2374/5591 2228/2340/5591 581/962/5591
f 587/2375/5592 2229/2338/5592 2228/2340/5592
f 586/2376/5593 2230/2341/5593 2229/2338/5593
f 585/2377/5594 2231/2343/5594 2230/2341/5594
f 2228/2340/5595 2232/2339/5595 580/2378/5595
f 2232/2339/5596 2236/2345/5596 579/2379/5596
f 2236/2345/5597 2219/2360/5597 578/2380/5597
f 574/2381/5598 2240/2351/5598 582/2382/5598
f 573/2383/5599 2241/2349/5599 2240/2351/5599
f 572/2384/5600 2242/2352/5600 2241/2349/5600
f 571/2373/5601 2243/2354/5601 2242/2352/5601
f 2240/2351/5602 2244/2350/5602 583/2385/5602
f 2244/2350/5603 2248/2356/5603 584/2386/5603
f 2248/2356/5604 2231/2343/5604 585/2387/5604
f 2254/2388/5605 2258/2392/5605 2257/2389/5605
f 2255/2391/5606 2259/2394/5606 2258/2392/5606
f 2256/2393/5607 2260/2397/5607 2259/2394/5607
f 2258/2392/5608 2262/2396/5608 2261/2395/5608
f 2259/2394/5609 2263/2398/5609 2262/2396/5609
f 2260/2397/5610 2264/2422/5610 2263/2398/5610
f 2266/2399/5611 2270/2403/5611 2269/2400/5611
f 2266/2399/5612 2267/2404/5612 2271/2402/5612
f 2267/2404/5613 2268/2423/5613 2272/2405/5613
f 2269/2400/5614 2270/2403/5614 2274/2406/5614
f 2270/2403/5615 2271/2402/5615 2275/2408/5615
f 2271/2402/5616 2272/2405/5616 2276/2409/5616
f 2278/2410/5617 2282/2414/5617 2281/2411/5617
f 2279/2413/5618 2283/2416/5618 2282/2414/5618
f 2280/2415/5619 2284/2419/5619 2283/2416/5619
f 2282/2414/5620 2286/2418/5620 2285/2417/5620
f 2283/2416/5621 2287/2420/5621 2286/2418/5621
f 2284/2419/5622 2288/2427/5622 2287/2420/5622
f 2273/2407/5623 2274/2406/5623 2260/2397/5623
f 2274/2406/5624 2275/2408/5624 2264/2422/5624
f 2286/2418/5625 2272/2405/5625 2268/2423/5625
f 2287/2420/5626 2276/2409/5626 2272/2405/5626
f 2262/2396/5627 2284/2425/5627 2280/2424/5627
f 2263/2398/5628 2288/2427/5628 2284/2425/5628
f 2263/2398/5629 2264/2422/5629 2252/2426/5629
f 2275/2408/5630 2276/2409/5630 2252/2426/5630
f 2287/2420/5631 2288/2427/5631 2252/2426/5631
f 385/2428/5632 2253/2390/5632 588/2374/5632
f 384/2429/5633 2254/2388/5633 2253/2390/5633
f 383/2430/5634 2255/2391/5634 2254/2388/5634
f 382/2431/5635 2256/2393/5635 2255/2391/5635
f 2253/2390/5636 2257/2389/5636 587/2375/5636
f 2257/2389/5637 2261/2395/5637 586/2432/5637
f 2261/2395/5638 2280/2424/5638 585/2387/5638
f 421/2433/5639 2265/2401/5639 379/2434/5639
f 422/1498/5640 2266/2399/5640 2265/2401/5640
f 423/2435/5641 2267/2404/5641 2266/2399/5641
f 423/2435/5642 424/1491/5642 2268/2423/5642
f 2265/2401/5643 2269/2400/5643 380/2436/5643
f 2269/2400/5644 2273/2407/5644 381/2437/5644
f 381/2437/5645 2273/2407/5645 2256/2421/5645
f 582/2382/5646 2277/2412/5646 427/1488/5646
f 583/2438/5647 2278/2410/5647 2277/2412/5647
f 584/2439/5648 2279/2413/5648 2278/2410/5648
f 585/2377/5649 2280/2415/5649 2279/2413/5649
f 2277/2412/5650 2281/2411/5650 426/2440/5650
f 2281/2411/5651 2285/2417/5651 425/1490/5651
f 2285/2417/5652 2268/2423/5652 424/2441/5652
f 2291/2442/5653 2295/2446/5653 2294/2443/5653
f 2292/2445/5654 2296/2448/5654 2295/2446/5654
f 2293/2447/5655 2297/2451/5655 2296/2448/5655
f 2295/2446/5656 2299/2450/5656 2298/2449/5656
f 2296/2448/5657 2300/2452/5657 2299/2450/5657
f 2297/2451/5658 2301/2481/5658 2300/2452/5658
f 2303/2453/5659 2307/2457/5659 2306/2454/5659
f 2304/2456/5660 2308/2459/5660 2307/2457/5660
f 2305/2458/5661 2309/2462/5661 2308/2459/5661
f 2307/2457/5662 2311/2461/5662 2310/2460/5662
f 2308/2459/5663 2312/2463/5663 2311/2461/5663
f 2309/2462/5664 2313/2477/5664 2312/2463/5664
f 2315/2464/5665 2319/2468/5665 2318/2465/5665
f 2315/2464/5666 2316/2469/5666 2320/2467/5666
f 2316/2469/5667 2317/2500/5667 2321/2470/5667
f 2318/2465/5668 2319/2468/5668 2323/2471/5668
f 2319/2468/5669 2320/2467/5669 2324/2473/5669
f 2320/2467/5670 2321/2470/5670 2325/2474/5670
f 2311/2461/5671 2297/2451/5671 2293/2475/5671
f 2312/2463/5672 2301/2481/5672 2297/2451/5672
f 2322/2472/5673 2323/2471/5673 2309/2476/5673
f 2323/2471/5674 2324/2473/5674 2313/2477/5674
f 2299/2450/5675 2321/2479/5675 2317/2478/5675
f 2300/2452/5676 2325/2474/5676 2321/2479/5676
f 2300/2452/5677 2301/2481/5677 2289/2480/5677
f 2312/2463/5678 2313/2477/5678 2289/2480/5678
f 2324/2473/5679 2325/2474/5679 2289/2480/5679
f 589/2482/5680 2290/2444/5680 176/2483/5680
f 590/2484/5681 2291/2442/5681 2290/2444/5681
f 591/2485/5682 2292/2445/5682 2291/2442/5682
f 592/2486/5683 2293/2447/5683 2292/2445/5683
f 2290/2444/5684 2294/2443/5684 177/2487/5684
f 2294/2443/5685 2298/2449/5685 178/2488/5685
f 2298/2449/5686 2317/2478/5686 179/2489/5686
f 204/1233/5687 2302/2455/5687 595/2490/5687
f 205/2491/5688 2303/2453/5688 2302/2455/5688
f 206/1239/5689 2304/2456/5689 2303/2453/5689
f 207/2492/5690 2305/2458/5690 2304/2456/5690
f 2302/2455/5691 2306/2454/5691 594/2493/5691
f 2306/2454/5692 2310/2460/5692 593/2494/5692
f 2310/2460/5693 2293/2475/5693 592/2495/5693
f 182/2496/5694 2314/2466/5694 210/2497/5694
f 181/2498/5695 2315/2464/5695 2314/2466/5695
f 180/2499/5696 2316/2469/5696 2315/2464/5696
f 180/2499/5697 179/3226/5697 2317/2500/5697
f 2314/2466/5698 2318/2465/5698 209/2501/5698
f 2318/2465/5699 2322/2472/5699 208/2502/5699
f 208/2502/5700 2322/2472/5700 2305/2458/5700
f 2328/2504/5701 2332/2508/5701 2331/2505/5701
f 2329/2507/5702 2333/2510/5702 2332/2508/5702
f 2330/2509/1875 2334/2513/1875 2333/2510/1875
f 2332/2508/5703 2336/2512/5703 2335/2511/5703
f 2333/2510/5704 2337/2514/5704 2336/2512/5704
f 2334/2513/5705 2338/2543/5705 2337/2514/5705
f 2340/2515/5706 2344/2519/5706 2343/2516/5706
f 2341/2518/5707 2345/2521/5707 2344/2519/5707
f 2342/2520/5708 2346/2524/5708 2345/2521/5708
f 2344/2519/5709 2348/2523/5709 2347/2522/5709
f 2345/2521/5710 2349/2525/5710 2348/2523/5710
f 2346/2524/5711 2350/2544/5711 2349/2525/5711
f 2352/2526/5712 2356/2530/5712 2355/2527/5712
f 2353/2529/5713 2357/2532/5713 2356/2530/5713
f 2354/2531/5714 2358/2535/5714 2357/2532/5714
f 2356/2530/5715 2360/2534/5715 2359/2533/5715
f 2357/2532/5716 2361/2536/5716 2360/2534/5716
f 2358/2535/5717 2362/2542/5717 2361/2536/5717
f 2348/2523/5718 2334/2538/5718 2330/2537/5718
f 2349/2525/5719 2338/2543/5719 2334/2538/5719
f 2360/2534/5720 2346/2524/5720 2342/2539/5720
f 2361/2536/5721 2350/2544/5721 2346/2524/5721
f 2336/2512/5722 2358/2535/5722 2354/2540/5722
f 2337/2514/5723 2362/2542/5723 2358/2535/5723
f 2337/2514/5724 2338/2543/5724 2326/2541/5724
f 2349/2525/5725 2350/2544/5725 2326/2541/5725
f 2361/2536/5726 2362/2542/5726 2326/2541/5726
f 596/2545/5727 2327/2506/5727 589/2482/5727
f 597/2546/5728 2328/2504/5728 2327/2506/5728
f 598/2547/5729 2329/2507/5729 2328/2504/5729
f 599/2548/5730 2330/2509/5730 2329/2507/5730
f 2327/2506/5731 2331/2505/5731 590/2484/5731
f 2331/2505/5732 2335/2511/5732 591/2549/5732
f 2335/2511/5733 2354/2540/5733 592/2495/5733
f 609/2550/5734 2339/2517/5734 602/2551/5734
f 608/2552/5735 2340/2515/5735 2339/2517/5735
f 607/2553/5736 2341/2518/5736 2340/2515/5736
f 606/2554/5737 2342/2520/5737 2341/2518/5737
f 2339/2517/5738 2343/2516/5738 601/2555/5738
f 2343/2516/5739 2347/2522/5739 600/900/5739
f 2347/2522/5740 2330/2537/5740 599/2556/5740
f 595/2557/5741 2351/2528/5741 603/2558/5741
f 594/2559/5742 2352/2526/5742 2351/2528/5742
f 593/2494/5743 2353/2529/5743 2352/2526/5743
f 592/2560/5744 2354/2531/5744 2353/2529/5744
f 2351/2528/5745 2355/2527/5745 604/2561/5745
f 2355/2527/5746 2359/2533/5746 605/2562/5746
f 2359/2533/5747 2342/2539/5747 606/2563/5747
f 2365/2564/5748 2369/2568/5748 2368/2565/5748
f 2366/2567/5749 2370/2570/5749 2369/2568/5749
f 2367/2569/5750 2371/2573/5750 2370/2570/5750
f 2369/2568/5751 2373/2572/5751 2372/2571/5751
f 2370/2570/5752 2374/2574/5752 2373/2572/5752
f 2371/2573/5753 2375/2598/5753 2374/2574/5753
f 2377/2575/5754 2381/2579/5754 2380/2576/5754
f 2377/2575/5755 2378/2580/5755 2382/2578/5755
f 2378/2580/5756 2379/2599/5756 2383/2581/5756
f 2380/2576/5757 2381/2579/5757 2385/2582/5757
f 2381/2579/5758 2382/2578/5758 2386/2584/5758
f 2382/2578/5759 2383/2581/5759 2387/2585/5759
f 2389/2586/5760 2393/2590/5760 2392/2587/5760
f 2390/2589/5761 2394/2592/5761 2393/2590/5761
f 2391/2591/5762 2395/2595/5762 2394/2592/5762
f 2393/2590/5763 2397/2594/5763 2396/2593/5763
f 2394/2592/5764 2398/2596/5764 2397/2594/5764
f 2395/2595/5765 2399/2603/5765 2398/2596/5765
f 2384/2583/5766 2385/2582/5766 2371/2597/5766
f 2385/2582/5767 2386/2584/5767 2375/2598/5767
f 2397/2594/5768 2383/2581/5768 2379/2599/5768
f 2398/2596/5769 2387/2585/5769 2383/2581/5769
f 2373/2572/5770 2395/2601/5770 2391/2600/5770
f 2374/2574/5771 2399/2603/5771 2395/2601/5771
f 2374/2574/5772 2375/2598/5772 2363/2602/5772
f 2386/2584/5773 2387/2585/5773 2363/2602/5773
f 2398/2596/5774 2399/2603/5774 2363/2602/5774
f 371/2604/5775 2364/2566/5775 609/2550/5775
f 370/2605/5776 2365/2564/5776 2364/2566/5776
f 369/2606/5777 2366/2567/5777 2365/2564/5777
f 368/2607/5778 2367/2569/5778 2366/2567/5778
f 2364/2566/5779 2368/2565/5779 608/2608/5779
f 2368/2565/5780 2372/2571/5780 607/2609/5780
f 2372/2571/5781 2391/2600/5781 606/2563/5781
f 414/1682/5782 2376/2577/5782 365/2610/5782
f 415/2611/5783 2377/2575/5783 2376/2577/5783
f 416/2612/5784 2378/2580/5784 2377/2575/5784
f 416/2612/5785 417/1680/5785 2379/2599/5785
f 2376/2577/5786 2380/2576/5786 366/2613/5786
f 2380/2576/5787 2384/2583/5787 367/2614/5787
f 367/2614/5788 2384/2583/5788 2367/2569/5788
f 603/2615/5789 2388/2588/5789 420/2616/5789
f 604/2561/5790 2389/2586/5790 2388/2588/5790
f 605/2617/5791 2390/2589/5791 2389/2586/5791
f 606/2618/5792 2391/2591/5792 2390/2589/5792
f 2388/2588/5793 2392/2587/5793 419/2619/5793
f 2392/2587/5794 2396/2593/5794 418/1679/5794
f 2396/2593/5795 2379/2599/5795 417/2620/5795
f 2402/2621/5796 2406/2625/5796 2405/2622/5796
f 2403/2624/5797 2407/2627/5797 2406/2625/5797
f 2404/2626/5798 2408/2630/5798 2407/2627/5798
f 2406/2625/5799 2410/2629/5799 2409/2628/5799
f 2407/2627/5800 2411/2631/5800 2410/2629/5800
f 2408/2630/5801 2412/2661/5801 2411/2631/5801
f 2414/2632/5802 2418/2636/5802 2417/2633/5802
f 2415/2635/5803 2419/2638/5803 2418/2636/5803
f 2416/2637/5804 2420/2641/5804 2419/2638/5804
f 2418/2636/5805 2422/2640/5805 2421/2639/5805
f 2419/2638/5806 2423/2642/5806 2422/2640/5806
f 2420/2641/5807 2424/2658/5807 2423/2642/5807
f 2426/2643/5808 2430/2647/5808 2429/2644/5808
f 2426/2643/5809 2427/2648/5809 2431/2646/5809
f 2427/2648/5810 2428/2681/5810 2432/2649/5810
f 2429/2644/5811 2430/2647/5811 2434/2650/5811
f 2430/2647/5812 2431/2646/5812 2435/2652/5812
f 2431/2646/5813 2432/2649/5813 2436/2653/5813
f 2422/2640/5814 2408/2655/5814 2404/2654/5814
f 2423/2642/5815 2412/2661/5815 2408/2655/5815
f 2433/2651/5816 2434/2650/5816 2420/2656/5816
f 2434/2650/5817 2435/2652/5817 2424/2658/5817
f 2410/2629/5818 2432/2649/5818 2428/2659/5818
f 2411/2631/5819 2436/2653/5819 2432/2649/5819
f 2411/2631/5820 2412/2661/5820 2400/2660/5820
f 2423/2642/5821 2424/2658/5821 2400/2660/5821
f 2435/2652/5822 2436/2653/5822 2400/2660/5822
f 610/2662/5823 2401/2623/5823 162/2663/5823
f 611/2664/5824 2402/2621/5824 2401/2623/5824
f 612/2665/5825 2403/2624/5825 2402/2621/5825
f 613/2666/5826 2404/2626/5826 2403/2624/5826
f 2401/2623/5827 2405/2622/5827 163/2667/5827
f 2405/2622/5828 2409/2628/5828 164/2668/5828
f 2409/2628/5829 2428/2659/5829 165/2669/5829
f 197/2670/5830 2413/2634/5830 616/2671/5830
f 198/2672/5831 2414/2632/5831 2413/2634/5831
f 199/1170/5832 2415/2635/5832 2414/2632/5832
f 200/2673/5833 2416/2637/5833 2415/2635/5833
f 2413/2634/5834 2417/2633/5834 615/2674/5834
f 2417/2633/5835 2421/2639/5835 614/2675/5835
f 2421/2639/5836 2404/2654/5836 613/2676/5836
f 168/2677/5837 2425/2645/5837 203/2678/5837
f 167/2679/5838 2426/2643/5838 2425/2645/5838
f 166/2680/5839 2427/2648/5839 2426/2643/5839
f 166/2680/5840 165/2669/5840 2428/2681/5840
f 2425/2645/5841 2429/2644/5841 202/2682/5841
f 2429/2644/5842 2433/2651/5842 201/2683/5842
f 201/2683/5843 2433/2651/5843 2416/2657/5843
f 2439/2684/5844 2443/2688/5844 2442/2685/5844
f 2440/2687/5845 2444/2690/5845 2443/2688/5845
f 2441/2689/2019 2445/2693/2019 2444/2690/2019
f 2443/2688/5846 2447/2692/5846 2446/2691/5846
f 2444/2690/5847 2448/2694/5847 2447/2692/5847
f 2445/2693/5848 2449/2723/5848 2448/2694/5848
f 2451/2695/5849 2455/2699/5849 2454/2696/5849
f 2452/2698/5850 2456/2701/5850 2455/2699/5850
f 2453/2700/5851 2457/2704/5851 2456/2701/5851
f 2455/2699/5852 2459/2703/5852 2458/2702/5852
f 2456/2701/5853 2460/2705/5853 2459/2703/5853
f 2457/2704/5854 2461/2724/5854 2460/2705/5854
f 2463/2706/5855 2467/2710/5855 2466/2707/5855
f 2464/2709/5856 2468/2712/5856 2467/2710/5856
f 2465/2711/5857 2469/2715/5857 2468/2712/5857
f 2467/2710/5858 2471/2714/5858 2470/2713/5858
f 2468/2712/5859 2472/2716/5859 2471/2714/5859
f 2469/2715/5860 2473/2722/5860 2472/2716/5860
f 2459/2703/2035 2445/2718/2035 2441/2717/2035
f 2460/2705/5861 2449/2723/5861 2445/2718/5861
f 2471/2714/5862 2457/2704/5862 2453/2700/5862
f 2472/2716/5863 2461/2724/5863 2457/2704/5863
f 2447/2692/5864 2469/2720/5864 2465/2719/5864
f 2448/2694/5865 2473/2722/5865 2469/2720/5865
f 2448/2694/5866 2449/2723/5866 2437/2721/5866
f 2460/2705/5867 2461/2724/5867 2437/2721/5867
f 2472/2716/5868 2473/2722/5868 2437/2721/5868
f 617/2725/5869 2438/2686/5869 610/2662/5869
f 618/2726/5870 2439/2684/5870 2438/2686/5870
f 619/2727/5871 2440/2687/5871 2439/2684/5871
f 620/2728/5872 2441/2689/5872 2440/2687/5872
f 2438/2686/5873 2442/2685/5873 611/2729/5873
f 2442/2685/5874 2446/2691/5874 612/2730/5874
f 2446/2691/5875 2465/2719/5875 613/2676/5875
f 630/2731/5876 2450/2697/5876 623/2732/5876
f 629/2733/5877 2451/2695/5877 2450/2697/5877
f 628/2734/5878 2452/2698/5878 2451/2695/5878
f 627/2735/5879 2453/2700/5879 2452/2698/5879
f 2450/2697/5880 2454/2696/5880 622/2736/5880
f 2454/2696/5881 2458/2702/5881 621/2737/5881
f 2458/2702/5882 2441/2717/5882 620/2728/5882
f 616/2738/5883 2462/2708/5883 624/2739/5883
f 615/2740/5884 2463/2706/5884 2462/2708/5884
f 614/2675/5885 2464/2709/5885 2463/2706/5885
f 613/2676/5886 2465/2711/5886 2464/2709/5886
f 2462/2708/5887 2466/2707/5887 625/2741/5887
f 2466/2707/5888 2470/2713/5888 626/2742/5888
f 2470/2713/5889 2453/2700/5889 627/2743/5889
f 2476/2744/5890 2480/2748/5890 2479/2745/5890
f 2477/2747/5891 2481/2750/5891 2480/2748/5891
f 2478/2749/5892 2482/2753/5892 2481/2750/5892
f 2480/2748/5893 2484/2752/5893 2483/2751/5893
f 2481/2750/5894 2485/2754/5894 2484/2752/5894
f 2482/2753/5895 2486/2779/5895 2485/2754/5895
f 2488/2755/5896 2492/2759/5896 2491/2756/5896
f 2488/2755/5897 2489/2760/5897 2493/2758/5897
f 2489/2760/5898 2490/2780/5898 2494/2761/5898
f 2491/2756/5899 2492/2759/5899 2496/2762/5899
f 2492/2759/5900 2493/2758/5900 2497/2764/5900
f 2493/2758/5901 2494/2761/5901 2498/2765/5901
f 2500/2766/5902 2504/2770/5902 2503/2767/5902
f 2501/2769/5903 2505/2772/5903 2504/2770/5903
f 2502/2771/5904 2506/2775/5904 2505/2772/5904
f 2504/2770/5905 2508/2774/5905 2507/2773/5905
f 2505/2772/5906 2509/2776/5906 2508/2774/5906
f 2506/2775/5907 2510/2785/5907 2509/2776/5907
f 2495/2763/5908 2496/2762/5908 2482/2777/5908
f 2496/2762/5909 2497/2764/5909 2486/2779/5909
f 2508/2774/5910 2494/2781/5910 2490/2780/5910
f 2509/2776/5911 2498/2765/5911 2494/2781/5911
f 2484/2752/5912 2506/2783/5912 2502/2782/5912
f 2485/2754/5913 2510/2785/5913 2506/2783/5913
f 2485/2754/5914 2486/2779/5914 2474/2784/5914
f 2497/2764/5915 2498/2765/5915 2474/2784/5915
f 2509/2776/5916 2510/2785/5916 2474/2784/5916
f 357/2786/5917 2475/2746/5917 630/2787/5917
f 356/2788/5918 2476/2744/5918 2475/2746/5918
f 355/2789/5919 2477/2747/5919 2476/2744/5919
f 354/2790/5920 2478/2749/5920 2477/2747/5920
f 2475/2746/5921 2479/2745/5921 629/2791/5921
f 2479/2745/5922 2483/2751/5922 628/2792/5922
f 2483/2751/5923 2502/2782/5923 627/2743/5923
f 407/2793/5924 2487/2757/5924 351/2794/5924
f 408/2795/5925 2488/2755/5925 2487/2757/5925
f 409/2796/5926 2489/2760/5926 2488/2755/5926
f 409/2796/5927 410/4990/5927 2490/2780/5927
f 2487/2757/5928 2491/2756/5928 352/2797/5928
f 2491/2756/5929 2495/2763/5929 353/2798/5929
f 353/2798/5930 2495/2763/5930 2478/2778/5930
f 624/2799/5931 2499/2768/5931 413/1862/5931
f 625/2741/5932 2500/2766/5932 2499/2768/5932
f 626/2800/5933 2501/2769/5933 2500/2766/5933
f 627/2801/5934 2502/2771/5934 2501/2769/5934
f 2499/2768/5935 2503/2767/5935 412/2802/5935
f 2503/2767/5936 2507/2773/5936 411/1865/5936
f 2507/2773/5937 2490/2780/5937 410/2803/5937
f 2513/2804/5938 2517/2808/5938 2516/2805/5938
f 2514/2807/5939 2518/2810/5939 2517/2808/5939
f 2515/2809/5940 2519/2813/5940 2518/2810/5940
f 2517/2808/5941 2521/2812/5941 2520/2811/5941
f 2518/2810/5942 2522/2814/5942 2521/2812/5942
f 2519/2813/5943 2523/2844/5943 2522/2814/5943
f 2525/2815/5944 2529/2819/5944 2528/2816/5944
f 2526/2818/5945 2530/2821/5945 2529/2819/5945
f 2527/2820/5946 2531/2824/5946 2530/2821/5946
f 2529/2819/5947 2533/2823/5947 2532/2822/5947
f 2530/2821/5948 2534/2825/5948 2533/2823/5948
f 2531/2824/5949 2535/2841/5949 2534/2825/5949
f 2537/2826/5950 2541/2830/5950 2540/2827/5950
f 2537/2826/5951 2538/2831/5951 2542/2829/5951
f 2538/2831/5952 2539/2862/5952 2543/2832/5952
f 2540/2827/5953 2541/2830/5953 2545/2833/5953
f 2541/2830/5954 2542/2829/5954 2546/2835/5954
f 2542/2829/5955 2543/2832/5955 2547/2836/5955
f 2533/2823/5956 2519/2838/5956 2515/2837/5956
f 2534/2825/5957 2523/2844/5957 2519/2838/5957
f 2544/2834/5958 2545/2833/5958 2531/2839/5958
f 2545/2833/5959 2546/2835/5959 2535/2841/5959
f 2521/2812/5960 2543/2832/5960 2539/2842/5960
f 2522/2814/5961 2547/2836/5961 2543/2832/5961
f 2522/2814/5962 2523/2844/5962 2511/2843/5962
f 2534/2825/5963 2535/2841/5963 2511/2843/5963
f 2546/2835/5964 2547/2836/5964 2511/2843/5964
f 631/2845/5965 2512/2806/5965 148/2846/5965
f 632/2847/5966 2513/2804/5966 2512/2806/5966
f 633/2848/5967 2514/2807/5967 2513/2804/5967
f 634/2849/5968 2515/2809/5968 2514/2807/5968
f 2512/2806/5969 2516/2805/5969 149/2850/5969
f 2516/2805/5970 2520/2811/5970 150/2851/5970
f 2520/2811/5971 2539/2842/5971 151/2852/5971
f 190/2853/5972 2524/2817/5972 637/2854/5972
f 191/1101/5973 2525/2815/5973 2524/2817/5973
f 192/1102/5974 2526/2818/5974 2525/2815/5974
f 193/2855/5975 2527/2820/5975 2526/2818/5975
f 2524/2817/5976 2528/2816/5976 636/2856/5976
f 2528/2816/5977 2532/2822/5977 635/2857/5977
f 2532/2822/5978 2515/2837/5978 634/2858/5978
f 154/2859/5979 2536/2828/5979 196/1087/5979
f 153/2860/5980 2537/2826/5980 2536/2828/5980
f 152/2861/5981 2538/2831/5981 2537/2826/5981
f 152/2861/5982 151/4991/5982 2539/2862/5982
f 2536/2828/5983 2540/2827/5983 195/2863/5983
f 2540/2827/5984 2544/2834/5984 194/2864/5984
f 194/2864/5985 2544/2834/5985 2527/2840/5985
f 2550/2866/5986 2554/2870/5986 2553/2867/5986
f 2551/2869/5987 2555/2872/5987 2554/2870/5987
f 2552/2871/5988 2556/2875/5988 2555/2872/5988
f 2554/2870/5989 2558/2874/5989 2557/2873/5989
f 2555/2872/5990 2559/2876/5990 2558/2874/5990
f 2556/2875/5991 2560/2906/5991 2559/2876/5991
f 2562/2877/5992 2566/2881/5992 2565/2878/5992
f 2563/2880/5993 2567/2883/5993 2566/2881/5993
f 2564/2882/5994 2568/2886/5994 2567/2883/5994
f 2566/2881/5995 2570/2885/5995 2569/2884/5995
f 2567/2883/5996 2571/2887/5996 2570/2885/5996
f 2568/2886/5997 2572/2907/5997 2571/2887/5997
f 2574/2888/5998 2578/2892/5998 2577/2889/5998
f 2575/2891/5999 2579/2894/5999 2578/2892/5999
f 2576/2893/6000 2580/2897/6000 2579/2894/6000
f 2578/2892/6001 2582/2896/6001 2581/2895/6001
f 2579/2894/6002 2583/2898/6002 2582/2896/6002
f 2580/2897/6003 2584/2905/6003 2583/2898/6003
f 2570/2885/2179 2556/2899/2179 2552/2871/2179
f 2571/2887/6004 2560/2906/6004 2556/2899/6004
f 2582/2896/6005 2568/2901/6005 2564/2900/6005
f 2583/2898/6006 2572/2907/6006 2568/2901/6006
f 2558/2874/6007 2580/2903/6007 2576/2902/6007
f 2559/2876/6008 2584/2905/6008 2580/2903/6008
f 2559/2876/6009 2560/2906/6009 2548/2904/6009
f 2571/2887/6010 2572/2907/6010 2548/2904/6010
f 2583/2898/6011 2584/2905/6011 2548/2904/6011
f 638/2908/6012 2549/2868/6012 631/2845/6012
f 639/2909/6013 2550/2866/6013 2549/2868/6013
f 640/2910/6014 2551/2869/6014 2550/2866/6014
f 641/2911/6015 2552/2871/6015 2551/2869/6015
f 2549/2868/6016 2553/2867/6016 632/2912/6016
f 2553/2867/6017 2557/2873/6017 633/2913/6017
f 2557/2873/6018 2576/2902/6018 634/2914/6018
f 651/2915/6019 2561/2879/6019 644/773/6019
f 650/2916/6020 2562/2877/6020 2561/2879/6020
f 649/2917/6021 2563/2880/6021 2562/2877/6021
f 648/2918/6022 2564/2882/6022 2563/2880/6022
f 2561/2879/6023 2565/2878/6023 643/2919/6023
f 2565/2878/6024 2569/2884/6024 642/2920/6024
f 2569/2884/6025 2552/2871/6025 641/2921/6025
f 637/2922/6026 2573/2890/6026 645/2923/6026
f 636/2924/6027 2574/2888/6027 2573/2890/6027
f 635/2925/6028 2575/2891/6028 2574/2888/6028
f 634/2858/6029 2576/2893/6029 2575/2891/6029
f 2573/2890/6030 2577/2889/6030 646/2926/6030
f 2577/2889/6031 2581/2895/6031 647/2927/6031
f 2581/2895/6032 2564/2900/6032 648/2928/6032
f 2587/2929/6033 2591/2933/6033 2590/2930/6033
f 2588/2932/6034 2592/2935/6034 2591/2933/6034
f 2589/2934/6035 2593/2938/6035 2592/2935/6035
f 2591/2933/6036 2595/2937/6036 2594/2936/6036
f 2592/2935/6037 2596/2939/6037 2595/2937/6037
f 2593/2938/6038 2597/2963/6038 2596/2939/6038
f 2599/2940/6039 2603/2944/6039 2602/2941/6039
f 2599/2940/6040 2600/2945/6040 2604/2943/6040
f 2600/2945/6041 2601/2964/6041 2605/2946/6041
f 2602/2941/6042 2603/2944/6042 2607/2947/6042
f 2603/2944/6043 2604/2943/6043 2608/2949/6043
f 2604/2943/6044 2605/2946/6044 2609/2950/6044
f 2611/2951/6045 2615/2955/6045 2614/2952/6045
f 2612/2954/6046 2616/2957/6046 2615/2955/6046
f 2613/2956/6047 2617/2960/6047 2616/2957/6047
f 2615/2955/6048 2619/2959/6048 2618/2958/6048
f 2616/2957/6049 2620/2961/6049 2619/2959/6049
f 2617/2960/6050 2621/2968/6050 2620/2961/6050
f 2606/2948/6051 2607/2947/6051 2593/2962/6051
f 2607/2947/6052 2608/2949/6052 2597/2963/6052
f 2619/2959/6053 2605/2965/6053 2601/2964/6053
f 2620/2961/6054 2609/2950/6054 2605/2965/6054
f 2595/2937/6055 2617/2966/6055 2613/2956/6055
f 2596/2939/6056 2621/2968/6056 2617/2966/6056
f 2596/2939/6057 2597/2963/6057 2585/2967/6057
f 2608/2949/6058 2609/2950/6058 2585/2967/6058
f 2620/2961/6059 2621/2968/6059 2585/2967/6059
f 343/2969/6060 2586/2931/6060 651/2915/6060
f 342/2970/6061 2587/2929/6061 2586/2931/6061
f 341/2971/6062 2588/2932/6062 2587/2929/6062
f 340/2972/6063 2589/2934/6063 2588/2932/6063
f 2586/2931/6064 2590/2930/6064 650/2916/6064
f 2590/2930/6065 2594/2936/6065 649/2973/6065
f 2594/2936/6066 2613/2956/6066 648/2974/6066
f 400/2975/6067 2598/2942/6067 337/2976/6067
f 401/2977/6068 2599/2940/6068 2598/2942/6068
f 402/2978/6069 2600/2945/6069 2599/2940/6069
f 402/2978/6070 403/2067/6070 2601/2964/6070
f 2598/2942/6071 2602/2941/6071 338/2979/6071
f 2602/2941/6072 2606/2948/6072 339/2980/6072
f 339/2980/6073 2606/2948/6073 2589/2934/6073
f 645/2923/6074 2610/2953/6074 406/2053/6074
f 646/2982/6075 2611/2951/6075 2610/2953/6075
f 647/2983/6076 2612/2954/6076 2611/2951/6076
f 648/2984/6077 2613/2956/6077 2612/2954/6077
f 2610/2953/6078 2614/2952/6078 405/2055/6078
f 2614/2952/6079 2618/2958/6079 404/2056/6079
f 2618/2958/6080 2601/2964/6080 403/2985/6080
f 2624/2986/6081 2628/2990/6081 2627/2987/6081
f 2625/2989/6082 2629/2992/6082 2628/2990/6082
f 2626/2991/6083 2630/2995/6083 2629/2992/6083
f 2628/2990/6084 2632/2994/6084 2631/2993/6084
f 2629/2992/6085 2633/2996/6085 2632/2994/6085
f 2630/2995/6086 2634/3027/6086 2633/2996/6086
f 2636/2997/6087 2640/3001/6087 2639/2998/6087
f 2637/3000/6088 2641/3003/6088 2640/3001/6088
f 2638/3002/6089 2642/3006/6089 2641/3003/6089
f 2640/3001/6090 2644/3005/6090 2643/3004/6090
f 2641/3003/6091 2645/3007/6091 2644/3005/6091
f 2642/3006/6092 2646/3023/6092 2645/3007/6092
f 2648/3008/6093 2652/3012/6093 2651/3009/6093
f 2648/3008/6094 2649/3013/6094 2653/3011/6094
f 2649/3013/6095 2650/3046/6095 2654/3014/6095
f 2651/3009/6096 2652/3012/6096 2656/3015/6096
f 2652/3012/6097 2653/3011/6097 2657/3017/6097
f 2653/3011/6098 2654/3014/6098 2658/3018/6098
f 2644/3005/6099 2630/3020/6099 2626/3019/6099
f 2645/3007/6100 2634/3027/6100 2630/3020/6100
f 2655/3016/6101 2656/3015/6101 2642/3021/6101
f 2656/3015/6102 2657/3017/6102 2646/3023/6102
f 2632/2994/6103 2654/3025/6103 2650/3024/6103
f 2633/2996/6104 2658/3018/6104 2654/3025/6104
f 2633/2996/6105 2634/3027/6105 2622/3026/6105
f 2645/3007/6106 2646/3023/6106 2622/3026/6106
f 2657/3017/6107 2658/3018/6107 2622/3026/6107
f 652/3028/6108 2623/2988/6108 134/3029/6108
f 653/3030/6109 2624/2986/6109 2623/2988/6109
f 654/3031/6110 2625/2989/6110 2624/2986/6110
f 655/3032/6111 2626/2991/6111 2625/2989/6111
f 2623/2988/6112 2627/2987/6112 135/3033/6112
f 2627/2987/6113 2631/2993/6113 136/3034/6113
f 2631/2993/6114 2650/3024/6114 137/3035/6114
f 183/1029/6115 2635/2999/6115 658/3036/6115
f 184/1034/6116 2636/2997/6116 2635/2999/6116
f 185/3037/6117 2637/3000/6117 2636/2997/6117
f 186/3038/6118 2638/3002/6118 2637/3000/6118
f 2635/2999/6119 2639/2998/6119 657/3039/6119
f 2639/2998/6120 2643/3004/6120 656/3040/6120
f 2643/3004/6121 2626/3019/6121 655/3041/6121
f 140/3042/6122 2647/3010/6122 189/3043/6122
f 139/3044/6123 2648/3008/6123 2647/3010/6123
f 138/3045/6124 2649/3013/6124 2648/3008/6124
f 138/3045/6125 137/3035/6125 2650/3046/6125
f 2647/3010/6126 2651/3009/6126 188/3047/6126
f 2651/3009/6127 2655/3016/6127 187/3048/6127
f 187/3048/6128 2655/3016/6128 2638/3022/6128
f 2661/3050/6129 2665/3054/6129 2664/3051/6129
f 2662/3053/6130 2666/3056/6130 2665/3054/6130
f 2663/3055/6131 2667/3059/6131 2666/3056/6131
f 2665/3054/6132 2669/3058/6132 2668/3057/6132
f 2666/3056/6133 2670/3060/6133 2669/3058/6133
f 2667/3059/6134 2671/3090/6134 2670/3060/6134
f 2673/3061/6135 2677/3065/6135 2676/3062/6135
f 2674/3064/6136 2678/3067/6136 2677/3065/6136
f 2675/3066/2313 2679/3070/2313 2678/3067/2313
f 2677/3065/6137 2681/3069/6137 2680/3068/6137
f 2678/3067/6138 2682/3071/6138 2681/3069/6138
f 2679/3070/6139 2683/3091/6139 2682/3071/6139
f 2685/3072/6140 2689/3076/6140 2688/3073/6140
f 2686/3075/6141 2690/3078/6141 2689/3076/6141
f 2687/3077/6142 2691/3081/6142 2690/3078/6142
f 2689/3076/6143 2693/3080/6143 2692/3079/6143
f 2690/3078/6144 2694/3082/6144 2693/3080/6144
f 2691/3081/6145 2695/3089/6145 2694/3082/6145
f 2681/3069/2323 2667/3084/2323 2663/3083/2323
f 2682/3071/6146 2671/3090/6146 2667/3084/6146
f 2693/3080/6147 2679/3085/6147 2675/3066/6147
f 2694/3082/6148 2683/3091/6148 2679/3085/6148
f 2669/3058/6149 2691/3087/6149 2687/3086/6149
f 2670/3060/6150 2695/3089/6150 2691/3087/6150
f 2670/3060/6151 2671/3090/6151 2659/3088/6151
f 2682/3071/6152 2683/3091/6152 2659/3088/6152
f 2694/3082/6153 2695/3089/6153 2659/3088/6153
f 659/3092/6154 2660/3052/6154 652/3093/6154
f 660/3094/6155 2661/3050/6155 2660/3052/6155
f 661/3095/6156 2662/3053/6156 2661/3050/6156
f 662/723/6157 2663/3055/6157 2662/3053/6157
f 2660/3052/6158 2664/3051/6158 653/3096/6158
f 2664/3051/6159 2668/3057/6159 654/3031/6159
f 2668/3057/6160 2687/3086/6160 655/3041/6160
f 672/3097/6161 2672/3063/6161 665/708/6161
f 671/3098/6162 2673/3061/6162 2672/3063/6162
f 670/3099/6163 2674/3064/6163 2673/3061/6163
f 669/3100/6164 2675/3066/6164 2674/3064/6164
f 2672/3063/6165 2676/3062/6165 664/3101/6165
f 2676/3062/6166 2680/3068/6166 663/711/6166
f 2680/3068/6167 2663/3083/6167 662/723/6167
f 658/3102/6168 2684/3074/6168 666/3103/6168
f 657/3104/6169 2685/3072/6169 2684/3074/6169
f 656/3105/6170 2686/3075/6170 2685/3072/6170
f 655/3041/6171 2687/3077/6171 2686/3075/6171
f 2684/3074/6172 2688/3073/6172 667/3106/6172
f 2688/3073/6173 2692/3079/6173 668/3107/6173
f 2692/3079/6174 2675/3066/6174 669/3108/6174
f 2698/3109/6175 2702/3113/6175 2701/3110/6175
f 2699/3112/6176 2703/3115/6176 2702/3113/6176
f 2700/3114/6177 2704/3118/6177 2703/3115/6177
f 2702/3113/6178 2706/3117/6178 2705/3116/6178
f 2703/3115/6179 2707/3119/6179 2706/3117/6179
f 2704/3118/6180 2708/3143/6180 2707/3119/6180
f 2710/3120/6181 2714/3124/6181 2713/3121/6181
f 2710/3120/6182 2711/3125/6182 2715/3123/6182
f 2711/3125/6183 2712/3144/6183 2716/3126/6183
f 2713/3121/6184 2714/3124/6184 2718/3127/6184
f 2714/3124/6185 2715/3123/6185 2719/3129/6185
f 2715/3123/6186 2716/3126/6186 2720/3130/6186
f 2722/3131/6187 2726/3135/6187 2725/3132/6187
f 2723/3134/6188 2727/3137/6188 2726/3135/6188
f 2724/3136/6189 2728/3140/6189 2727/3137/6189
f 2726/3135/6190 2730/3139/6190 2729/3138/6190
f 2727/3137/6191 2731/3141/6191 2730/3139/6191
f 2728/3140/6192 2732/3149/6192 2731/3141/6192
f 2717/3128/6193 2718/3127/6193 2704/3142/6193
f 2718/3127/6194 2719/3129/6194 2708/3143/6194
f 2730/3139/6195 2716/3145/6195 2712/3144/6195
f 2731/3141/6196 2720/3130/6196 2716/3145/6196
f 2706/3117/6197 2728/3147/6197 2724/3146/6197
f 2707/3119/6198 2732/3149/6198 2728/3147/6198
f 2707/3119/6199 2708/3143/6199 2696/3148/6199
f 2719/3129/6200 2720/3130/6200 2696/3148/6200
f 2731/3141/6201 2732/3149/6201 2696/3148/6201
f 329/3150/6202 2697/3111/6202 672/3097/6202
f 328/3151/6203 2698/3109/6203 2697/3111/6203
f 327/3152/6204 2699/3112/6204 2698/3109/6204
f 326/3153/6205 2700/3114/6205 2699/3112/6205
f 2697/3111/6206 2701/3110/6206 671/3098/6206
f 2701/3110/6207 2705/3116/6207 670/3154/6207
f 2705/3116/6208 2724/3146/6208 669/3155/6208
f 393/2250/6209 2709/3122/6209 323/3156/6209
f 394/2254/6210 2710/3120/6210 2709/3122/6210
f 395/3157/6211 2711/3125/6211 2710/3120/6211
f 395/3157/6212 396/2256/6212 2712/3144/6212
f 2709/3122/6213 2713/3121/6213 324/3158/6213
f 2713/3121/6214 2717/3128/6214 325/3159/6214
f 325/3159/6215 2717/3128/6215 2700/3114/6215
f 666/3103/6216 2721/3133/6216 399/2242/6216
f 667/3161/6217 2722/3131/6217 2721/3133/6217
f 668/3162/6218 2723/3134/6218 2722/3131/6218
f 669/3163/6219 2724/3136/6219 2723/3134/6219
f 2721/3133/6220 2725/3132/6220 398/2243/6220
f 2725/3132/6221 2729/3138/6221 397/2244/6221
f 2729/3138/6222 2712/3144/6222 396/3164/6222
f 2735/3165/6223 2739/3169/6223 2738/3166/6223
f 2736/3168/6224 2740/3171/6224 2739/3169/6224
f 2737/3170/6225 2741/3174/6225 2740/3171/6225
f 2739/3169/6226 2743/3173/6226 2742/3172/6226
f 2740/3171/6227 2744/3175/6227 2743/3173/6227
f 2741/3174/6228 2745/3205/6228 2744/3175/6228
f 2747/3176/6229 2751/3180/6229 2750/3177/6229
f 2748/3179/6230 2752/3182/6230 2751/3180/6230
f 2749/3181/6231 2753/3185/6231 2752/3182/6231
f 2751/3180/6232 2755/3184/6232 2754/3183/6232
f 2752/3182/6233 2756/3186/6233 2755/3184/6233
f 2753/3185/6234 2757/3201/6234 2756/3186/6234
f 2759/3187/6235 2763/3191/6235 2762/3188/6235
f 2759/3187/6236 2760/3192/6236 2764/3190/6236
f 2760/3192/6237 2761/3223/6237 2765/3193/6237
f 2762/3188/6238 2763/3191/6238 2767/3194/6238
f 2763/3191/6239 2764/3190/6239 2768/3196/6239
f 2764/3190/6240 2765/3193/6240 2769/3197/6240
f 2755/3184/6241 2741/3174/6241 2737/3198/6241
f 2756/3186/6242 2745/3205/6242 2741/3174/6242
f 2766/3195/6243 2767/3194/6243 2753/3199/6243
f 2767/3194/6244 2768/3196/6244 2757/3201/6244
f 2743/3173/6245 2765/3203/6245 2761/3202/6245
f 2744/3175/6246 2769/3197/6246 2765/3203/6246
f 2744/3175/6247 2745/3205/6247 2733/3204/6247
f 2756/3186/6248 2757/3201/6248 2733/3204/6248
f 2768/3196/6249 2769/3197/6249 2733/3204/6249
f 673/3206/6250 2734/3167/6250 385/3207/6250
f 674/3208/6251 2735/3165/6251 2734/3167/6251
f 675/3209/6252 2736/3168/6252 2735/3165/6252
f 676/3210/6253 2737/3170/6253 2736/3168/6253
f 2734/3167/6254 2738/3166/6254 384/3211/6254
f 2738/3166/6255 2742/3172/6255 383/3212/6255
f 2742/3172/6256 2761/3202/6256 382/3213/6256
f 176/2483/6257 2746/3178/6257 679/3214/6257
f 177/3215/6258 2747/3176/6258 2746/3178/6258
f 178/3216/6259 2748/3179/6259 2747/3176/6259
f 179/3217/6260 2749/3181/6260 2748/3179/6260
f 2746/3178/6261 2750/3177/6261 678/3218/6261
f 2750/3177/6262 2754/3183/6262 677/3219/6262
f 2754/3183/6263 2737/3198/6263 676/3220/6263
f 379/2434/6264 2758/3189/6264 182/3221/6264
f 380/3222/6265 2759/3187/6265 2758/3189/6265
f 381/2437/6266 2760/3192/6266 2759/3187/6266
f 381/2437/6267 382/4992/6267 2761/3223/6267
f 2758/3189/6268 2762/3188/6268 181/3224/6268
f 2762/3188/6269 2766/3195/6269 180/3225/6269
f 180/3225/6270 2766/3195/6270 2749/3200/6270
f 2772/3227/6271 2776/3231/6271 2775/3228/6271
f 2773/3230/6272 2777/3233/6272 2776/3231/6272
f 2774/3232/6273 2778/3236/6273 2777/3233/6273
f 2776/3231/6274 2780/3235/6274 2779/3234/6274
f 2777/3233/6275 2781/3237/6275 2780/3235/6275
f 2778/3236/6276 2782/3265/6276 2781/3237/6276
f 2784/3238/6277 2788/3242/6277 2787/3239/6277
f 2785/3241/6278 2789/3244/6278 2788/3242/6278
f 2786/3243/6279 2790/3247/6279 2789/3244/6279
f 2788/3242/6280 2792/3246/6280 2791/3245/6280
f 2789/3244/6281 2793/3248/6281 2792/3246/6281
f 2790/3247/6282 2794/3266/6282 2793/3248/6282
f 2796/3249/6283 2800/3253/6283 2799/3250/6283
f 2797/3252/6284 2801/3255/6284 2800/3253/6284
f 2798/3254/2463 2802/3258/2463 2801/3255/2463
f 2800/3253/6285 2804/3257/6285 2803/3256/6285
f 2801/3255/6286 2805/3259/6286 2804/3257/6286
f 2802/3258/6287 2806/3264/6287 2805/3259/6287
f 2792/3246/6288 2778/3260/6288 2774/3232/6288
f 2793/3248/6289 2782/3265/6289 2778/3260/6289
f 2804/3257/6290 2790/3262/6290 2786/3261/6290
f 2805/3259/6291 2794/3266/6291 2790/3262/6291
f 2780/3235/6292 2802/3258/6292 2798/3254/6292
f 2781/3237/6293 2806/3264/6293 2802/3258/6293
f 2781/3237/6294 2782/3265/6294 2770/3263/6294
f 2793/3248/6295 2794/3266/6295 2770/3263/6295
f 2805/3259/6296 2806/3264/6296 2770/3263/6296
f 680/654/6297 2771/3229/6297 673/3267/6297
f 681/3268/6298 2772/3227/6298 2771/3229/6298
f 682/659/6299 2773/3230/6299 2772/3227/6299
f 683/3269/6300 2774/3232/6300 2773/3230/6300
f 2771/3229/6301 2775/3228/6301 674/3270/6301
f 2775/3228/6302 2779/3234/6302 675/3209/6302
f 2779/3234/6303 2798/3254/6303 676/3271/6303
f 693/3272/6304 2783/3240/6304 686/3273/6304
f 692/3274/6305 2784/3238/6305 2783/3240/6305
f 691/3275/6306 2785/3241/6306 2784/3238/6306
f 690/3276/6307 2786/3243/6307 2785/3241/6307
f 2783/3240/6308 2787/3239/6308 685/647/6308
f 2787/3239/6309 2791/3245/6309 684/3277/6309
f 2791/3245/6310 2774/3232/6310 683/649/6310
f 679/3214/6311 2795/3251/6311 687/3278/6311
f 678/3279/6312 2796/3249/6312 2795/3251/6312
f 677/3280/6313 2797/3252/6313 2796/3249/6313
f 676/3271/6314 2798/3254/6314 2797/3252/6314
f 2795/3251/6315 2799/3250/6315 688/3281/6315
f 2799/3250/6316 2803/3256/6316 689/3282/6316
f 2803/3256/6317 2786/3261/6317 690/3283/6317
f 2809/3284/6318 2813/3288/6318 2812/3285/6318
f 2810/3287/6319 2814/3290/6319 2813/3288/6319
f 2811/3289/6320 2815/3293/6320 2814/3290/6320
f 2813/3288/6321 2817/3292/6321 2816/3291/6321
f 2814/3290/6322 2818/3294/6322 2817/3292/6322
f 2815/3293/6323 2819/3318/6323 2818/3294/6323
f 2821/3295/6324 2825/3299/6324 2824/3296/6324
f 2821/3295/6325 2822/3300/6325 2826/3298/6325
f 2822/3300/6326 2823/3336/6326 2827/3301/6326
f 2824/3296/6327 2825/3299/6327 2829/3302/6327
f 2825/3299/6328 2826/3298/6328 2830/3304/6328
f 2826/3298/6329 2827/3301/6329 2831/3305/6329
f 2833/3306/6330 2837/3310/6330 2836/3307/6330
f 2834/3309/6331 2838/3312/6331 2837/3310/6331
f 2835/3311/6332 2839/3315/6332 2838/3312/6332
f 2837/3310/6333 2841/3314/6333 2840/3313/6333
f 2838/3312/6334 2842/3316/6334 2841/3314/6334
f 2839/3315/6335 2843/3324/6335 2842/3316/6335
f 2828/3303/6336 2829/3302/6336 2815/3293/6336
f 2829/3302/6337 2830/3304/6337 2819/3318/6337
f 2841/3314/6338 2827/3320/6338 2823/3319/6338
f 2842/3316/6339 2831/3305/6339 2827/3320/6339
f 2817/3292/6340 2839/3322/6340 2835/3321/6340
f 2818/3294/6341 2843/3324/6341 2839/3322/6341
f 2818/3294/6342 2819/3318/6342 2807/3323/6342
f 2830/3304/6343 2831/3305/6343 2807/3323/6343
f 2842/3316/6344 2843/3324/6344 2807/3323/6344
f 322/3325/6345 2808/3286/6345 693/3326/6345
f 321/3327/6346 2809/3284/6346 2808/3286/6346
f 320/3328/6347 2810/3287/6347 2809/3284/6347
f 319/3329/6348 2811/3289/6348 2810/3287/6348
f 2808/3286/6349 2812/3285/6349 692/3330/6349
f 2812/3285/6350 2816/3291/6350 691/3331/6350
f 2816/3291/6351 2835/3321/6351 690/3332/6351
f 386/3333/6352 2820/3297/6352 316/3334/6352
f 387/3335/6353 2821/3295/6353 2820/3297/6353
f 388/896/6354 2822/3300/6354 2821/3295/6354
f 388/896/6355 389/4993/6355 2823/3336/6355
f 2820/3297/6356 2824/3296/6356 317/3337/6356
f 2824/3296/6357 2828/3303/6357 318/3338/6357
f 318/3338/6358 2828/3303/6358 2811/3317/6358
f 687/3278/6359 2832/3308/6359 392/3339/6359
f 688/3340/6360 2833/3306/6360 2832/3308/6360
f 689/3341/6361 2834/3309/6361 2833/3306/6361
f 690/3276/6362 2835/3311/6362 2834/3309/6362
f 2832/3308/6363 2836/3307/6363 391/3342/6363
f 2836/3307/6364 2840/3313/6364 390/3343/6364
f 2840/3313/6365 2823/3319/6365 389/3344/6365
f 2846/3345/6366 2850/3349/6366 2849/3346/6366
f 2847/3348/6367 2851/3351/6367 2850/3349/6367
f 2848/3350/6368 2852/3354/6368 2851/3351/6368
f 2850/3349/6369 2854/3353/6369 2853/3352/6369
f 2851/3351/6370 2855/3355/6370 2854/3353/6370
f 2852/3354/6371 2856/3385/6371 2855/3355/6371
f 2858/3356/6372 2862/3360/6372 2861/3357/6372
f 2859/3359/6373 2863/3362/6373 2862/3360/6373
f 2860/3361/6374 2864/3365/6374 2863/3362/6374
f 2862/3360/6375 2866/3364/6375 2865/3363/6375
f 2863/3362/6376 2867/3366/6376 2866/3364/6376
f 2864/3365/6377 2868/3381/6377 2867/3366/6377
f 2870/3367/6378 2874/3371/6378 2873/3368/6378
f 2870/3367/6379 2871/3372/6379 2875/3370/6379
f 2871/3372/6380 2872/3382/6380 2876/3373/6380
f 2873/3368/6381 2874/3371/6381 2878/3374/6381
f 2874/3371/6382 2875/3370/6382 2879/3376/6382
f 2875/3370/6383 2876/3373/6383 2880/3377/6383
f 2866/3364/6384 2852/3354/6384 2848/3378/6384
f 2867/3366/6385 2856/3385/6385 2852/3354/6385
f 2877/3375/6386 2878/3374/6386 2864/3379/6386
f 2878/3374/6387 2879/3376/6387 2868/3381/6387
f 2854/3353/6388 2876/3383/6388 2872/3382/6388
f 2855/3355/6389 2880/3377/6389 2876/3383/6389
f 2855/3355/6390 2856/3385/6390 2844/3384/6390
f 2867/3366/6391 2868/3381/6391 2844/3384/6391
f 2879/3376/6392 2880/3377/6392 2844/3384/6392
f 694/3386/6393 2845/3347/6393 371/2604/6393
f 695/3387/6394 2846/3345/6394 2845/3347/6394
f 696/3388/6395 2847/3348/6395 2846/3345/6395
f 697/3389/6396 2848/3350/6396 2847/3348/6396
f 2845/3347/6397 2849/3346/6397 370/3390/6397
f 2849/3346/6398 2853/3352/6398 369/3391/6398
f 2853/3352/6399 2872/3382/6399 368/3392/6399
f 162/3393/6400 2857/3358/6400 700/3394/6400
f 163/3395/6401 2858/3356/6401 2857/3358/6401
f 164/3396/6402 2859/3359/6402 2858/3356/6402
f 165/3397/6403 2860/3361/6403 2859/3359/6403
f 2857/3358/6404 2861/3357/6404 699/3398/6404
f 2861/3357/6405 2865/3363/6405 698/3399/6405
f 2865/3363/6406 2848/3378/6406 697/3400/6406
f 365/2610/6407 2869/3369/6407 168/3401/6407
f 366/3402/6408 2870/3367/6408 2869/3369/6408
f 367/2614/6409 2871/3372/6409 2870/3367/6409
f 367/2614/6410 368/4994/6410 2872/3382/6410
f 2869/3369/6411 2873/3368/6411 167/3403/6411
f 2873/3368/6412 2877/3375/6412 166/3404/6412
f 166/3404/6413 2877/3375/6413 2860/3380/6413
f 2883/3406/6414 2887/3410/6414 2886/3407/6414
f 2884/3409/6415 2888/3412/6415 2887/3410/6415
f 2885/3411/6416 2889/3415/6416 2888/3412/6416
f 2887/3410/6417 2891/3414/6417 2890/3413/6417
f 2888/3412/6418 2892/3416/6418 2891/3414/6418
f 2889/3415/6419 2893/3447/6419 2892/3416/6419
f 2895/3417/6420 2899/3421/6420 2898/3418/6420
f 2896/3420/6421 2900/3423/6421 2899/3421/6421
f 2897/3422/6422 2901/3426/6422 2900/3423/6422
f 2899/3421/6423 2903/3425/6423 2902/3424/6423
f 2900/3423/6424 2904/3427/6424 2903/3425/6424
f 2901/3426/6425 2905/3448/6425 2904/3427/6425
f 2907/3428/6426 2911/3432/6426 2910/3429/6426
f 2908/3431/6427 2912/3434/6427 2911/3432/6427
f 2909/3433/2607 2913/3437/2607 2912/3434/2607
f 2911/3432/6428 2915/3436/6428 2914/3435/6428
f 2912/3434/6429 2916/3438/6429 2915/3436/6429
f 2913/3437/6430 2917/3446/6430 2916/3438/6430
f 2903/3425/6431 2889/3440/6431 2885/3439/6431
f 2904/3427/6432 2893/3447/6432 2889/3440/6432
f 2915/3436/2613 2901/3442/2613 2897/3441/2613
f 2916/3438/6433 2905/3448/6433 2901/3442/6433
f 2891/3414/6434 2913/3444/6434 2909/3443/6434
f 2892/3416/6435 2917/3446/6435 2913/3444/6435
f 2892/3416/6436 2893/3447/6436 2881/3445/6436
f 2904/3427/6437 2905/3448/6437 2881/3445/6437
f 2916/3438/6438 2917/3446/6438 2881/3445/6438
f 701/587/6439 2882/3408/6439 694/3449/6439
f 702/3450/6440 2883/3406/6440 2882/3408/6440
f 703/593/6441 2884/3409/6441 2883/3406/6441
f 704/3451/6442 2885/3411/6442 2884/3409/6442
f 2882/3408/6443 2886/3407/6443 695/3452/6443
f 2886/3407/6444 2890/3413/6444 696/3388/6444
f 2890/3413/6445 2909/3443/6445 697/3453/6445
f 714/3454/6446 2894/3419/6446 707/3455/6446
f 713/3456/6447 2895/3417/6447 2894/3419/6447
f 712/3457/6448 2896/3420/6448 2895/3417/6448
f 711/3458/6449 2897/3422/6449 2896/3420/6449
f 2894/3419/6450 2898/3418/6450 706/3459/6450
f 2898/3418/6451 2902/3424/6451 705/581/6451
f 2902/3424/6452 2885/3439/6452 704/594/6452
f 700/3394/6453 2906/3430/6453 708/3460/6453
f 699/3461/6454 2907/3428/6454 2906/3430/6454
f 698/3462/6455 2908/3431/6455 2907/3428/6455
f 697/3463/6456 2909/3433/6456 2908/3431/6456
f 2906/3430/6457 2910/3429/6457 709/3464/6457
f 2910/3429/6458 2914/3435/6458 710/3465/6458
f 2914/3435/6459 2897/3441/6459 711/3466/6459
f 2920/3467/6460 2924/3471/6460 2923/3468/6460
f 2921/3470/6461 2925/3473/6461 2924/3471/6461
f 2922/3472/6462 2926/3476/6462 2925/3473/6462
f 2924/3471/6463 2928/3475/6463 2927/3474/6463
f 2925/3473/6464 2929/3477/6464 2928/3475/6464
f 2926/3476/6465 2930/3502/6465 2929/3477/6465
f 2932/3478/6466 2936/3482/6466 2935/3479/6466
f 2932/3478/6467 2933/3483/6467 2937/3481/6467
f 2933/3483/6468 2934/3518/6468 2938/3484/6468
f 2935/3479/6469 2936/3482/6469 2940/3485/6469
f 2936/3482/6470 2937/3481/6470 2941/3487/6470
f 2937/3481/6471 2938/3484/6471 2942/3488/6471
f 2944/3489/6472 2948/3493/6472 2947/3490/6472
f 2945/3492/6473 2949/3495/6473 2948/3493/6473
f 2946/3494/6474 2950/3498/6474 2949/3495/6474
f 2948/3493/6475 2952/3497/6475 2951/3496/6475
f 2949/3495/6476 2953/3499/6476 2952/3497/6476
f 2950/3498/6477 2954/3508/6477 2953/3499/6477
f 2939/3486/6478 2940/3485/6478 2926/3500/6478
f 2940/3485/6479 2941/3487/6479 2930/3502/6479
f 2952/3497/6480 2938/3504/6480 2934/3503/6480
f 2953/3499/6481 2942/3488/6481 2938/3504/6481
f 2928/3475/6482 2950/3506/6482 2946/3505/6482
f 2929/3477/6483 2954/3508/6483 2950/3506/6483
f 2929/3477/6484 2930/3502/6484 2918/3507/6484
f 2941/3487/6485 2942/3488/6485 2918/3507/6485
f 2953/3499/6486 2954/3508/6486 2918/3507/6486
f 315/3509/6487 2919/3469/6487 714/3454/6487
f 314/3510/6488 2920/3467/6488 2919/3469/6488
f 313/3511/6489 2921/3470/6489 2920/3467/6489
f 312/3512/6490 2922/3472/6490 2921/3470/6490
f 2919/3469/6491 2923/3468/6491 713/3513/6491
f 2923/3468/6492 2927/3474/6492 712/3514/6492
f 2927/3474/6493 2946/3505/6493 711/3515/6493
f 372/828/6494 2931/3480/6494 309/3516/6494
f 373/831/6495 2932/3478/6495 2931/3480/6495
f 374/3517/6496 2933/3483/6496 2932/3478/6496
f 374/3517/6497 375/4995/6497 2934/3518/6497
f 2931/3480/6498 2935/3479/6498 310/3519/6498
f 2935/3479/6499 2939/3486/6499 311/3520/6499
f 311/3520/6500 2939/3486/6500 2922/3501/6500
f 708/3522/6501 2943/3491/6501 378/3523/6501
f 709/3524/6502 2944/3489/6502 2943/3491/6502
f 710/3525/6503 2945/3492/6503 2944/3489/6503
f 711/3526/6504 2946/3494/6504 2945/3492/6504
f 2943/3491/6505 2947/3490/6505 377/3527/6505
f 2947/3490/6506 2951/3496/6506 376/846/6506
f 2951/3496/6507 2934/3503/6507 375/847/6507
f 2957/3528/6508 2961/3532/6508 2960/3529/6508
f 2958/3531/6509 2962/3534/6509 2961/3532/6509
f 2959/3533/6510 2963/3537/6510 2962/3534/6510
f 2961/3532/6511 2965/3536/6511 2964/3535/6511
f 2962/3534/6512 2966/3538/6512 2965/3536/6512
f 2963/3537/6513 2967/3567/6513 2966/3538/6513
f 2969/3539/6514 2973/3543/6514 2972/3540/6514
f 2970/3542/6515 2974/3545/6515 2973/3543/6515
f 2971/3544/6516 2975/3548/6516 2974/3545/6516
f 2973/3543/6517 2977/3547/6517 2976/3546/6517
f 2974/3545/6518 2978/3549/6518 2977/3547/6518
f 2975/3548/6519 2979/3564/6519 2978/3549/6519
f 2981/3550/6520 2985/3554/6520 2984/3551/6520
f 2981/3550/6521 2982/3555/6521 2986/3553/6521
f 2982/3555/6522 2983/3585/6522 2987/3556/6522
f 2984/3551/6523 2985/3554/6523 2989/3557/6523
f 2985/3554/6524 2986/3553/6524 2990/3559/6524
f 2986/3553/6525 2987/3556/6525 2991/3560/6525
f 2977/3547/6526 2963/3537/6526 2959/3561/6526
f 2978/3549/6527 2967/3567/6527 2963/3537/6527
f 2988/3558/6528 2989/3557/6528 2975/3562/6528
f 2989/3557/6529 2990/3559/6529 2979/3564/6529
f 2965/3536/6530 2987/3556/6530 2983/3565/6530
f 2966/3538/6531 2991/3560/6531 2987/3556/6531
f 2966/3538/6532 2967/3567/6532 2955/3566/6532
f 2978/3549/6533 2979/3564/6533 2955/3566/6533
f 2990/3559/6534 2991/3560/6534 2955/3566/6534
f 715/3568/6535 2956/3530/6535 357/3569/6535
f 716/3570/6536 2957/3528/6536 2956/3530/6536
f 717/3571/6537 2958/3531/6537 2957/3528/6537
f 718/3572/6538 2959/3533/6538 2958/3531/6538
f 2956/3530/6539 2960/3529/6539 356/2788/6539
f 2960/3529/6540 2964/3535/6540 355/2789/6540
f 2964/3535/6541 2983/3565/6541 354/3573/6541
f 148/3574/6542 2968/3541/6542 721/3575/6542
f 149/3577/6543 2969/3539/6543 2968/3541/6543
f 150/3578/6544 2970/3542/6544 2969/3539/6544
f 151/3579/6545 2971/3544/6545 2970/3542/6545
f 2968/3541/6546 2972/3540/6546 720/3580/6546
f 2972/3540/6547 2976/3546/6547 719/3581/6547
f 2976/3546/6548 2959/3561/6548 718/3582/6548
f 351/2794/6549 2980/3552/6549 154/3583/6549
f 352/3584/6550 2981/3550/6550 2980/3552/6550
f 353/2798/6551 2982/3555/6551 2981/3550/6551
f 353/2798/6552 354/3573/6552 2983/3585/6552
f 2980/3552/6553 2984/3551/6553 153/3586/6553
f 2984/3551/6554 2988/3558/6554 152/3587/6554
f 152/3587/6555 2988/3558/6555 2971/3563/6555
f 2994/3588/6556 2998/3592/6556 2997/3589/6556
f 2995/3591/6557 2999/3594/6557 2998/3592/6557
f 2996/3593/2739 3000/3597/2739 2999/3594/2739
f 2998/3592/6558 3002/3596/6558 3001/3595/6558
f 2999/3594/6559 3003/3598/6559 3002/3596/6559
f 3000/3597/6560 3004/3627/6560 3003/3598/6560
f 3006/3599/6561 3010/3603/6561 3009/3600/6561
f 3007/3602/6562 3011/3605/6562 3010/3603/6562
f 3008/3604/6563 3012/3608/6563 3011/3605/6563
f 3010/3603/6564 3014/3607/6564 3013/3606/6564
f 3011/3605/6565 3015/3609/6565 3014/3607/6565
f 3012/3608/6566 3016/3628/6566 3015/3609/6566
f 3018/3610/6567 3022/3614/6567 3021/3611/6567
f 3019/3613/6568 3023/3616/6568 3022/3614/6568
f 3020/3615/6569 3024/3619/6569 3023/3616/6569
f 3022/3614/6570 3026/3618/6570 3025/3617/6570
f 3023/3616/6571 3027/3620/6571 3026/3618/6571
f 3024/3619/6572 3028/3626/6572 3027/3620/6572
f 3014/3607/6573 3000/3622/6573 2996/3621/6573
f 3015/3609/6574 3004/3627/6574 3000/3622/6574
f 3026/3618/6575 3012/3623/6575 3008/3604/6575
f 3027/3620/6576 3016/3628/6576 3012/3623/6576
f 3002/3596/2759 3024/3624/2759 3020/3615/2759
f 3003/3598/6577 3028/3626/6577 3024/3624/6577
f 3003/3598/6578 3004/3627/6578 2992/3625/6578
f 3015/3609/6579 3016/3628/6579 2992/3625/6579
f 3027/3620/6580 3028/3626/6580 2992/3625/6580
f 722/3629/6581 2993/3590/6581 715/3630/6581
f 723/3631/6582 2994/3588/6582 2993/3590/6582
f 724/3632/6583 2995/3591/6583 2994/3588/6583
f 725/3633/6584 2996/3593/6584 2995/3591/6584
f 2993/3590/6585 2997/3589/6585 716/3634/6585
f 2997/3589/6586 3001/3595/6586 717/3635/6586
f 3001/3595/6587 3020/3615/6587 718/3636/6587
f 735/3637/6588 3005/3601/6588 728/3638/6588
f 734/3639/6589 3006/3599/6589 3005/3601/6589
f 733/3640/6590 3007/3602/6590 3006/3599/6590
f 732/3641/6591 3008/3604/6591 3007/3602/6591
f 3005/3601/6592 3009/3600/6592 727/515/6592
f 3009/3600/6593 3013/3606/6593 726/516/6593
f 3013/3606/6594 2996/3621/6594 725/3633/6594
f 721/3642/6595 3017/3612/6595 729/3643/6595
f 720/3644/6596 3018/3610/6596 3017/3612/6596
f 719/3645/6597 3019/3613/6597 3018/3610/6597
f 718/3646/6598 3020/3615/6598 3019/3613/6598
f 3017/3612/6599 3021/3611/6599 730/3647/6599
f 3021/3611/6600 3025/3617/6600 731/3648/6600
f 3025/3617/6601 3008/3604/6601 732/3649/6601
f 3031/3650/6602 3035/3654/6602 3034/3651/6602
f 3032/3653/6603 3036/3656/6603 3035/3654/6603
f 3033/3655/6604 3037/3659/6604 3036/3656/6604
f 3035/3654/6605 3039/3658/6605 3038/3657/6605
f 3036/3656/6606 3040/3660/6606 3039/3658/6606
f 3037/3659/6607 3041/3684/6607 3040/3660/6607
f 3043/3661/6608 3047/3665/6608 3046/3662/6608
f 3043/3661/6609 3044/3666/6609 3048/3664/6609
f 3044/3666/6610 3045/3685/6610 3049/3667/6610
f 3046/3662/6611 3047/3665/6611 3051/3668/6611
f 3047/3665/6612 3048/3664/6612 3052/3670/6612
f 3048/3664/6613 3049/3667/6613 3053/3671/6613
f 3055/3672/6614 3059/3676/6614 3058/3673/6614
f 3056/3675/6615 3060/3678/6615 3059/3676/6615
f 3057/3677/6616 3061/3681/6616 3060/3678/6616
f 3059/3676/6617 3063/3680/6617 3062/3679/6617
f 3060/3678/6618 3064/3682/6618 3063/3680/6618
f 3061/3681/6619 3065/3689/6619 3064/3682/6619
f 3050/3669/6620 3051/3668/6620 3037/3659/6620
f 3051/3668/6621 3052/3670/6621 3041/3684/6621
f 3063/3680/6622 3049/3686/6622 3045/3685/6622
f 3064/3682/6623 3053/3671/6623 3049/3686/6623
f 3039/3658/6624 3061/3681/6624 3057/3687/6624
f 3040/3660/6625 3065/3689/6625 3061/3681/6625
f 3040/3660/6626 3041/3684/6626 3029/3688/6626
f 3052/3670/6627 3053/3671/6627 3029/3688/6627
f 3064/3682/6628 3065/3689/6628 3029/3688/6628
f 301/3690/6629 3030/3652/6629 735/3637/6629
f 300/3691/6630 3031/3650/6630 3030/3652/6630
f 299/3692/6631 3032/3653/6631 3031/3650/6631
f 298/3693/6632 3033/3655/6632 3032/3653/6632
f 3030/3652/6633 3034/3651/6633 734/3694/6633
f 3034/3651/6634 3038/3657/6634 733/3695/6634
f 3038/3657/6635 3057/3687/6635 732/3696/6635
f 358/3697/6636 3042/3663/6636 295/3698/6636
f 359/3700/6637 3043/3661/6637 3042/3663/6637
f 360/3701/6638 3044/3666/6638 3043/3661/6638
f 360/3701/6639 361/3709/6639 3045/3685/6639
f 3042/3663/6640 3046/3662/6640 296/3702/6640
f 3046/3662/6641 3050/3669/6641 297/3703/6641
f 297/3703/6642 3050/3669/6642 3033/3683/6642
f 729/3704/6643 3054/3674/6643 364/3705/6643
f 730/3706/6644 3055/3672/6644 3054/3674/6644
f 731/3648/6645 3056/3675/6645 3055/3672/6645
f 732/3696/6646 3057/3677/6646 3056/3675/6646
f 3054/3674/6647 3058/3673/6647 363/3707/6647
f 3058/3673/6648 3062/3679/6648 362/3708/6648
f 3062/3679/6649 3045/3685/6649 361/3709/6649
f 3068/3710/6650 3072/3714/6650 3071/3711/6650
f 3069/3713/6651 3073/3716/6651 3072/3714/6651
f 3070/3715/6652 3074/3719/6652 3073/3716/6652
f 3072/3714/6653 3076/3718/6653 3075/3717/6653
f 3073/3716/6654 3077/3720/6654 3076/3718/6654
f 3074/3719/6655 3078/3750/6655 3077/3720/6655
f 3080/3721/6656 3084/3725/6656 3083/3722/6656
f 3081/3724/6657 3085/3727/6657 3084/3725/6657
f 3082/3726/6658 3086/3730/6658 3085/3727/6658
f 3084/3725/6659 3088/3729/6659 3087/3728/6659
f 3085/3727/6660 3089/3731/6660 3088/3729/6660
f 3086/3730/6661 3090/3746/6661 3089/3731/6661
f 3092/3732/6662 3096/3736/6662 3095/3733/6662
f 3092/3732/6663 3093/3737/6663 3097/3735/6663
f 3093/3737/6664 3094/3747/6664 3098/3738/6664
f 3095/3733/6665 3096/3736/6665 3100/3739/6665
f 3096/3736/6666 3097/3735/6666 3101/3741/6666
f 3097/3735/6667 3098/3738/6667 3102/3742/6667
f 3088/3729/6668 3074/3719/6668 3070/3743/6668
f 3089/3731/6669 3078/3750/6669 3074/3719/6669
f 3099/3740/6670 3100/3739/6670 3086/3744/6670
f 3100/3739/6671 3101/3741/6671 3090/3746/6671
f 3076/3718/6672 3098/3748/6672 3094/3747/6672
f 3077/3720/6673 3102/3742/6673 3098/3748/6673
f 3077/3720/6674 3078/3750/6674 3066/3749/6674
f 3089/3731/6675 3090/3746/6675 3066/3749/6675
f 3101/3741/6676 3102/3742/6676 3066/3749/6676
f 736/3751/6677 3067/3712/6677 343/2969/6677
f 737/3752/6678 3068/3710/6678 3067/3712/6678
f 738/3753/6679 3069/3713/6679 3068/3710/6679
f 739/3754/6680 3070/3715/6680 3069/3713/6680
f 3067/3712/6681 3071/3711/6681 342/2970/6681
f 3071/3711/6682 3075/3717/6682 341/3755/6682
f 3075/3717/6683 3094/3747/6683 340/2972/6683
f 134/3029/6684 3079/3723/6684 742/3756/6684
f 135/3757/6685 3080/3721/6685 3079/3723/6685
f 136/3758/6686 3081/3724/6686 3080/3721/6686
f 137/3759/6687 3082/3726/6687 3081/3724/6687
f 3079/3723/6688 3083/3722/6688 741/3760/6688
f 3083/3722/6689 3087/3728/6689 740/3761/6689
f 3087/3728/6690 3070/3743/6690 739/3754/6690
f 337/3762/6691 3091/3734/6691 140/3763/6691
f 338/3764/6692 3092/3732/6692 3091/3734/6692
f 339/2980/6693 3093/3737/6693 3092/3732/6693
f 339/2980/6694 340/4996/6694 3094/3747/6694
f 3091/3734/6695 3095/3733/6695 139/3765/6695
f 3095/3733/6696 3099/3740/6696 138/3766/6696
f 138/3766/6697 3099/3740/6697 3082/3745/6697
f 3105/3768/6698 3109/3772/6698 3108/3769/6698
f 3106/3771/6699 3110/3774/6699 3109/3772/6699
f 3107/3773/6700 3111/3777/6700 3110/3774/6700
f 3109/3772/6701 3113/3776/6701 3112/3775/6701
f 3110/3774/6702 3114/3778/6702 3113/3776/6702
f 3111/3777/6703 3115/3805/6703 3114/3778/6703
f 3117/3779/6704 3121/3783/6704 3120/3780/6704
f 3118/3782/6705 3122/3785/6705 3121/3783/6705
f 3119/3784/6706 3123/3788/6706 3122/3785/6706
f 3121/3783/6707 3125/3787/6707 3124/3786/6707
f 3122/3785/6708 3126/3789/6708 3125/3787/6708
f 3123/3788/6709 3127/3806/6709 3126/3789/6709
f 3129/3790/6710 3133/3794/6710 3132/3791/6710
f 3130/3793/6711 3134/3796/6711 3133/3794/6711
f 3131/3795/6712 3135/3799/6712 3134/3796/6712
f 3133/3794/6713 3137/3798/6713 3136/3797/6713
f 3134/3796/6714 3138/3800/6714 3137/3798/6714
f 3135/3799/6715 3139/3804/6715 3138/3800/6715
f 3125/3787/6716 3111/3777/6716 3107/3773/6716
f 3126/3789/6717 3115/3805/6717 3111/3777/6717
f 3137/3798/6718 3123/3802/6718 3119/3801/6718
f 3138/3800/6719 3127/3806/6719 3123/3802/6719
f 3113/3776/2903 3135/3799/2903 3131/3795/2903
f 3114/3778/6720 3139/3804/6720 3135/3799/6720
f 3114/3778/6721 3115/3805/6721 3103/3803/6721
f 3126/3789/6722 3127/3806/6722 3103/3803/6722
f 3138/3800/6723 3139/3804/6723 3103/3803/6723
f 743/454/6724 3104/3770/6724 736/3807/6724
f 744/3808/6725 3105/3768/6725 3104/3770/6725
f 745/460/6726 3106/3771/6726 3105/3768/6726
f 746/461/6727 3107/3773/6727 3106/3771/6727
f 3104/3770/6728 3108/3769/6728 737/3809/6728
f 3108/3769/6729 3112/3775/6729 738/3753/6729
f 3112/3775/6730 3131/3795/6730 739/3810/6730
f 756/3811/6731 3116/3781/6731 749/3812/6731
f 755/3813/6732 3117/3779/6732 3116/3781/6732
f 754/3814/6733 3118/3782/6733 3117/3779/6733
f 753/3815/6734 3119/3784/6734 3118/3782/6734
f 3116/3781/6735 3120/3780/6735 748/447/6735
f 3120/3780/6736 3124/3786/6736 747/448/6736
f 3124/3786/6737 3107/3773/6737 746/449/6737
f 742/3756/6738 3128/3792/6738 750/3816/6738
f 741/3817/6739 3129/3790/6739 3128/3792/6739
f 740/3818/6740 3130/3793/6740 3129/3790/6740
f 739/3819/6741 3131/3795/6741 3130/3793/6741
f 3128/3792/6742 3132/3791/6742 751/3820/6742
f 3132/3791/6743 3136/3797/6743 752/3821/6743
f 3136/3797/6744 3119/3801/6744 753/3822/6744
f 3142/3823/6745 3146/3827/6745 3145/3824/6745
f 3143/3826/6746 3147/3829/6746 3146/3827/6746
f 3144/3828/6747 3148/3832/6747 3147/3829/6747
f 3146/3827/6748 3150/3831/6748 3149/3830/6748
f 3147/3829/6749 3151/3833/6749 3150/3831/6749
f 3148/3832/6750 3152/3857/6750 3151/3833/6750
f 3154/3834/6751 3158/3838/6751 3157/3835/6751
f 3154/3834/6752 3155/3839/6752 3159/3837/6752
f 3155/3839/6753 3156/3874/6753 3160/3840/6753
f 3157/3835/6754 3158/3838/6754 3162/3841/6754
f 3158/3838/6755 3159/3837/6755 3163/3843/6755
f 3159/3837/6756 3160/3840/6756 3164/3844/6756
f 3166/3845/6757 3170/3849/6757 3169/3846/6757
f 3167/3848/6758 3171/3851/6758 3170/3849/6758
f 3168/3850/6759 3172/3854/6759 3171/3851/6759
f 3170/3849/6760 3174/3853/6760 3173/3852/6760
f 3171/3851/6761 3175/3855/6761 3174/3853/6761
f 3172/3854/6762 3176/3862/6762 3175/3855/6762
f 3161/3842/6763 3162/3841/6763 3148/3832/6763
f 3162/3841/6764 3163/3843/6764 3152/3857/6764
f 3174/3853/6765 3160/3859/6765 3156/3858/6765
f 3175/3855/6766 3164/3844/6766 3160/3859/6766
f 3150/3831/6767 3172/3854/6767 3168/3860/6767
f 3151/3833/6768 3176/3862/6768 3172/3854/6768
f 3151/3833/6769 3152/3857/6769 3140/3861/6769
f 3163/3843/6770 3164/3844/6770 3140/3861/6770
f 3175/3855/6771 3176/3862/6771 3140/3861/6771
f 273/3863/6772 3141/3825/6772 756/3864/6772
f 272/3865/6773 3142/3823/6773 3141/3825/6773
f 271/3866/6774 3143/3826/6774 3142/3823/6774
f 270/3867/6775 3144/3828/6775 3143/3826/6775
f 3141/3825/6776 3145/3824/6776 755/3868/6776
f 3145/3824/6777 3149/3830/6777 754/3869/6777
f 3149/3830/6778 3168/3860/6778 753/3870/6778
f 344/3871/6779 3153/3836/6779 267/3872/6779
f 345/3873/6780 3154/3834/6780 3153/3836/6780
f 346/706/6781 3155/3839/6781 3154/3834/6781
f 346/706/6782 347/4997/6782 3156/3874/6782
f 3153/3836/6783 3157/3835/6783 268/3875/6783
f 3157/3835/6784 3161/3842/6784 269/3876/6784
f 269/3876/6785 3161/3842/6785 3144/3856/6785
f 750/3877/6786 3165/3847/6786 350/3878/6786
f 751/3879/6787 3166/3845/6787 3165/3847/6787
f 752/3880/6788 3167/3848/6788 3166/3845/6788
f 753/3881/6789 3168/3850/6789 3167/3848/6789
f 3165/3847/6790 3169/3846/6790 349/3882/6790
f 3169/3846/6791 3173/3852/6791 348/719/6791
f 3173/3852/6792 3156/3858/6792 347/3883/6792
f 3179/3884/6793 3183/3888/6793 3182/3885/6793
f 3180/3887/6794 3184/3890/6794 3183/3888/6794
f 3181/3889/6795 3185/3893/6795 3184/3890/6795
f 3183/3888/6796 3187/3892/6796 3186/3891/6796
f 3184/3890/6797 3188/3894/6797 3187/3892/6797
f 3185/3893/6798 3189/3924/6798 3188/3894/6798
f 3191/3895/6799 3195/3899/6799 3194/3896/6799
f 3192/3898/6800 3196/3901/6800 3195/3899/6800
f 3193/3900/6801 3197/3904/6801 3196/3901/6801
f 3195/3899/6802 3199/3903/6802 3198/3902/6802
f 3196/3901/6803 3200/3905/6803 3199/3903/6803
f 3197/3904/6804 3201/3920/6804 3200/3905/6804
f 3203/3906/6805 3207/3910/6805 3206/3907/6805
f 3203/3906/6806 3204/3911/6806 3208/3909/6806
f 3204/3911/6807 3205/3921/6807 3209/3912/6807
f 3206/3907/6808 3207/3910/6808 3211/3913/6808
f 3207/3910/6809 3208/3909/6809 3212/3915/6809
f 3208/3909/6810 3209/3912/6810 3213/3916/6810
f 3199/3903/6811 3185/3893/6811 3181/3917/6811
f 3200/3905/6812 3189/3924/6812 3185/3893/6812
f 3210/3914/6813 3211/3913/6813 3197/3918/6813
f 3211/3913/6814 3212/3915/6814 3201/3920/6814
f 3187/3892/6815 3209/3922/6815 3205/3921/6815
f 3188/3894/6816 3213/3916/6816 3209/3922/6816
f 3188/3894/6817 3189/3924/6817 3177/3923/6817
f 3200/3905/6818 3201/3920/6818 3177/3923/6818
f 3212/3915/6819 3213/3916/6819 3177/3923/6819
f 757/3925/6820 3178/3886/6820 329/3150/6820
f 758/3926/6821 3179/3884/6821 3178/3886/6821
f 759/3927/6822 3180/3887/6822 3179/3884/6822
f 760/3928/6823 3181/3889/6823 3180/3887/6823
f 3178/3886/6824 3182/3885/6824 328/3151/6824
f 3182/3885/6825 3186/3891/6825 327/3929/6825
f 3186/3891/6826 3205/3921/6826 326/3153/6826
f 120/3930/6827 3190/3897/6827 763/3931/6827
f 121/3932/6828 3191/3895/6828 3190/3897/6828
f 122/3933/6829 3192/3898/6829 3191/3895/6829
f 123/3934/6830 3193/3900/6830 3192/3898/6830
f 3190/3897/6831 3194/3896/6831 762/3935/6831
f 3194/3896/6832 3198/3902/6832 761/3936/6832
f 3198/3902/6833 3181/3917/6833 760/3937/6833
f 323/3156/6834 3202/3908/6834 126/3938/6834
f 324/3939/6835 3203/3906/6835 3202/3908/6835
f 325/3159/6836 3204/3911/6836 3203/3906/6836
f 325/3159/6837 326/4998/6837 3205/3921/6837
f 3202/3908/6838 3206/3907/6838 125/3940/6838
f 3206/3907/6839 3210/3914/6839 124/3941/6839
f 124/3941/6840 3210/3914/6840 3193/3919/6840
f 3216/3942/6841 3220/3946/6841 3219/3943/6841
f 3217/3945/6842 3221/3948/6842 3220/3946/6842
f 3218/3947/6843 3222/3951/6843 3221/3948/6843
f 3220/3946/6844 3224/3950/6844 3223/3949/6844
f 3221/3948/6845 3225/3952/6845 3224/3950/6845
f 3222/3951/6846 3226/3982/6846 3225/3952/6846
f 3228/3953/6847 3232/3957/6847 3231/3954/6847
f 3229/3956/6848 3233/3959/6848 3232/3957/6848
f 3230/3958/6849 3234/3962/6849 3233/3959/6849
f 3232/3957/6850 3236/3961/6850 3235/3960/6850
f 3233/3959/6851 3237/3963/6851 3236/3961/6851
f 3234/3962/6852 3238/3983/6852 3237/3963/6852
f 3240/3964/6853 3244/3968/6853 3243/3965/6853
f 3241/3967/6854 3245/3970/6854 3244/3968/6854
f 3242/3969/3039 3246/3973/3039 3245/3970/3039
f 3244/3968/6855 3248/3972/6855 3247/3971/6855
f 3245/3970/6856 3249/3974/6856 3248/3972/6856
f 3246/3973/6857 3250/3981/6857 3249/3974/6857
f 3236/3961/6858 3222/3976/6858 3218/3975/6858
f 3237/3963/6859 3226/3982/6859 3222/3976/6859
f 3248/3972/6860 3234/3978/6860 3230/3977/6860
f 3249/3974/6861 3238/3983/6861 3234/3978/6861
f 3224/3950/3047 3246/3979/3047 3242/3969/3047
f 3225/3952/6862 3250/3981/6862 3246/3979/6862
f 3225/3952/6863 3226/3982/6863 3214/3980/6863
f 3237/3963/6864 3238/3983/6864 3214/3980/6864
f 3249/3974/6865 3250/3981/6865 3214/3980/6865
f 764/3984/6866 3215/3944/6866 757/3985/6866
f 765/3986/6867 3216/3942/6867 3215/3944/6867
f 766/395/6868 3217/3945/6868 3216/3942/6868
f 767/396/6869 3218/3947/6869 3217/3945/6869
f 3215/3944/6870 3219/3943/6870 758/3987/6870
f 3219/3943/6871 3223/3949/6871 759/3927/6871
f 3223/3949/6872 3242/3969/6872 760/3988/6872
f 777/3989/6873 3227/3955/6873 770/382/6873
f 776/3990/6874 3228/3953/6874 3227/3955/6874
f 775/3991/6875 3229/3956/6875 3228/3953/6875
f 774/3992/6876 3230/3958/6876 3229/3956/6876
f 3227/3955/6877 3231/3954/6877 769/3993/6877
f 3231/3954/6878 3235/3960/6878 768/3994/6878
f 3235/3960/6879 3218/3975/6879 767/386/6879
f 763/3995/6880 3239/3966/6880 771/3996/6880
f 762/3997/6881 3240/3964/6881 3239/3966/6881
f 761/3998/6882 3241/3967/6882 3240/3964/6882
f 760/3988/6883 3242/3969/6883 3241/3967/6883
f 3239/3966/6884 3243/3965/6884 772/3999/6884
f 3243/3965/6885 3247/3971/6885 773/4000/6885
f 3247/3971/6886 3230/3977/6886 774/4001/6886
f 3253/4002/6887 3257/4006/6887 3256/4003/6887
f 3254/4005/6888 3258/4008/6888 3257/4006/6888
f 3255/4007/6889 3259/4011/6889 3258/4008/6889
f 3257/4006/6890 3261/4010/6890 3260/4009/6890
f 3258/4008/6891 3262/4012/6891 3261/4010/6891
f 3259/4011/6892 3263/4036/6892 3262/4012/6892
f 3265/4013/6893 3269/4017/6893 3268/4014/6893
f 3265/4013/6894 3266/4018/6894 3270/4016/6894
f 3266/4018/6895 3267/4053/6895 3271/4019/6895
f 3268/4014/6896 3269/4017/6896 3273/4020/6896
f 3269/4017/6897 3270/4016/6897 3274/4022/6897
f 3270/4016/6898 3271/4019/6898 3275/4023/6898
f 3277/4024/6899 3281/4028/6899 3280/4025/6899
f 3278/4027/6900 3282/4030/6900 3281/4028/6900
f 3279/4029/6901 3283/4033/6901 3282/4030/6901
f 3281/4028/6902 3285/4032/6902 3284/4031/6902
f 3282/4030/6903 3286/4034/6903 3285/4032/6903
f 3283/4033/6904 3287/4042/6904 3286/4034/6904
f 3272/4021/6905 3273/4020/6905 3259/4011/6905
f 3273/4020/6906 3274/4022/6906 3263/4036/6906
f 3285/4032/6907 3271/4038/6907 3267/4037/6907
f 3286/4034/6908 3275/4023/6908 3271/4038/6908
f 3261/4010/6909 3283/4040/6909 3279/4039/6909
f 3262/4012/6910 3287/4042/6910 3283/4040/6910
f 3262/4012/6911 3263/4036/6911 3251/4041/6911
f 3274/4022/6912 3275/4023/6912 3251/4041/6912
f 3286/4034/6913 3287/4042/6913 3251/4041/6913
f 280/4043/6914 3252/4004/6914 777/3989/6914
f 279/4044/6915 3253/4002/6915 3252/4004/6915
f 278/4045/6916 3254/4005/6916 3253/4002/6916
f 277/4046/6917 3255/4007/6917 3254/4005/6917
f 3252/4004/6918 3256/4003/6918 776/4047/6918
f 3256/4003/6919 3260/4009/6919 775/4048/6919
f 3260/4009/6920 3279/4039/6920 774/4049/6920
f 330/4050/6921 3264/4015/6921 274/4051/6921
f 331/959/6922 3265/4013/6922 3264/4015/6922
f 332/4052/6923 3266/4018/6923 3265/4013/6923
f 332/4052/6924 333/4999/6924 3267/4053/6924
f 3264/4015/6925 3268/4014/6925 275/4054/6925
f 3268/4014/6926 3272/4021/6926 276/4055/6926
f 276/4055/6927 3272/4021/6927 3255/4035/6927
f 771/3996/6928 3276/4026/6928 336/969/6928
f 772/4057/6929 3277/4024/6929 3276/4026/6929
f 773/4000/6930 3278/4027/6930 3277/4024/6930
f 774/4049/6931 3279/4029/6931 3278/4027/6931
f 3276/4026/6932 3280/4025/6932 335/4058/6932
f 3280/4025/6933 3284/4031/6933 334/973/6933
f 3284/4031/6934 3267/4037/6934 333/974/6934
f 3290/4059/6935 3294/4063/6935 3293/4060/6935
f 3291/4062/6936 3295/4065/6936 3294/4063/6936
f 3292/4064/6937 3296/4068/6937 3295/4065/6937
f 3294/4063/6938 3298/4067/6938 3297/4066/6938
f 3295/4065/6939 3299/4069/6939 3298/4067/6939
f 3296/4068/6940 3300/4098/6940 3299/4069/6940
f 3302/4070/6941 3306/4074/6941 3305/4071/6941
f 3303/4073/6942 3307/4076/6942 3306/4074/6942
f 3304/4075/6943 3308/4079/6943 3307/4076/6943
f 3306/4074/6944 3310/4078/6944 3309/4077/6944
f 3307/4076/6945 3311/4080/6945 3310/4078/6945
f 3308/4079/6946 3312/4094/6946 3311/4080/6946
f 3314/4081/6947 3318/4085/6947 3317/4082/6947
f 3314/4081/6948 3315/4086/6948 3319/4084/6948
f 3315/4086/6949 3316/4116/6949 3320/4087/6949
f 3317/4082/6950 3318/4085/6950 3322/4088/6950
f 3318/4085/6951 3319/4084/6951 3323/4090/6951
f 3319/4084/6952 3320/4087/6952 3324/4091/6952
f 3310/4078/6953 3296/4093/6953 3292/4092/6953
f 3311/4080/6954 3300/4098/6954 3296/4093/6954
f 3321/4089/6955 3322/4088/6955 3308/4079/6955
f 3322/4088/6956 3323/4090/6956 3312/4094/6956
f 3298/4067/6957 3320/4096/6957 3316/4095/6957
f 3299/4069/6958 3324/4091/6958 3320/4096/6958
f 3299/4069/6959 3300/4098/6959 3288/4097/6959
f 3311/4080/6960 3312/4094/6960 3288/4097/6960
f 3323/4090/6961 3324/4091/6961 3288/4097/6961
f 778/4099/6962 3289/4061/6962 71/4100/6962
f 779/4101/6963 3290/4059/6963 3289/4061/6963
f 780/4102/6964 3291/4062/6964 3290/4059/6964
f 781/4103/6965 3292/4064/6965 3291/4062/6965
f 3289/4061/6966 3293/4060/6966 72/4104/6966
f 3293/4060/6967 3297/4066/6967 73/4105/6967
f 3297/4066/6968 3316/4095/6968 74/4106/6968
f 106/4107/6969 3301/4072/6969 784/4108/6969
f 107/650/6970 3302/4070/6970 3301/4072/6970
f 108/4109/6971 3303/4073/6971 3302/4070/6971
f 109/4110/6972 3304/4075/6972 3303/4073/6972
f 3301/4072/6973 3305/4071/6973 783/4111/6973
f 3305/4071/6974 3309/4077/6974 782/4112/6974
f 3309/4077/6975 3292/4092/6975 781/4103/6975
f 77/4113/6976 3313/4083/6976 112/635/6976
f 76/4114/6977 3314/4081/6977 3313/4083/6977
f 75/4115/6978 3315/4086/6978 3314/4081/6978
f 75/4115/6979 74/5000/6979 3316/4116/6979
f 3313/4083/6980 3317/4082/6980 111/638/6980
f 3317/4082/6981 3321/4089/6981 110/639/6981
f 110/639/6982 3321/4089/6982 3304/4075/6982
f 3327/4118/6983 3331/4122/6983 3330/4119/6983
f 3328/4121/6984 3332/4124/6984 3331/4122/6984
f 3329/4123/6985 3333/4127/6985 3332/4124/6985
f 3331/4122/6986 3335/4126/6986 3334/4125/6986
f 3332/4124/6987 3336/4128/6987 3335/4126/6987
f 3333/4127/6988 3337/4157/6988 3336/4128/6988
f 3339/4129/6989 3343/4133/6989 3342/4130/6989
f 3340/4132/6990 3344/4135/6990 3343/4133/6990
f 3341/4134/3177 3345/4138/3177 3344/4135/3177
f 3343/4133/6991 3347/4137/6991 3346/4136/6991
f 3344/4135/6992 3348/4139/6992 3347/4137/6992
f 3345/4138/6993 3349/4158/6993 3348/4139/6993
f 3351/4140/6994 3355/4144/6994 3354/4141/6994
f 3352/4143/6995 3356/4146/6995 3355/4144/6995
f 3353/4145/6996 3357/4149/6996 3356/4146/6996
f 3355/4144/6997 3359/4148/6997 3358/4147/6997
f 3356/4146/6998 3360/4150/6998 3359/4148/6998
f 3357/4149/6999 3361/4156/6999 3360/4150/6999
f 3347/4137/7000 3333/4151/7000 3329/4123/7000
f 3348/4139/7001 3337/4157/7001 3333/4151/7001
f 3359/4148/7002 3345/4153/7002 3341/4152/7002
f 3360/4150/7003 3349/4158/7003 3345/4153/7003
f 3335/4126/3191 3357/4149/3191 3353/4154/3191
f 3336/4128/7004 3361/4156/7004 3357/4149/7004
f 3336/4128/7005 3337/4157/7005 3325/4155/7005
f 3348/4139/7006 3349/4158/7006 3325/4155/7006
f 3360/4150/7007 3361/4156/7007 3325/4155/7007
f 785/4159/7008 3326/4120/7008 778/4160/7008
f 786/4161/7009 3327/4118/7009 3326/4120/7009
f 787/4162/7010 3328/4121/7010 3327/4118/7010
f 788/4163/7011 3329/4123/7011 3328/4121/7011
f 3326/4120/7012 3330/4119/7012 779/4164/7012
f 3330/4119/7013 3334/4125/7013 780/4165/7013
f 3334/4125/7014 3353/4154/7014 781/4103/7014
f 798/4166/7015 3338/4131/7015 791/4167/7015
f 797/4168/7016 3339/4129/7016 3338/4131/7016
f 796/4169/7017 3340/4132/7017 3339/4129/7017
f 795/4170/7018 3341/4134/7018 3340/4132/7018
f 3338/4131/7019 3342/4130/7019 790/321/7019
f 3342/4130/7020 3346/4136/7020 789/4171/7020
f 3346/4136/7021 3329/4123/7021 788/4172/7021
f 784/4173/7022 3350/4142/7022 792/4174/7022
f 783/4175/7023 3351/4140/7023 3350/4142/7023
f 782/4176/7024 3352/4143/7024 3351/4140/7024
f 781/4177/7025 3353/4145/7025 3352/4143/7025
f 3350/4142/7026 3354/4141/7026 793/4178/7026
f 3354/4141/7027 3358/4147/7027 794/4179/7027
f 3358/4147/7028 3341/4152/7028 795/4180/7028
f 3364/4181/7029 3368/4185/7029 3367/4182/7029
f 3365/4184/7030 3369/4187/7030 3368/4185/7030
f 3366/4186/7031 3370/4190/7031 3369/4187/7031
f 3368/4185/7032 3372/4189/7032 3371/4188/7032
f 3369/4187/7033 3373/4191/7033 3372/4189/7033
f 3370/4190/7034 3374/4216/7034 3373/4191/7034
f 3376/4192/7035 3380/4196/7035 3379/4193/7035
f 3376/4192/7036 3377/4197/7036 3381/4195/7036
f 3377/4197/7037 3378/4217/7037 3382/4198/7037
f 3379/4193/7038 3380/4196/7038 3384/4199/7038
f 3380/4196/7039 3381/4195/7039 3385/4201/7039
f 3381/4195/7040 3382/4198/7040 3386/4202/7040
f 3388/4203/7041 3392/4207/7041 3391/4204/7041
f 3389/4206/7042 3393/4209/7042 3392/4207/7042
f 3390/4208/7043 3394/4212/7043 3393/4209/7043
f 3392/4207/7044 3396/4211/7044 3395/4210/7044
f 3393/4209/7045 3397/4213/7045 3396/4211/7045
f 3394/4212/7046 3398/4221/7046 3397/4213/7046
f 3383/4200/7047 3384/4199/7047 3370/4214/7047
f 3384/4199/7048 3385/4201/7048 3374/4216/7048
f 3396/4211/7049 3382/4218/7049 3378/4217/7049
f 3397/4213/7050 3386/4202/7050 3382/4218/7050
f 3372/4189/7051 3394/4212/7051 3390/4219/7051
f 3373/4191/7052 3398/4221/7052 3394/4212/7052
f 3373/4191/7053 3374/4216/7053 3362/4220/7053
f 3385/4201/7054 3386/4202/7054 3362/4220/7054
f 3397/4213/7055 3398/4221/7055 3362/4220/7055
f 308/4222/7056 3363/4183/7056 798/4166/7056
f 307/4223/7057 3364/4181/7057 3363/4183/7057
f 306/4224/7058 3365/4184/7058 3364/4181/7058
f 305/4225/7059 3366/4186/7059 3365/4184/7059
f 3363/4183/7060 3367/4182/7060 797/4226/7060
f 3367/4182/7061 3371/4188/7061 796/4227/7061
f 3371/4188/7062 3390/4219/7062 795/4228/7062
f 316/4229/7063 3375/4194/7063 302/4230/7063
f 317/4231/7064 3376/4192/7064 3375/4194/7064
f 318/4232/7065 3377/4197/7065 3376/4192/7065
f 318/4232/7066 319/5001/7066 3378/4217/7066
f 3375/4194/7067 3379/4193/7067 303/4233/7067
f 3379/4193/7068 3383/4200/7068 304/4234/7068
f 304/4234/7069 3383/4200/7069 3366/4215/7069
f 792/4236/7070 3387/4205/7070 322/4237/7070
f 793/4238/7071 3388/4203/7071 3387/4205/7071
f 794/4239/7072 3389/4206/7072 3388/4203/7072
f 795/4228/7073 3390/4208/7073 3389/4206/7073
f 3387/4205/7074 3391/4204/7074 321/3327/7074
f 3391/4204/7075 3395/4210/7075 320/3328/7075
f 3395/4210/7076 3378/4217/7076 319/4240/7076
f 3401/4241/7077 3405/4245/7077 3404/4242/7077
f 3402/4244/7078 3406/4247/7078 3405/4245/7078
f 3403/4246/7079 3407/4250/7079 3406/4247/7079
f 3405/4245/7080 3409/4249/7080 3408/4248/7080
f 3406/4247/7081 3410/4251/7081 3409/4249/7081
f 3407/4250/7082 3411/4280/7082 3410/4251/7082
f 3413/4252/7083 3417/4256/7083 3416/4253/7083
f 3414/4255/7084 3418/4258/7084 3417/4256/7084
f 3415/4257/7085 3419/4261/7085 3418/4258/7085
f 3417/4256/7086 3421/4260/7086 3420/4259/7086
f 3418/4258/7087 3422/4262/7087 3421/4260/7087
f 3419/4261/7088 3423/4276/7088 3422/4262/7088
f 3425/4263/7089 3429/4267/7089 3428/4264/7089
f 3425/4263/7090 3426/4268/7090 3430/4266/7090
f 3426/4268/7091 3427/4300/7091 3431/4269/7091
f 3428/4264/7092 3429/4267/7092 3433/4270/7092
f 3429/4267/7093 3430/4266/7093 3434/4272/7093
f 3430/4266/7094 3431/4269/7094 3435/4273/7094
f 3421/4260/7095 3407/4275/7095 3403/4274/7095
f 3422/4262/7096 3411/4280/7096 3407/4275/7096
f 3432/4271/7097 3433/4270/7097 3419/4261/7097
f 3433/4270/7098 3434/4272/7098 3423/4276/7098
f 3409/4249/7099 3431/4278/7099 3427/4277/7099
f 3410/4251/7100 3435/4273/7100 3431/4278/7100
f 3410/4251/7101 3411/4280/7101 3399/4279/7101
f 3422/4262/7102 3423/4276/7102 3399/4279/7102
f 3434/4272/7103 3435/4273/7103 3399/4279/7103
f 799/4281/7104 3400/4243/7104 308/4282/7104
f 800/4283/7105 3401/4241/7105 3400/4243/7105
f 801/4284/7106 3402/4244/7106 3401/4241/7106
f 802/4285/7107 3403/4246/7107 3402/4244/7107
f 3400/4243/7108 3404/4242/7108 307/4286/7108
f 3404/4242/7109 3408/4248/7109 306/4287/7109
f 3408/4248/7110 3427/4277/7110 305/4288/7110
f 99/4289/7111 3412/4254/7111 805/4290/7111
f 100/583/7112 3413/4252/7112 3412/4254/7112
f 101/4291/7113 3414/4255/7113 3413/4252/7113
f 102/4292/7114 3415/4257/7114 3414/4255/7114
f 3412/4254/7115 3416/4253/7115 804/4293/7115
f 3416/4253/7116 3420/4259/7116 803/4294/7116
f 3420/4259/7117 3403/4274/7117 802/4295/7117
f 302/4296/7118 3424/4265/7118 105/4297/7118
f 303/4298/7119 3425/4263/7119 3424/4265/7119
f 304/4299/7120 3426/4268/7120 3425/4263/7120
f 304/4299/7121 305/5002/7121 3427/4300/7121
f 3424/4265/7122 3428/4264/7122 104/4301/7122
f 3428/4264/7123 3432/4271/7123 103/573/7123
f 103/573/7124 3432/4271/7124 3415/4257/7124
f 3438/4302/7125 3442/4306/7125 3441/4303/7125
f 3439/4305/7126 3443/4308/7126 3442/4306/7126
f 3440/4307/7127 3444/4311/7127 3443/4308/7127
f 3442/4306/7128 3446/4310/7128 3445/4309/7128
f 3443/4308/7129 3447/4312/7129 3446/4310/7129
f 3444/4311/7130 3448/4342/7130 3447/4312/7130
f 3450/4313/7131 3454/4317/7131 3453/4314/7131
f 3451/4316/7132 3455/4319/7132 3454/4317/7132
f 3452/4318/7133 3456/4322/7133 3455/4319/7133
f 3454/4317/7134 3458/4321/7134 3457/4320/7134
f 3455/4319/7135 3459/4323/7135 3458/4321/7135
f 3456/4322/7136 3460/4343/7136 3459/4323/7136
f 3462/4324/7137 3466/4328/7137 3465/4325/7137
f 3463/4327/7138 3467/4330/7138 3466/4328/7138
f 3464/4329/3327 3468/4333/3327 3467/4330/3327
f 3466/4328/7139 3470/4332/7139 3469/4331/7139
f 3467/4330/7140 3471/4334/7140 3470/4332/7140
f 3468/4333/7141 3472/4341/7141 3471/4334/7141
f 3458/4321/7142 3444/4336/7142 3440/4335/7142
f 3459/4323/7143 3448/4342/7143 3444/4336/7143
f 3470/4332/7144 3456/4322/7144 3452/4337/7144
f 3471/4334/7145 3460/4343/7145 3456/4322/7145
f 3446/4310/3335 3468/4339/3335 3464/4338/3335
f 3447/4312/7146 3472/4341/7146 3468/4339/7146
f 3447/4312/7147 3448/4342/7147 3436/4340/7147
f 3459/4323/7148 3460/4343/7148 3436/4340/7148
f 3471/4334/7149 3472/4341/7149 3436/4340/7149
f 806/4344/7150 3437/4304/7150 799/4281/7150
f 807/4345/7151 3438/4302/7151 3437/4304/7151
f 808/4346/7152 3439/4305/7152 3438/4302/7152
f 809/266/7153 3440/4307/7153 3439/4305/7153
f 3437/4304/7154 3441/4303/7154 800/4347/7154
f 3441/4303/7155 3445/4309/7155 801/4348/7155
f 3445/4309/7156 3464/4338/7156 802/4295/7156
f 819/4349/7157 3449/4315/7157 812/4350/7157
f 818/4351/7158 3450/4313/7158 3449/4315/7158
f 817/4352/7159 3451/4316/7159 3450/4313/7159
f 816/4353/7160 3452/4318/7160 3451/4316/7160
f 3449/4315/7161 3453/4314/7161 811/4354/7161
f 3453/4314/7162 3457/4320/7162 810/4355/7162
f 3457/4320/7163 3440/4335/7163 809/4356/7163
f 805/4357/7164 3461/4326/7164 813/4358/7164
f 804/4359/7165 3462/4324/7165 3461/4326/7165
f 803/4360/7166 3463/4327/7166 3462/4324/7166
f 802/4295/7167 3464/4329/7167 3463/4327/7167
f 3461/4326/7168 3465/4325/7168 814/4361/7168
f 3465/4325/7169 3469/4331/7169 815/4362/7169
f 3469/4331/7170 3452/4337/7170 816/4353/7170
f 3475/4363/7171 3479/4367/7171 3478/4364/7171
f 3476/4366/7172 3480/4369/7172 3479/4367/7172
f 3477/4368/7173 3481/4372/7173 3480/4369/7173
f 3479/4367/7174 3483/4371/7174 3482/4370/7174
f 3480/4369/7175 3484/4373/7175 3483/4371/7175
f 3481/4372/7176 3485/4398/7176 3484/4373/7176
f 3487/4374/7177 3491/4378/7177 3490/4375/7177
f 3487/4374/7178 3488/4379/7178 3492/4377/7178
f 3488/4379/7179 3489/4399/7179 3493/4380/7179
f 3490/4375/7180 3491/4378/7180 3495/4381/7180
f 3491/4378/7181 3492/4377/7181 3496/4383/7181
f 3492/4377/7182 3493/4380/7182 3497/4384/7182
f 3499/4385/7183 3503/4389/7183 3502/4386/7183
f 3500/4388/7184 3504/4391/7184 3503/4389/7184
f 3501/4390/7185 3505/4394/7185 3504/4391/7185
f 3503/4389/7186 3507/4393/7186 3506/4392/7186
f 3504/4391/7187 3508/4395/7187 3507/4393/7187
f 3505/4394/7188 3509/4403/7188 3508/4395/7188
f 3494/4382/7189 3495/4381/7189 3481/4396/7189
f 3495/4381/7190 3496/4383/7190 3485/4398/7190
f 3507/4393/7191 3493/4400/7191 3489/4399/7191
f 3508/4395/7192 3497/4384/7192 3493/4400/7192
f 3483/4371/7193 3505/4394/7193 3501/4401/7193
f 3484/4373/7194 3509/4403/7194 3505/4394/7194
f 3484/4373/7195 3485/4398/7195 3473/4402/7195
f 3496/4383/7196 3497/4384/7196 3473/4402/7196
f 3508/4395/7197 3509/4403/7197 3473/4402/7197
f 294/4404/7198 3474/4365/7198 819/4349/7198
f 293/4405/7199 3475/4363/7199 3474/4365/7199
f 292/4406/7200 3476/4366/7200 3475/4363/7200
f 291/4407/7201 3477/4368/7201 3476/4366/7201
f 3474/4365/7202 3478/4364/7202 818/4351/7202
f 3478/4364/7203 3482/4370/7203 817/4408/7203
f 3482/4370/7204 3501/4401/7204 816/4409/7204
f 309/4410/7205 3486/4376/7205 288/4411/7205
f 310/3519/7206 3487/4374/7206 3486/4376/7206
f 311/4412/7207 3488/4379/7207 3487/4374/7207
f 311/4412/7208 312/5003/7208 3489/4399/7208
f 3486/4376/7209 3490/4375/7209 289/4413/7209
f 3490/4375/7210 3494/4382/7210 290/4414/7210
f 290/4414/7211 3494/4382/7211 3477/4397/7211
f 813/4358/7212 3498/4387/7212 315/4416/7212
f 814/4417/7213 3499/4385/7213 3498/4387/7213
f 815/4418/7214 3500/4388/7214 3499/4385/7214
f 816/4419/7215 3501/4390/7215 3500/4388/7215
f 3498/4387/7216 3502/4386/7216 314/4420/7216
f 3502/4386/7217 3506/4392/7217 313/4421/7217
f 3506/4392/7218 3489/4399/7218 312/3512/7218
f 3512/4422/7219 3516/4426/7219 3515/4423/7219
f 3513/4425/7220 3517/4428/7220 3516/4426/7220
f 3514/4427/7221 3518/4431/7221 3517/4428/7221
f 3516/4426/7222 3520/4430/7222 3519/4429/7222
f 3517/4428/7223 3521/4432/7223 3520/4430/7223
f 3518/4431/7224 3522/4463/7224 3521/4432/7224
f 3524/4433/7225 3528/4437/7225 3527/4434/7225
f 3525/4436/7226 3529/4439/7226 3528/4437/7226
f 3526/4438/7227 3530/4442/7227 3529/4439/7227
f 3528/4437/7228 3532/4441/7228 3531/4440/7228
f 3529/4439/7229 3533/4443/7229 3532/4441/7229
f 3530/4442/7230 3534/4459/7230 3533/4443/7230
f 3536/4444/7231 3540/4448/7231 3539/4445/7231
f 3536/4444/7232 3537/4449/7232 3541/4447/7232
f 3537/4449/7233 3538/4484/7233 3542/4450/7233
f 3539/4445/7234 3540/4448/7234 3544/4451/7234
f 3540/4448/7235 3541/4447/7235 3545/4453/7235
f 3541/4447/7236 3542/4450/7236 3546/4454/7236
f 3532/4441/7237 3518/4456/7237 3514/4455/7237
f 3533/4443/7238 3522/4463/7238 3518/4456/7238
f 3543/4452/7239 3544/4451/7239 3530/4457/7239
f 3544/4451/7240 3545/4453/7240 3534/4459/7240
f 3520/4430/7241 3542/4461/7241 3538/4460/7241
f 3521/4432/7242 3546/4454/7242 3542/4461/7242
f 3521/4432/7243 3522/4463/7243 3510/4462/7243
f 3533/4443/7244 3534/4459/7244 3510/4462/7244
f 3545/4453/7245 3546/4454/7245 3510/4462/7245
f 820/4464/7246 3511/4424/7246 294/4465/7246
f 821/4466/7247 3512/4422/7247 3511/4424/7247
f 822/4467/7248 3513/4425/7248 3512/4422/7248
f 823/4468/7249 3514/4427/7249 3513/4425/7249
f 3511/4424/7250 3515/4423/7250 293/4469/7250
f 3515/4423/7251 3519/4429/7251 292/4470/7251
f 3519/4429/7252 3538/4460/7252 291/4471/7252
f 85/4472/7253 3523/4435/7253 826/4473/7253
f 86/4474/7254 3524/4433/7254 3523/4435/7254
f 87/4475/7255 3525/4436/7255 3524/4433/7255
f 88/4476/7256 3526/4438/7256 3525/4436/7256
f 3523/4435/7257 3527/4434/7257 825/4477/7257
f 3527/4434/7258 3531/4440/7258 824/4478/7258
f 3531/4440/7259 3514/4455/7259 823/4479/7259
f 288/4480/7260 3535/4446/7260 91/4481/7260
f 289/4482/7261 3536/4444/7261 3535/4446/7261
f 290/4483/7262 3537/4449/7262 3536/4444/7262
f 290/4483/7263 291/5004/7263 3538/4484/7263
f 3535/4446/7264 3539/4445/7264 90/4485/7264
f 3539/4445/7265 3543/4452/7265 89/507/7265
f 89/507/7266 3543/4452/7266 3526/4458/7266
f 3549/4486/7267 3553/4490/7267 3552/4487/7267
f 3550/4489/7268 3554/4492/7268 3553/4490/7268
f 3551/4491/7269 3555/4495/7269 3554/4492/7269
f 3553/4490/7270 3557/4494/7270 3556/4493/7270
f 3554/4492/7271 3558/4496/7271 3557/4494/7271
f 3555/4495/7272 3559/4525/7272 3558/4496/7272
f 3561/4497/7273 3565/4501/7273 3564/4498/7273
f 3562/4500/7274 3566/4503/7274 3565/4501/7274
f 3563/4502/3465 3567/4506/3465 3566/4503/3465
f 3565/4501/7275 3569/4505/7275 3568/4504/7275
f 3566/4503/7276 3570/4507/7276 3569/4505/7276
f 3567/4506/7277 3571/4526/7277 3570/4507/7277
f 3573/4508/7278 3577/4512/7278 3576/4509/7278
f 3574/4511/7279 3578/4514/7279 3577/4512/7279
f 3575/4513/7280 3579/4517/7280 3578/4514/7280
f 3577/4512/7281 3581/4516/7281 3580/4515/7281
f 3578/4514/7282 3582/4518/7282 3581/4516/7282
f 3579/4517/7283 3583/4524/7283 3582/4518/7283
f 3569/4505/7284 3555/4519/7284 3551/4491/7284
f 3570/4507/7285 3559/4525/7285 3555/4519/7285
f 3581/4516/3477 3567/4506/3477 3563/4520/3477
f 3582/4518/7286 3571/4526/7286 3567/4506/7286
f 3557/4494/7287 3579/4522/7287 3575/4521/7287
f 3558/4496/7288 3583/4524/7288 3579/4522/7288
f 3558/4496/7289 3559/4525/7289 3547/4523/7289
f 3570/4507/7290 3571/4526/7290 3547/4523/7290
f 3582/4518/7291 3583/4524/7291 3547/4523/7291
f 827/4527/7292 3548/4488/7292 820/4464/7292
f 828/4528/7293 3549/4486/7293 3548/4488/7293
f 829/4529/7294 3550/4489/7294 3549/4486/7294
f 830/200/7295 3551/4491/7295 3550/4489/7295
f 3548/4488/7296 3552/4487/7296 821/4530/7296
f 3552/4487/7297 3556/4493/7297 822/4467/7297
f 3556/4493/7298 3575/4521/7298 823/4531/7298
f 840/4532/7299 3560/4499/7299 833/4533/7299
f 839/4534/7300 3561/4497/7300 3560/4499/7300
f 838/4535/7301 3562/4500/7301 3561/4497/7301
f 837/4536/7302 3563/4502/7302 3562/4500/7302
f 3560/4499/7303 3564/4498/7303 832/4537/7303
f 3564/4498/7304 3568/4504/7304 831/4538/7304
f 3568/4504/7305 3551/4491/7305 830/4539/7305
f 826/4540/7306 3572/4510/7306 834/4541/7306
f 825/4542/7307 3573/4508/7307 3572/4510/7307
f 824/4543/7308 3574/4511/7308 3573/4508/7308
f 823/4531/7309 3575/4513/7309 3574/4511/7309
f 3572/4510/7310 3576/4509/7310 835/4544/7310
f 3576/4509/7311 3580/4515/7311 836/4545/7311
f 3580/4515/7312 3563/4520/7312 837/4546/7312
f 3586/4547/7313 3590/4551/7313 3589/4548/7313
f 3587/4550/7314 3591/4553/7314 3590/4551/7314
f 3588/4552/7315 3592/4556/7315 3591/4553/7315
f 3590/4551/7316 3594/4555/7316 3593/4554/7316
f 3591/4553/7317 3595/4557/7317 3594/4555/7317
f 3592/4556/7318 3596/4582/7318 3595/4557/7318
f 3598/4558/7319 3602/4562/7319 3601/4559/7319
f 3598/4558/7320 3599/4563/7320 3603/4561/7320
f 3599/4563/7321 3600/4599/7321 3604/4564/7321
f 3601/4559/7322 3602/4562/7322 3606/4565/7322
f 3602/4562/7323 3603/4561/7323 3607/4567/7323
f 3603/4561/7324 3604/4564/7324 3608/4568/7324
f 3610/4569/7325 3614/4573/7325 3613/4570/7325
f 3611/4572/7326 3615/4575/7326 3614/4573/7326
f 3612/4574/7327 3616/4578/7327 3615/4575/7327
f 3614/4573/7328 3618/4577/7328 3617/4576/7328
f 3615/4575/7329 3619/4579/7329 3618/4577/7329
f 3616/4578/7330 3620/4587/7330 3619/4579/7330
f 3605/4566/7331 3606/4565/7331 3592/4580/7331
f 3606/4565/7332 3607/4567/7332 3596/4582/7332
f 3618/4577/7333 3604/4584/7333 3600/4583/7333
f 3619/4579/7334 3608/4568/7334 3604/4584/7334
f 3594/4555/7335 3616/4578/7335 3612/4585/7335
f 3595/4557/7336 3620/4587/7336 3616/4578/7336
f 3595/4557/7337 3596/4582/7337 3584/4586/7337
f 3607/4567/7338 3608/4568/7338 3584/4586/7338
f 3619/4579/7339 3620/4587/7339 3584/4586/7339
f 259/4588/7340 3585/4549/7340 840/4589/7340
f 258/4590/7341 3586/4547/7341 3585/4549/7341
f 257/4591/7342 3587/4550/7342 3586/4547/7342
f 256/4592/7343 3588/4552/7343 3587/4550/7343
f 3585/4549/7344 3589/4548/7344 839/4534/7344
f 3589/4548/7345 3593/4554/7345 838/4593/7345
f 3593/4554/7346 3612/4585/7346 837/4594/7346
f 295/4595/7347 3597/4560/7347 253/4596/7347
f 296/4597/7348 3598/4558/7348 3597/4560/7348
f 297/4598/7349 3599/4563/7349 3598/4558/7349
f 297/4598/7350 298/5005/7350 3600/4599/7350
f 3597/4560/7351 3601/4559/7351 254/4600/7351
f 3601/4559/7352 3605/4566/7352 255/4601/7352
f 255/4601/7353 3605/4566/7353 3588/4581/7353
f 834/4603/7354 3609/4571/7354 301/4604/7354
f 835/4605/7355 3610/4569/7355 3609/4571/7355
f 836/4606/7356 3611/4572/7356 3610/4569/7356
f 837/4594/7357 3612/4574/7357 3611/4572/7357
f 3609/4571/7358 3613/4570/7358 300/3691/7358
f 3613/4570/7359 3617/4576/7359 299/3692/7359
f 3617/4576/7360 3600/4583/7360 298/4607/7360
f 3623/4608/7361 3627/4612/7361 3626/4609/7361
f 3624/4611/7362 3628/4614/7362 3627/4612/7362
f 3625/4613/7363 3629/4617/7363 3628/4614/7363
f 3627/4612/7364 3631/4616/7364 3630/4615/7364
f 3628/4614/7365 3632/4618/7365 3631/4616/7365
f 3629/4617/7366 3633/4649/7366 3632/4618/7366
f 3635/4619/7367 3639/4623/7367 3638/4620/7367
f 3636/4622/7368 3640/4625/7368 3639/4623/7368
f 3637/4624/7369 3641/4628/7369 3640/4625/7369
f 3639/4623/7370 3643/4627/7370 3642/4626/7370
f 3640/4625/7371 3644/4629/7371 3643/4627/7371
f 3641/4628/7372 3645/4645/7372 3644/4629/7372
f 3647/4630/7373 3651/4634/7373 3650/4631/7373
f 3647/4630/7374 3648/4635/7374 3652/4633/7374
f 3648/4635/7375 3649/4669/7375 3653/4636/7375
f 3650/4631/7376 3651/4634/7376 3655/4637/7376
f 3651/4634/7377 3652/4633/7377 3656/4639/7377
f 3652/4633/7378 3653/4636/7378 3657/4640/7378
f 3643/4627/7379 3629/4642/7379 3625/4641/7379
f 3644/4629/7380 3633/4649/7380 3629/4642/7380
f 3654/4638/7381 3655/4637/7381 3641/4643/7381
f 3655/4637/7382 3656/4639/7382 3645/4645/7382
f 3631/4616/7383 3653/4647/7383 3649/4646/7383
f 3632/4618/7384 3657/4640/7384 3653/4647/7384
f 3632/4618/7385 3633/4649/7385 3621/4648/7385
f 3644/4629/7386 3645/4645/7386 3621/4648/7386
f 3656/4639/7387 3657/4640/7387 3621/4648/7387
f 841/4650/7388 3622/4610/7388 280/4651/7388
f 842/4652/7389 3623/4608/7389 3622/4610/7389
f 843/4653/7390 3624/4611/7390 3623/4608/7390
f 844/4654/7391 3625/4613/7391 3624/4611/7391
f 3622/4610/7392 3626/4609/7392 279/4044/7392
f 3626/4609/7393 3630/4615/7393 278/4655/7393
f 3630/4615/7394 3649/4646/7394 277/4656/7394
f 71/4657/7395 3634/4621/7395 847/4658/7395
f 72/4660/7396 3635/4619/7396 3634/4621/7396
f 73/4661/7397 3636/4622/7397 3635/4619/7397
f 74/4662/7398 3637/4624/7398 3636/4622/7398
f 3634/4621/7399 3638/4620/7399 846/4663/7399
f 3638/4620/7400 3642/4626/7400 845/4664/7400
f 3642/4626/7401 3625/4641/7401 844/4665/7401
f 274/4666/7402 3646/4632/7402 77/4667/7402
f 275/4054/7403 3647/4630/7403 3646/4632/7403
f 276/4668/7404 3648/4635/7404 3647/4630/7404
f 276/4668/7405 277/5006/7405 3649/4669/7405
f 3646/4632/7406 3650/4631/7406 76/4670/7406
f 3650/4631/7407 3654/4638/7407 75/4671/7407
f 75/4671/7408 3654/4638/7408 3637/4644/7408
f 3660/4673/7409 3664/4677/7409 3663/4674/7409
f 3661/4676/7410 3665/4679/7410 3664/4677/7410
f 3662/4678/3603 3666/4682/3603 3665/4679/3603
f 3664/4677/7411 3668/4681/7411 3667/4680/7411
f 3665/4679/7412 3669/4683/7412 3668/4681/7412
f 3666/4682/7413 3670/4712/7413 3669/4683/7413
f 3672/4684/7414 3676/4688/7414 3675/4685/7414
f 3673/4687/7415 3677/4690/7415 3676/4688/7415
f 3674/4689/7416 3678/4693/7416 3677/4690/7416
f 3676/4688/7417 3680/4692/7417 3679/4691/7417
f 3677/4690/7418 3681/4694/7418 3680/4692/7418
f 3678/4693/7419 3682/4713/7419 3681/4694/7419
f 3684/4695/7420 3688/4699/7420 3687/4696/7420
f 3685/4698/7421 3689/4701/7421 3688/4699/7421
f 3686/4700/7422 3690/4704/7422 3689/4701/7422
f 3688/4699/7423 3692/4703/7423 3691/4702/7423
f 3689/4701/7424 3693/4705/7424 3692/4703/7424
f 3690/4704/7425 3694/4711/7425 3693/4705/7425
f 3680/4692/7426 3666/4706/7426 3662/4678/7426
f 3681/4694/7427 3670/4712/7427 3666/4706/7427
f 3692/4703/7428 3678/4707/7428 3674/4689/7428
f 3693/4705/7429 3682/4713/7429 3678/4707/7429
f 3668/4681/3623 3690/4709/3623 3686/4708/3623
f 3669/4683/7430 3694/4711/7430 3690/4709/7430
f 3669/4683/7431 3670/4712/7431 3658/4710/7431
f 3681/4694/7432 3682/4713/7432 3658/4710/7432
f 3693/4705/7433 3694/4711/7433 3658/4710/7433
f 848/4714/7434 3659/4675/7434 841/4715/7434
f 849/4716/7435 3660/4673/7435 3659/4675/7435
f 850/132/7436 3661/4676/7436 3660/4673/7436
f 851/4717/7437 3662/4678/7437 3661/4676/7437
f 3659/4675/7438 3663/4674/7438 842/4718/7438
f 3663/4674/7439 3667/4680/7439 843/4719/7439
f 3667/4680/7440 3686/4708/7440 844/4654/7440
f 861/4720/7441 3671/4686/7441 854/117/7441
f 860/4721/7442 3672/4684/7442 3671/4686/7442
f 859/4722/7443 3673/4687/7443 3672/4684/7443
f 858/4723/7444 3674/4689/7444 3673/4687/7444
f 3671/4686/7445 3675/4685/7445 853/4724/7445
f 3675/4685/7446 3679/4691/7446 852/4725/7446
f 3679/4691/7447 3662/4678/7447 851/122/7447
f 847/4726/7448 3683/4697/7448 855/4727/7448
f 846/4728/7449 3684/4695/7449 3683/4697/7449
f 845/4664/7450 3685/4698/7450 3684/4695/7450
f 844/4729/7451 3686/4700/7451 3685/4698/7451
f 3683/4697/7452 3687/4696/7452 856/4730/7452
f 3687/4696/7453 3691/4702/7453 857/4731/7453
f 3691/4702/7454 3674/4689/7454 858/4723/7454
f 3697/4732/7455 3701/4736/7455 3700/4733/7455
f 3698/4735/7456 3702/4738/7456 3701/4736/7456
f 3699/4737/7457 3703/4741/7457 3702/4738/7457
f 3701/4736/7458 3705/4740/7458 3704/4739/7458
f 3702/4738/7459 3706/4742/7459 3705/4740/7459
f 3703/4741/7460 3707/4766/7460 3706/4742/7460
f 3709/4743/7461 3713/4747/7461 3712/4744/7461
f 3709/4743/7462 3710/4748/7462 3714/4746/7462
f 3710/4748/7463 3711/4785/7463 3715/4749/7463
f 3712/4744/7464 3713/4747/7464 3717/4750/7464
f 3713/4747/7465 3714/4746/7465 3718/4752/7465
f 3714/4746/7466 3715/4749/7466 3719/4753/7466
f 3721/4754/7467 3725/4758/7467 3724/4755/7467
f 3722/4757/7468 3726/4760/7468 3725/4758/7468
f 3723/4759/7469 3727/4763/7469 3726/4760/7469
f 3725/4758/7470 3729/4762/7470 3728/4761/7470
f 3726/4760/7471 3730/4764/7471 3729/4762/7471
f 3727/4763/7472 3731/4772/7472 3730/4764/7472
f 3716/4751/7473 3717/4750/7473 3703/4741/7473
f 3717/4750/7474 3718/4752/7474 3707/4766/7474
f 3729/4762/7475 3715/4768/7475 3711/4767/7475
f 3730/4764/7476 3719/4753/7476 3715/4768/7476
f 3705/4740/7477 3727/4770/7477 3723/4769/7477
f 3706/4742/7478 3731/4772/7478 3727/4770/7478
f 3706/4742/7479 3707/4766/7479 3695/4771/7479
f 3718/4752/7480 3719/4753/7480 3695/4771/7480
f 3730/4764/7481 3731/4772/7481 3695/4771/7481
f 266/4773/7482 3696/4734/7482 861/4774/7482
f 265/4775/7483 3697/4732/7483 3696/4734/7483
f 264/4776/7484 3698/4735/7484 3697/4732/7484
f 263/4777/7485 3699/4737/7485 3698/4735/7485
f 3696/4734/7486 3700/4733/7486 860/4778/7486
f 3700/4733/7487 3704/4739/7487 859/4779/7487
f 3704/4739/7488 3723/4769/7488 858/4723/7488
f 281/4780/7489 3708/4745/7489 260/4781/7489
f 282/4783/7490 3709/4743/7490 3708/4745/7490
f 283/4784/7491 3710/4748/7491 3709/4743/7491
f 283/4784/7492 284/4794/7492 3711/4785/7492
f 3708/4745/7493 3712/4744/7493 261/4786/7493
f 3712/4744/7494 3716/4751/7494 262/4787/7494
f 262/4787/7495 3716/4751/7495 3699/4765/7495
f 855/4788/7496 3720/4756/7496 287/4789/7496
f 856/4730/7497 3721/4754/7497 3720/4756/7497
f 857/4790/7498 3722/4757/7498 3721/4754/7498
f 858/4791/7499 3723/4759/7499 3722/4757/7499
f 3720/4756/7500 3724/4755/7500 286/4792/7500
f 3724/4755/7501 3728/4761/7501 285/4793/7501
f 3728/4761/7502 3711/4767/7502 284/4794/7502
f 3734/4795/7503 3738/4799/7503 3737/4796/7503
f 3735/4798/7504 3739/4801/7504 3738/4799/7504
f 3736/4800/7505 3740/4804/7505 3739/4801/7505
f 3738/4799/7506 3742/4803/7506 3741/4802/7506
f 3739/4801/7507 3743/4805/7507 3742/4803/7507
f 3740/4804/7508 3744/4836/7508 3743/4805/7508
f 3746/4806/7509 3750/4810/7509 3749/4807/7509
f 3747/4809/7510 3751/4812/7510 3750/4810/7510
f 3748/4811/7511 3752/4815/7511 3751/4812/7511
f 3750/4810/7512 3754/4814/7512 3753/4813/7512
f 3751/4812/7513 3755/4816/7513 3754/4814/7513
f 3752/4815/7514 3756/4832/7514 3755/4816/7514
f 3758/4817/7515 3762/4821/7515 3761/4818/7515
f 3758/4817/7516 3759/4822/7516 3763/4820/7516
f 3759/4822/7517 3760/4855/7517 3764/4823/7517
f 3761/4818/7518 3762/4821/7518 3766/4824/7518
f 3762/4821/7519 3763/4820/7519 3767/4826/7519
f 3763/4820/7520 3764/4823/7520 3768/4827/7520
f 3754/4814/7521 3740/4829/7521 3736/4828/7521
f 3755/4816/7522 3744/4836/7522 3740/4829/7522
f 3765/4825/7523 3766/4824/7523 3752/4830/7523
f 3766/4824/7524 3767/4826/7524 3756/4832/7524
f 3742/4803/7525 3764/4834/7525 3760/4833/7525
f 3743/4805/7526 3768/4827/7526 3764/4834/7526
f 3743/4805/7527 3744/4836/7527 3732/4835/7527
f 3755/4816/7528 3756/4832/7528 3732/4835/7528
f 3767/4826/7529 3768/4827/7529 3732/4835/7529
f 862/4837/7530 3733/4797/7530 259/4838/7530
f 863/4839/7531 3734/4795/7531 3733/4797/7531
f 864/4840/7532 3735/4798/7532 3734/4795/7532
f 865/4841/7533 3736/4800/7533 3735/4798/7533
f 3733/4797/7534 3737/4796/7534 258/4842/7534
f 3737/4796/7535 3741/4802/7535 257/4843/7535
f 3741/4802/7536 3760/4833/7536 256/4844/7536
f 57/4845/7537 3745/4808/7537 868/4846/7537
f 58/450/7538 3746/4806/7538 3745/4808/7538
f 59/4847/7539 3747/4809/7539 3746/4806/7539
f 60/4848/7540 3748/4811/7540 3747/4809/7540
f 3745/4808/7541 3749/4807/7541 867/4849/7541
f 3749/4807/7542 3753/4813/7542 866/4850/7542
f 3753/4813/7543 3736/4828/7543 865/4841/7543
f 253/4851/7544 3757/4819/7544 63/4852/7544
f 254/4853/7545 3758/4817/7545 3757/4819/7545
f 255/4854/7546 3759/4822/7546 3758/4817/7546
f 255/4854/7547 256/5007/7547 3760/4855/7547
f 3757/4819/7548 3761/4818/7548 62/4856/7548
f 3761/4818/7549 3765/4825/7549 61/440/7549
f 61/440/7550 3765/4825/7550 3748/4831/7550
f 3771/4857/7551 3775/4861/7551 3774/4858/7551
f 3772/4860/7552 3776/4863/7552 3775/4861/7552
f 3773/4862/7553 3777/4866/7553 3776/4863/7553
f 3775/4861/7554 3779/4865/7554 3778/4864/7554
f 3776/4863/7555 3780/4867/7555 3779/4865/7555
f 3777/4866/7556 3781/4895/7556 3780/4867/7556
f 3783/4868/7557 3787/4872/7557 3786/4869/7557
f 3784/4871/7558 3788/4874/7558 3787/4872/7558
f 3785/4873/3753 3789/4877/3753 3788/4874/3753
f 3787/4872/7559 3791/4876/7559 3790/4875/7559
f 3788/4874/7560 3792/4878/7560 3791/4876/7560
f 3789/4877/7561 3793/4896/7561 3792/4878/7561
f 3795/4879/7562 3799/4883/7562 3798/4880/7562
f 3796/4882/7563 3800/4885/7563 3799/4883/7563
f 3797/4884/7564 3801/4888/7564 3800/4885/7564
f 3799/4883/7565 3803/4887/7565 3802/4886/7565
f 3800/4885/7566 3804/4889/7566 3803/4887/7566
f 3801/4888/7567 3805/4894/7567 3804/4889/7567
f 3791/4876/7568 3777/4890/7568 3773/4862/7568
f 3792/4878/7569 3781/4895/7569 3777/4890/7569
f 3803/4887/7570 3789/4877/7570 3785/4891/7570
f 3804/4889/7571 3793/4896/7571 3789/4877/7571
f 3779/4865/3767 3801/4888/3767 3797/4892/3767
f 3780/4867/7572 3805/4894/7572 3801/4888/7572
f 3780/4867/7573 3781/4895/7573 3769/4893/7573
f 3792/4878/7574 3793/4896/7574 3769/4893/7574
f 3804/4889/7575 3805/4894/7575 3769/4893/7575
f 869/4897/7576 3770/4859/7576 862/4837/7576
f 870/4898/7577 3771/4857/7577 3770/4859/7577
f 871/4899/7578 3772/4860/7578 3771/4857/7578
f 872/66/7579 3773/4862/7579 3772/4860/7579
f 3770/4859/7580 3774/4858/7580 863/4900/7580
f 3774/4858/7581 3778/4864/7581 864/4840/7581
f 3778/4864/7582 3797/4892/7582 865/4841/7582
f 882/4901/7583 3782/4870/7583 875/4902/7583
f 881/4903/7584 3783/4868/7584 3782/4870/7584
f 880/4904/7585 3784/4871/7585 3783/4868/7585
f 879/4905/7586 3785/4873/7586 3784/4871/7586
f 3782/4870/7587 3786/4869/7587 874/53/7587
f 3786/4869/7588 3790/4875/7588 873/4906/7588
f 3790/4875/7589 3773/4862/7589 872/4907/7589
f 868/4908/7590 3794/4881/7590 876/4909/7590
f 867/4910/7591 3795/4879/7591 3794/4881/7591
f 866/4850/7592 3796/4882/7592 3795/4879/7592
f 865/4841/7593 3797/4884/7593 3796/4882/7593
f 3794/4881/7594 3798/4880/7594 877/4911/7594
f 3798/4880/7595 3802/4886/7595 878/4912/7595
f 3802/4886/7596 3785/4891/7596 879/4905/7596
f 3808/4913/7597 3812/4917/7597 3811/4914/7597
f 3809/4916/7598 3813/4919/7598 3812/4917/7598
f 3810/4918/7599 3814/4922/7599 3813/4919/7599
f 3812/4917/7600 3816/4921/7600 3815/4920/7600
f 3813/4919/7601 3817/4923/7601 3816/4921/7601
f 3814/4922/7602 3818/4947/7602 3817/4923/7602
f 3820/4924/7603 3824/4928/7603 3823/4925/7603
f 3820/4924/7604 3821/4929/7604 3825/4927/7604
f 3821/4929/7605 3822/4948/7605 3826/4930/7605
f 3823/4925/7606 3824/4928/7606 3828/4931/7606
f 3824/4928/7607 3825/4927/7607 3829/4933/7607
f 3825/4927/7608 3826/4930/7608 3830/4934/7608
f 3832/4935/7609 3836/4939/7609 3835/4936/7609
f 3833/4938/7610 3837/4941/7610 3836/4939/7610
f 3834/4940/7611 3838/4944/7611 3837/4941/7611
f 3836/4939/7612 3840/4943/7612 3839/4942/7612
f 3837/4941/7613 3841/4945/7613 3840/4943/7613
f 3838/4944/7614 3842/4953/7614 3841/4945/7614
f 3827/4932/7615 3828/4931/7615 3814/4922/7615
f 3828/4931/7616 3829/4933/7616 3818/4947/7616
f 3840/4943/7617 3826/4949/7617 3822/4948/7617
f 3841/4945/7618 3830/4934/7618 3826/4949/7618
f 3816/4921/7619 3838/4951/7619 3834/4950/7619
f 3817/4923/7620 3842/4953/7620 3838/4951/7620
f 3817/4923/7621 3818/4947/7621 3806/4952/7621
f 3829/4933/7622 3830/4934/7622 3806/4952/7622
f 3841/4945/7623 3842/4953/7623 3806/4952/7623
f 50/4954/7624 3807/4915/7624 882/4955/7624
f 51/4956/7625 3808/4913/7625 3807/4915/7625
f 52/4957/7626 3809/4916/7626 3808/4913/7626
f 53/4958/7627 3810/4918/7627 3809/4916/7627
f 3807/4915/7628 3811/4914/7628 881/4959/7628
f 3811/4914/7629 3815/4920/7629 880/4960/7629
f 3815/4920/7630 3834/4950/7630 879/4961/7630
f 267/4962/7631 3819/4926/7631 56/4963/7631
f 268/4964/7632 3820/4924/7632 3819/4926/7632
f 269/4965/7633 3821/4929/7633 3820/4924/7633
f 269/4965/7634 270/5008/7634 3822/4948/7634
f 3819/4926/7635 3823/4925/7635 55/4966/7635
f 3823/4925/7636 3827/4932/7636 54/4967/7636
f 54/4967/7637 3827/4932/7637 3810/4946/7637
f 876/4969/7638 3831/4937/7638 273/4970/7638
f 877/4971/7639 3832/4935/7639 3831/4937/7639
f 878/4972/7640 3833/4938/7640 3832/4935/7640
f 879/4973/7641 3834/4940/7641 3833/4938/7641
f 3831/4937/7642 3835/4936/7642 272/4974/7642
f 3835/4936/7643 3839/4942/7643 271/4975/7643
f 3839/4942/7644 3822/4948/7644 270/3867/7644
